family,gotript,gobookt,numiworks,stayviaowner,TOTAL
OTHER: abu-dhabi-vs-dubai,1,0,1,0,2
OTHER: alaska-cruises,1,0,0,0,1
OTHER: amsterdam-vs-copenhagen,1,0,1,0,2
OTHER: asia-cruises,1,0,0,0,1
OTHER: athens-vs-santorini,1,0,1,0,2
OTHER: auckland-vs-queenstown,1,0,1,0,2
OTHER: bali-vs-phuket,1,0,1,0,2
OTHER: bangkok-vs-chiang-mai,1,0,1,0,2
OTHER: bangkok-vs-singapore,1,0,1,0,2
OTHER: barcelona-vs-lisbon,1,0,1,0,2
OTHER: barcelona-vs-madrid,1,0,1,0,2
OTHER: beach-houses,1,1,0,1,3
OTHER: beach-villas,1,1,0,1,3
OTHER: berlin-vs-munich,1,0,1,0,2
OTHER: berlin-vs-prague,1,0,1,0,2
OTHER: budapest-vs-prague,1,0,1,0,2
OTHER: budapest-vs-vienna,1,0,1,0,2
OTHER: buenos-aires-vs-rio-de-janeiro,1,0,1,0,2
OTHER: cabins,1,1,0,1,3
OTHER: cancun-vs-mexico-city,1,0,1,0,2
OTHER: cancun-vs-tulum,1,0,1,0,2
OTHER: cape-town-vs-marrakech,1,0,1,0,2
OTHER: caribbean-cruises,1,0,0,0,1
OTHER: chalets,1,1,0,1,3
OTHER: chicago-vs-new-york,1,0,1,0,2
OTHER: condos,1,1,0,1,3
OTHER: copenhagen-vs-stockholm,1,0,1,0,2
OTHER: cottages,1,1,0,1,3
OTHER: dublin-vs-edinburgh,1,0,1,0,2
OTHER: edinburgh-vs-london,1,0,1,0,2
OTHER: family-villas,1,1,0,1,3
OTHER: farmhouses,1,1,0,1,3
OTHER: florence-vs-milan,1,0,1,0,2
OTHER: florence-vs-rome,1,0,1,0,2
OTHER: florence-vs-venice,1,0,1,0,2
OTHER: glamping,1,1,0,1,3
OTHER: hanoi-vs-ho-chi-minh-city,1,0,1,0,2
OTHER: hong-kong-vs-singapore,1,0,1,0,2
OTHER: hotels/adults-only-hotels-in-abu-dhabi,0,1,0,0,1
OTHER: hotels/adults-only-hotels-in-agra,0,1,0,0,1
OTHER: hotels/adults-only-hotels-in-amman,0,1,0,0,1
OTHER: hotels/adults-only-hotels-in-amsterdam,0,1,0,0,1
OTHER: hotels/adults-only-hotels-in-antwerp,0,1,0,0,1
OTHER: hotels/adults-only-hotels-in-athens,0,1,0,0,1
OTHER: hotels/adults-only-hotels-in-auckland,0,1,0,0,1
OTHER: hotels/adults-only-hotels-in-austin,0,1,0,0,1
OTHER: hotels/adults-only-hotels-in-bali,0,1,0,0,1
OTHER: hotels/adults-only-hotels-in-banff,0,1,0,0,1
OTHER: hotels/adults-only-hotels-in-bangkok,0,1,0,0,1
OTHER: hotels/adults-only-hotels-in-barcelona,0,1,0,0,1
OTHER: hotels/adults-only-hotels-in-basel,0,1,0,0,1
OTHER: hotels/adults-only-hotels-in-beijing,0,1,0,0,1
OTHER: hotels/adults-only-hotels-in-bergen,0,1,0,0,1
OTHER: hotels/adults-only-hotels-in-berlin,0,1,0,0,1
OTHER: hotels/adults-only-hotels-in-bern,0,1,0,0,1
OTHER: hotels/adults-only-hotels-in-blue-ridge,0,1,0,0,1
OTHER: hotels/adults-only-hotels-in-bogota,0,1,0,0,1
OTHER: hotels/adults-only-hotels-in-bologna,0,1,0,0,1
OTHER: hotels/adults-only-hotels-in-bora-bora,0,1,0,0,1
OTHER: hotels/adults-only-hotels-in-boracay,0,1,0,0,1
OTHER: hotels/adults-only-hotels-in-bordeaux,0,1,0,0,1
OTHER: hotels/adults-only-hotels-in-boston,0,1,0,0,1
OTHER: hotels/adults-only-hotels-in-brisbane,0,1,0,0,1
OTHER: hotels/adults-only-hotels-in-broken-bow,0,1,0,0,1
OTHER: hotels/adults-only-hotels-in-bruges,0,1,0,0,1
OTHER: hotels/adults-only-hotels-in-brussels,0,1,0,0,1
OTHER: hotels/adults-only-hotels-in-bucharest,0,1,0,0,1
OTHER: hotels/adults-only-hotels-in-budapest,0,1,0,0,1
OTHER: hotels/adults-only-hotels-in-buenos-aires,0,1,0,0,1
OTHER: hotels/adults-only-hotels-in-busan,0,1,0,0,1
OTHER: hotels/adults-only-hotels-in-cabo-san-lucas,0,1,0,0,1
OTHER: hotels/adults-only-hotels-in-cairns,0,1,0,0,1
OTHER: hotels/adults-only-hotels-in-cairo,0,1,0,0,1
OTHER: hotels/adults-only-hotels-in-cancun,0,1,0,0,1
OTHER: hotels/adults-only-hotels-in-cape-town,0,1,0,0,1
OTHER: hotels/adults-only-hotels-in-cappadocia,0,1,0,0,1
OTHER: hotels/adults-only-hotels-in-cartagena,0,1,0,0,1
OTHER: hotels/adults-only-hotels-in-casablanca,0,1,0,0,1
OTHER: hotels/adults-only-hotels-in-cebu,0,1,0,0,1
OTHER: hotels/adults-only-hotels-in-charleston,0,1,0,0,1
OTHER: hotels/adults-only-hotels-in-chefchaouen,0,1,0,0,1
OTHER: hotels/adults-only-hotels-in-chiang-mai,0,1,0,0,1
OTHER: hotels/adults-only-hotels-in-chicago,0,1,0,0,1
OTHER: hotels/adults-only-hotels-in-cinque-terre,0,1,0,0,1
OTHER: hotels/adults-only-hotels-in-cologne,0,1,0,0,1
OTHER: hotels/adults-only-hotels-in-colombo,0,1,0,0,1
OTHER: hotels/adults-only-hotels-in-copenhagen,0,1,0,0,1
OTHER: hotels/adults-only-hotels-in-corfu,0,1,0,0,1
OTHER: hotels/adults-only-hotels-in-crete,0,1,0,0,1
OTHER: hotels/adults-only-hotels-in-cusco,0,1,0,0,1
OTHER: hotels/adults-only-hotels-in-da-nang,0,1,0,0,1
OTHER: hotels/adults-only-hotels-in-delhi,0,1,0,0,1
OTHER: hotels/adults-only-hotels-in-denver,0,1,0,0,1
OTHER: hotels/adults-only-hotels-in-destin,0,1,0,0,1
OTHER: hotels/adults-only-hotels-in-doha,0,1,0,0,1
OTHER: hotels/adults-only-hotels-in-dubai,0,1,0,0,1
OTHER: hotels/adults-only-hotels-in-dublin,0,1,0,0,1
OTHER: hotels/adults-only-hotels-in-dubrovnik,0,1,0,0,1
OTHER: hotels/adults-only-hotels-in-edinburgh,0,1,0,0,1
OTHER: hotels/adults-only-hotels-in-el-nido,0,1,0,0,1
OTHER: hotels/adults-only-hotels-in-fes,0,1,0,0,1
OTHER: hotels/adults-only-hotels-in-florence,0,1,0,0,1
OTHER: hotels/adults-only-hotels-in-fukuoka,0,1,0,0,1
OTHER: hotels/adults-only-hotels-in-gatlinburg,0,1,0,0,1
OTHER: hotels/adults-only-hotels-in-geneva,0,1,0,0,1
OTHER: hotels/adults-only-hotels-in-goa,0,1,0,0,1
OTHER: hotels/adults-only-hotels-in-gold-coast,0,1,0,0,1
OTHER: hotels/adults-only-hotels-in-granada,0,1,0,0,1
OTHER: hotels/adults-only-hotels-in-grindelwald,0,1,0,0,1
OTHER: hotels/adults-only-hotels-in-hakone,0,1,0,0,1
OTHER: hotels/adults-only-hotels-in-hallstatt,0,1,0,0,1
OTHER: hotels/adults-only-hotels-in-hamburg,0,1,0,0,1
OTHER: hotels/adults-only-hotels-in-hanoi,0,1,0,0,1
OTHER: hotels/adults-only-hotels-in-havana,0,1,0,0,1
OTHER: hotels/adults-only-hotels-in-helsinki,0,1,0,0,1
OTHER: hotels/adults-only-hotels-in-hiroshima,0,1,0,0,1
OTHER: hotels/adults-only-hotels-in-ho-chi-minh-city,0,1,0,0,1
OTHER: hotels/adults-only-hotels-in-hoi-an,0,1,0,0,1
OTHER: hotels/adults-only-hotels-in-hong-kong,0,1,0,0,1
OTHER: hotels/adults-only-hotels-in-honolulu,0,1,0,0,1
OTHER: hotels/adults-only-hotels-in-hue,0,1,0,0,1
OTHER: hotels/adults-only-hotels-in-ibiza,0,1,0,0,1
OTHER: hotels/adults-only-hotels-in-innsbruck,0,1,0,0,1
OTHER: hotels/adults-only-hotels-in-interlaken,0,1,0,0,1
OTHER: hotels/adults-only-hotels-in-istanbul,0,1,0,0,1
OTHER: hotels/adults-only-hotels-in-jaipur,0,1,0,0,1
OTHER: hotels/adults-only-hotels-in-jeju,0,1,0,0,1
OTHER: hotels/adults-only-hotels-in-jodhpur,0,1,0,0,1
OTHER: hotels/adults-only-hotels-in-johannesburg,0,1,0,0,1
OTHER: hotels/adults-only-hotels-in-kanazawa,0,1,0,0,1
OTHER: hotels/adults-only-hotels-in-kandy,0,1,0,0,1
OTHER: hotels/adults-only-hotels-in-kathmandu,0,1,0,0,1
OTHER: hotels/adults-only-hotels-in-koh-samui,0,1,0,0,1
OTHER: hotels/adults-only-hotels-in-krabi,0,1,0,0,1
OTHER: hotels/adults-only-hotels-in-krakow,0,1,0,0,1
OTHER: hotels/adults-only-hotels-in-kuala-lumpur,0,1,0,0,1
OTHER: hotels/adults-only-hotels-in-kyoto,0,1,0,0,1
OTHER: hotels/adults-only-hotels-in-lake-bled,0,1,0,0,1
OTHER: hotels/adults-only-hotels-in-lake-como,0,1,0,0,1
OTHER: hotels/adults-only-hotels-in-lake-tahoe,0,1,0,0,1
OTHER: hotels/adults-only-hotels-in-langkawi,0,1,0,0,1
OTHER: hotels/adults-only-hotels-in-las-vegas,0,1,0,0,1
OTHER: hotels/adults-only-hotels-in-lauterbrunnen,0,1,0,0,1
OTHER: hotels/adults-only-hotels-in-lima,0,1,0,0,1
OTHER: hotels/adults-only-hotels-in-lisbon,0,1,0,0,1
OTHER: hotels/adults-only-hotels-in-london,0,1,0,0,1
OTHER: hotels/adults-only-hotels-in-los-angeles,0,1,0,0,1
OTHER: hotels/adults-only-hotels-in-luang-prabang,0,1,0,0,1
OTHER: hotels/adults-only-hotels-in-lucerne,0,1,0,0,1
OTHER: hotels/adults-only-hotels-in-lugano,0,1,0,0,1
OTHER: hotels/adults-only-hotels-in-luxor,0,1,0,0,1
OTHER: hotels/adults-only-hotels-in-lyon,0,1,0,0,1
OTHER: hotels/adults-only-hotels-in-madeira,0,1,0,0,1
OTHER: hotels/adults-only-hotels-in-madrid,0,1,0,0,1
OTHER: hotels/adults-only-hotels-in-malaga,0,1,0,0,1
OTHER: hotels/adults-only-hotels-in-maldives,0,1,0,0,1
OTHER: hotels/adults-only-hotels-in-mallorca,0,1,0,0,1
OTHER: hotels/adults-only-hotels-in-manila,0,1,0,0,1
OTHER: hotels/adults-only-hotels-in-marrakech,0,1,0,0,1
OTHER: hotels/adults-only-hotels-in-marseille,0,1,0,0,1
OTHER: hotels/adults-only-hotels-in-matera,0,1,0,0,1
OTHER: hotels/adults-only-hotels-in-maui,0,1,0,0,1
OTHER: hotels/adults-only-hotels-in-mauritius,0,1,0,0,1
OTHER: hotels/adults-only-hotels-in-medellin,0,1,0,0,1
OTHER: hotels/adults-only-hotels-in-melbourne,0,1,0,0,1
OTHER: hotels/adults-only-hotels-in-merida,0,1,0,0,1
OTHER: hotels/adults-only-hotels-in-mexico-city,0,1,0,0,1
OTHER: hotels/adults-only-hotels-in-miami,0,1,0,0,1
OTHER: hotels/adults-only-hotels-in-milan,0,1,0,0,1
OTHER: hotels/adults-only-hotels-in-montreal,0,1,0,0,1
OTHER: hotels/adults-only-hotels-in-montreux,0,1,0,0,1
OTHER: hotels/adults-only-hotels-in-mumbai,0,1,0,0,1
OTHER: hotels/adults-only-hotels-in-munich,0,1,0,0,1
OTHER: hotels/adults-only-hotels-in-murren,0,1,0,0,1
OTHER: hotels/adults-only-hotels-in-muscat,0,1,0,0,1
OTHER: hotels/adults-only-hotels-in-mykonos,0,1,0,0,1
OTHER: hotels/adults-only-hotels-in-myrtle-beach,0,1,0,0,1
OTHER: hotels/adults-only-hotels-in-nadi,0,1,0,0,1
OTHER: hotels/adults-only-hotels-in-nairobi,0,1,0,0,1
OTHER: hotels/adults-only-hotels-in-naples,0,1,0,0,1
OTHER: hotels/adults-only-hotels-in-nara,0,1,0,0,1
OTHER: hotels/adults-only-hotels-in-nashville,0,1,0,0,1
OTHER: hotels/adults-only-hotels-in-new-orleans,0,1,0,0,1
OTHER: hotels/adults-only-hotels-in-new-york,0,1,0,0,1
OTHER: hotels/adults-only-hotels-in-nice,0,1,0,0,1
OTHER: hotels/adults-only-hotels-in-oaxaca,0,1,0,0,1
OTHER: hotels/adults-only-hotels-in-okinawa,0,1,0,0,1
OTHER: hotels/adults-only-hotels-in-orlando,0,1,0,0,1
OTHER: hotels/adults-only-hotels-in-osaka,0,1,0,0,1
OTHER: hotels/adults-only-hotels-in-oslo,0,1,0,0,1
OTHER: hotels/adults-only-hotels-in-outer-banks,0,1,0,0,1
OTHER: hotels/adults-only-hotels-in-palermo,0,1,0,0,1
OTHER: hotels/adults-only-hotels-in-palm-springs,0,1,0,0,1
OTHER: hotels/adults-only-hotels-in-panama-city,0,1,0,0,1
OTHER: hotels/adults-only-hotels-in-paris,0,1,0,0,1
OTHER: hotels/adults-only-hotels-in-pattaya,0,1,0,0,1
OTHER: hotels/adults-only-hotels-in-penang,0,1,0,0,1
OTHER: hotels/adults-only-hotels-in-perth,0,1,0,0,1
OTHER: hotels/adults-only-hotels-in-petra,0,1,0,0,1
OTHER: hotels/adults-only-hotels-in-phuket,0,1,0,0,1
OTHER: hotels/adults-only-hotels-in-playa-del-carmen,0,1,0,0,1
OTHER: hotels/adults-only-hotels-in-pokhara,0,1,0,0,1
OTHER: hotels/adults-only-hotels-in-porto,0,1,0,0,1
OTHER: hotels/adults-only-hotels-in-positano,0,1,0,0,1
OTHER: hotels/adults-only-hotels-in-prague,0,1,0,0,1
OTHER: hotels/adults-only-hotels-in-puerto-vallarta,0,1,0,0,1
OTHER: hotels/adults-only-hotels-in-quebec-city,0,1,0,0,1
OTHER: hotels/adults-only-hotels-in-queenstown,0,1,0,0,1
OTHER: hotels/adults-only-hotels-in-quito,0,1,0,0,1
OTHER: hotels/adults-only-hotels-in-reykjavik,0,1,0,0,1
OTHER: hotels/adults-only-hotels-in-rhodes,0,1,0,0,1
OTHER: hotels/adults-only-hotels-in-rio-de-janeiro,0,1,0,0,1
OTHER: hotels/adults-only-hotels-in-rome,0,1,0,0,1
OTHER: hotels/adults-only-hotels-in-salzburg,0,1,0,0,1
OTHER: hotels/adults-only-hotels-in-san-diego,0,1,0,0,1
OTHER: hotels/adults-only-hotels-in-san-francisco,0,1,0,0,1
OTHER: hotels/adults-only-hotels-in-san-juan,0,1,0,0,1
OTHER: hotels/adults-only-hotels-in-san-miguel-de-allende,0,1,0,0,1
OTHER: hotels/adults-only-hotels-in-san-sebastian,0,1,0,0,1
OTHER: hotels/adults-only-hotels-in-santiago,0,1,0,0,1
OTHER: hotels/adults-only-hotels-in-santorini,0,1,0,0,1
OTHER: hotels/adults-only-hotels-in-sapporo,0,1,0,0,1
OTHER: hotels/adults-only-hotels-in-savannah,0,1,0,0,1
OTHER: hotels/adults-only-hotels-in-scottsdale,0,1,0,0,1
OTHER: hotels/adults-only-hotels-in-seattle,0,1,0,0,1
OTHER: hotels/adults-only-hotels-in-seoul,0,1,0,0,1
OTHER: hotels/adults-only-hotels-in-seville,0,1,0,0,1
OTHER: hotels/adults-only-hotels-in-shanghai,0,1,0,0,1
OTHER: hotels/adults-only-hotels-in-sharm-el-sheikh,0,1,0,0,1
OTHER: hotels/adults-only-hotels-in-siem-reap,0,1,0,0,1
OTHER: hotels/adults-only-hotels-in-singapore,0,1,0,0,1
OTHER: hotels/adults-only-hotels-in-sintra,0,1,0,0,1
OTHER: hotels/adults-only-hotels-in-sorrento,0,1,0,0,1
OTHER: hotels/adults-only-hotels-in-split,0,1,0,0,1
OTHER: hotels/adults-only-hotels-in-st-moritz,0,1,0,0,1
OTHER: hotels/adults-only-hotels-in-stockholm,0,1,0,0,1
OTHER: hotels/adults-only-hotels-in-strasbourg,0,1,0,0,1
OTHER: hotels/adults-only-hotels-in-sydney,0,1,0,0,1
OTHER: hotels/adults-only-hotels-in-taipei,0,1,0,0,1
OTHER: hotels/adults-only-hotels-in-tallinn,0,1,0,0,1
OTHER: hotels/adults-only-hotels-in-tel-aviv,0,1,0,0,1
OTHER: hotels/adults-only-hotels-in-texas-hill-country,0,1,0,0,1
OTHER: hotels/adults-only-hotels-in-tokyo,0,1,0,0,1
OTHER: hotels/adults-only-hotels-in-toronto,0,1,0,0,1
OTHER: hotels/adults-only-hotels-in-tulum,0,1,0,0,1
OTHER: hotels/adults-only-hotels-in-udaipur,0,1,0,0,1
OTHER: hotels/adults-only-hotels-in-ushuaia,0,1,0,0,1
OTHER: hotels/adults-only-hotels-in-valencia,0,1,0,0,1
OTHER: hotels/adults-only-hotels-in-vancouver,0,1,0,0,1
OTHER: hotels/adults-only-hotels-in-varanasi,0,1,0,0,1
OTHER: hotels/adults-only-hotels-in-venice,0,1,0,0,1
OTHER: hotels/adults-only-hotels-in-verona,0,1,0,0,1
OTHER: hotels/adults-only-hotels-in-victoria-falls,0,1,0,0,1
OTHER: hotels/adults-only-hotels-in-vienna,0,1,0,0,1
OTHER: hotels/adults-only-hotels-in-warsaw,0,1,0,0,1
OTHER: hotels/adults-only-hotels-in-washington-dc,0,1,0,0,1
OTHER: hotels/adults-only-hotels-in-wellington,0,1,0,0,1
OTHER: hotels/adults-only-hotels-in-wengen,0,1,0,0,1
OTHER: hotels/adults-only-hotels-in-whistler,0,1,0,0,1
OTHER: hotels/adults-only-hotels-in-yogyakarta,0,1,0,0,1
OTHER: hotels/adults-only-hotels-in-zanzibar,0,1,0,0,1
OTHER: hotels/adults-only-hotels-in-zermatt,0,1,0,0,1
OTHER: hotels/adults-only-hotels-in-zurich,0,1,0,0,1
OTHER: hotels/all-inclusive-resorts-in-bali,0,1,0,0,1
OTHER: hotels/all-inclusive-resorts-in-boracay,0,1,0,0,1
OTHER: hotels/all-inclusive-resorts-in-cancun,0,1,0,0,1
OTHER: hotels/all-inclusive-resorts-in-cape-town,0,1,0,0,1
OTHER: hotels/all-inclusive-resorts-in-cinque-terre,0,1,0,0,1
OTHER: hotels/all-inclusive-resorts-in-crete,0,1,0,0,1
OTHER: hotels/all-inclusive-resorts-in-dubai,0,1,0,0,1
OTHER: hotels/all-inclusive-resorts-in-dubrovnik,0,1,0,0,1
OTHER: hotels/all-inclusive-resorts-in-el-nido,0,1,0,0,1
OTHER: hotels/all-inclusive-resorts-in-goa,0,1,0,0,1
OTHER: hotels/all-inclusive-resorts-in-honolulu,0,1,0,0,1
OTHER: hotels/all-inclusive-resorts-in-ibiza,0,1,0,0,1
OTHER: hotels/all-inclusive-resorts-in-koh-samui,0,1,0,0,1
OTHER: hotels/all-inclusive-resorts-in-lake-como,0,1,0,0,1
OTHER: hotels/all-inclusive-resorts-in-langkawi,0,1,0,0,1
OTHER: hotels/all-inclusive-resorts-in-mallorca,0,1,0,0,1
OTHER: hotels/all-inclusive-resorts-in-marrakech,0,1,0,0,1
OTHER: hotels/all-inclusive-resorts-in-maui,0,1,0,0,1
OTHER: hotels/all-inclusive-resorts-in-mykonos,0,1,0,0,1
OTHER: hotels/all-inclusive-resorts-in-nice,0,1,0,0,1
OTHER: hotels/all-inclusive-resorts-in-phuket,0,1,0,0,1
OTHER: hotels/all-inclusive-resorts-in-positano,0,1,0,0,1
OTHER: hotels/all-inclusive-resorts-in-santorini,0,1,0,0,1
OTHER: hotels/all-inclusive-resorts-in-sorrento,0,1,0,0,1
OTHER: hotels/all-inclusive-resorts-in-st-moritz,0,1,0,0,1
OTHER: hotels/all-inclusive-resorts-in-tulum,0,1,0,0,1
OTHER: hotels/all-inclusive-resorts-in-zanzibar,0,1,0,0,1
OTHER: hotels/business-hotels-in-abu-dhabi,0,1,0,0,1
OTHER: hotels/business-hotels-in-agra,0,1,0,0,1
OTHER: hotels/business-hotels-in-amman,0,1,0,0,1
OTHER: hotels/business-hotels-in-amsterdam,0,1,0,0,1
OTHER: hotels/business-hotels-in-antwerp,0,1,0,0,1
OTHER: hotels/business-hotels-in-athens,0,1,0,0,1
OTHER: hotels/business-hotels-in-auckland,0,1,0,0,1
OTHER: hotels/business-hotels-in-austin,0,1,0,0,1
OTHER: hotels/business-hotels-in-bali,0,1,0,0,1
OTHER: hotels/business-hotels-in-banff,0,1,0,0,1
OTHER: hotels/business-hotels-in-bangkok,0,1,0,0,1
OTHER: hotels/business-hotels-in-barcelona,0,1,0,0,1
OTHER: hotels/business-hotels-in-basel,0,1,0,0,1
OTHER: hotels/business-hotels-in-beijing,0,1,0,0,1
OTHER: hotels/business-hotels-in-bergen,0,1,0,0,1
OTHER: hotels/business-hotels-in-berlin,0,1,0,0,1
OTHER: hotels/business-hotels-in-bern,0,1,0,0,1
OTHER: hotels/business-hotels-in-blue-ridge,0,1,0,0,1
OTHER: hotels/business-hotels-in-bogota,0,1,0,0,1
OTHER: hotels/business-hotels-in-bologna,0,1,0,0,1
OTHER: hotels/business-hotels-in-bora-bora,0,1,0,0,1
OTHER: hotels/business-hotels-in-boracay,0,1,0,0,1
OTHER: hotels/business-hotels-in-bordeaux,0,1,0,0,1
OTHER: hotels/business-hotels-in-boston,0,1,0,0,1
OTHER: hotels/business-hotels-in-brisbane,0,1,0,0,1
OTHER: hotels/business-hotels-in-broken-bow,0,1,0,0,1
OTHER: hotels/business-hotels-in-bruges,0,1,0,0,1
OTHER: hotels/business-hotels-in-brussels,0,1,0,0,1
OTHER: hotels/business-hotels-in-bucharest,0,1,0,0,1
OTHER: hotels/business-hotels-in-budapest,0,1,0,0,1
OTHER: hotels/business-hotels-in-buenos-aires,0,1,0,0,1
OTHER: hotels/business-hotels-in-busan,0,1,0,0,1
OTHER: hotels/business-hotels-in-cabo-san-lucas,0,1,0,0,1
OTHER: hotels/business-hotels-in-cairns,0,1,0,0,1
OTHER: hotels/business-hotels-in-cairo,0,1,0,0,1
OTHER: hotels/business-hotels-in-cancun,0,1,0,0,1
OTHER: hotels/business-hotels-in-cape-town,0,1,0,0,1
OTHER: hotels/business-hotels-in-cappadocia,0,1,0,0,1
OTHER: hotels/business-hotels-in-cartagena,0,1,0,0,1
OTHER: hotels/business-hotels-in-casablanca,0,1,0,0,1
OTHER: hotels/business-hotels-in-cebu,0,1,0,0,1
OTHER: hotels/business-hotels-in-charleston,0,1,0,0,1
OTHER: hotels/business-hotels-in-chefchaouen,0,1,0,0,1
OTHER: hotels/business-hotels-in-chiang-mai,0,1,0,0,1
OTHER: hotels/business-hotels-in-chicago,0,1,0,0,1
OTHER: hotels/business-hotels-in-cinque-terre,0,1,0,0,1
OTHER: hotels/business-hotels-in-cologne,0,1,0,0,1
OTHER: hotels/business-hotels-in-colombo,0,1,0,0,1
OTHER: hotels/business-hotels-in-copenhagen,0,1,0,0,1
OTHER: hotels/business-hotels-in-corfu,0,1,0,0,1
OTHER: hotels/business-hotels-in-crete,0,1,0,0,1
OTHER: hotels/business-hotels-in-cusco,0,1,0,0,1
OTHER: hotels/business-hotels-in-da-nang,0,1,0,0,1
OTHER: hotels/business-hotels-in-delhi,0,1,0,0,1
OTHER: hotels/business-hotels-in-denver,0,1,0,0,1
OTHER: hotels/business-hotels-in-destin,0,1,0,0,1
OTHER: hotels/business-hotels-in-doha,0,1,0,0,1
OTHER: hotels/business-hotels-in-dubai,0,1,0,0,1
OTHER: hotels/business-hotels-in-dublin,0,1,0,0,1
OTHER: hotels/business-hotels-in-dubrovnik,0,1,0,0,1
OTHER: hotels/business-hotels-in-edinburgh,0,1,0,0,1
OTHER: hotels/business-hotels-in-el-nido,0,1,0,0,1
OTHER: hotels/business-hotels-in-fes,0,1,0,0,1
OTHER: hotels/business-hotels-in-florence,0,1,0,0,1
OTHER: hotels/business-hotels-in-fukuoka,0,1,0,0,1
OTHER: hotels/business-hotels-in-gatlinburg,0,1,0,0,1
OTHER: hotels/business-hotels-in-geneva,0,1,0,0,1
OTHER: hotels/business-hotels-in-goa,0,1,0,0,1
OTHER: hotels/business-hotels-in-gold-coast,0,1,0,0,1
OTHER: hotels/business-hotels-in-granada,0,1,0,0,1
OTHER: hotels/business-hotels-in-grindelwald,0,1,0,0,1
OTHER: hotels/business-hotels-in-hakone,0,1,0,0,1
OTHER: hotels/business-hotels-in-hallstatt,0,1,0,0,1
OTHER: hotels/business-hotels-in-hamburg,0,1,0,0,1
OTHER: hotels/business-hotels-in-hanoi,0,1,0,0,1
OTHER: hotels/business-hotels-in-havana,0,1,0,0,1
OTHER: hotels/business-hotels-in-helsinki,0,1,0,0,1
OTHER: hotels/business-hotels-in-hiroshima,0,1,0,0,1
OTHER: hotels/business-hotels-in-ho-chi-minh-city,0,1,0,0,1
OTHER: hotels/business-hotels-in-hoi-an,0,1,0,0,1
OTHER: hotels/business-hotels-in-hong-kong,0,1,0,0,1
OTHER: hotels/business-hotels-in-honolulu,0,1,0,0,1
OTHER: hotels/business-hotels-in-hue,0,1,0,0,1
OTHER: hotels/business-hotels-in-ibiza,0,1,0,0,1
OTHER: hotels/business-hotels-in-innsbruck,0,1,0,0,1
OTHER: hotels/business-hotels-in-interlaken,0,1,0,0,1
OTHER: hotels/business-hotels-in-istanbul,0,1,0,0,1
OTHER: hotels/business-hotels-in-jaipur,0,1,0,0,1
OTHER: hotels/business-hotels-in-jeju,0,1,0,0,1
OTHER: hotels/business-hotels-in-jodhpur,0,1,0,0,1
OTHER: hotels/business-hotels-in-johannesburg,0,1,0,0,1
OTHER: hotels/business-hotels-in-kanazawa,0,1,0,0,1
OTHER: hotels/business-hotels-in-kandy,0,1,0,0,1
OTHER: hotels/business-hotels-in-kathmandu,0,1,0,0,1
OTHER: hotels/business-hotels-in-koh-samui,0,1,0,0,1
OTHER: hotels/business-hotels-in-krabi,0,1,0,0,1
OTHER: hotels/business-hotels-in-krakow,0,1,0,0,1
OTHER: hotels/business-hotels-in-kuala-lumpur,0,1,0,0,1
OTHER: hotels/business-hotels-in-kyoto,0,1,0,0,1
OTHER: hotels/business-hotels-in-lake-bled,0,1,0,0,1
OTHER: hotels/business-hotels-in-lake-como,0,1,0,0,1
OTHER: hotels/business-hotels-in-lake-tahoe,0,1,0,0,1
OTHER: hotels/business-hotels-in-langkawi,0,1,0,0,1
OTHER: hotels/business-hotels-in-las-vegas,0,1,0,0,1
OTHER: hotels/business-hotels-in-lauterbrunnen,0,1,0,0,1
OTHER: hotels/business-hotels-in-lima,0,1,0,0,1
OTHER: hotels/business-hotels-in-lisbon,0,1,0,0,1
OTHER: hotels/business-hotels-in-london,0,1,0,0,1
OTHER: hotels/business-hotels-in-los-angeles,0,1,0,0,1
OTHER: hotels/business-hotels-in-luang-prabang,0,1,0,0,1
OTHER: hotels/business-hotels-in-lucerne,0,1,0,0,1
OTHER: hotels/business-hotels-in-lugano,0,1,0,0,1
OTHER: hotels/business-hotels-in-luxor,0,1,0,0,1
OTHER: hotels/business-hotels-in-lyon,0,1,0,0,1
OTHER: hotels/business-hotels-in-madeira,0,1,0,0,1
OTHER: hotels/business-hotels-in-madrid,0,1,0,0,1
OTHER: hotels/business-hotels-in-malaga,0,1,0,0,1
OTHER: hotels/business-hotels-in-maldives,0,1,0,0,1
OTHER: hotels/business-hotels-in-mallorca,0,1,0,0,1
OTHER: hotels/business-hotels-in-manila,0,1,0,0,1
OTHER: hotels/business-hotels-in-marrakech,0,1,0,0,1
OTHER: hotels/business-hotels-in-marseille,0,1,0,0,1
OTHER: hotels/business-hotels-in-matera,0,1,0,0,1
OTHER: hotels/business-hotels-in-maui,0,1,0,0,1
OTHER: hotels/business-hotels-in-mauritius,0,1,0,0,1
OTHER: hotels/business-hotels-in-medellin,0,1,0,0,1
OTHER: hotels/business-hotels-in-melbourne,0,1,0,0,1
OTHER: hotels/business-hotels-in-merida,0,1,0,0,1
OTHER: hotels/business-hotels-in-mexico-city,0,1,0,0,1
OTHER: hotels/business-hotels-in-miami,0,1,0,0,1
OTHER: hotels/business-hotels-in-milan,0,1,0,0,1
OTHER: hotels/business-hotels-in-montreal,0,1,0,0,1
OTHER: hotels/business-hotels-in-montreux,0,1,0,0,1
OTHER: hotels/business-hotels-in-mumbai,0,1,0,0,1
OTHER: hotels/business-hotels-in-munich,0,1,0,0,1
OTHER: hotels/business-hotels-in-murren,0,1,0,0,1
OTHER: hotels/business-hotels-in-muscat,0,1,0,0,1
OTHER: hotels/business-hotels-in-mykonos,0,1,0,0,1
OTHER: hotels/business-hotels-in-myrtle-beach,0,1,0,0,1
OTHER: hotels/business-hotels-in-nadi,0,1,0,0,1
OTHER: hotels/business-hotels-in-nairobi,0,1,0,0,1
OTHER: hotels/business-hotels-in-naples,0,1,0,0,1
OTHER: hotels/business-hotels-in-nara,0,1,0,0,1
OTHER: hotels/business-hotels-in-nashville,0,1,0,0,1
OTHER: hotels/business-hotels-in-new-orleans,0,1,0,0,1
OTHER: hotels/business-hotels-in-new-york,0,1,0,0,1
OTHER: hotels/business-hotels-in-nice,0,1,0,0,1
OTHER: hotels/business-hotels-in-oaxaca,0,1,0,0,1
OTHER: hotels/business-hotels-in-okinawa,0,1,0,0,1
OTHER: hotels/business-hotels-in-orlando,0,1,0,0,1
OTHER: hotels/business-hotels-in-osaka,0,1,0,0,1
OTHER: hotels/business-hotels-in-oslo,0,1,0,0,1
OTHER: hotels/business-hotels-in-outer-banks,0,1,0,0,1
OTHER: hotels/business-hotels-in-palermo,0,1,0,0,1
OTHER: hotels/business-hotels-in-palm-springs,0,1,0,0,1
OTHER: hotels/business-hotels-in-panama-city,0,1,0,0,1
OTHER: hotels/business-hotels-in-paris,0,1,0,0,1
OTHER: hotels/business-hotels-in-pattaya,0,1,0,0,1
OTHER: hotels/business-hotels-in-penang,0,1,0,0,1
OTHER: hotels/business-hotels-in-perth,0,1,0,0,1
OTHER: hotels/business-hotels-in-petra,0,1,0,0,1
OTHER: hotels/business-hotels-in-phuket,0,1,0,0,1
OTHER: hotels/business-hotels-in-playa-del-carmen,0,1,0,0,1
OTHER: hotels/business-hotels-in-pokhara,0,1,0,0,1
OTHER: hotels/business-hotels-in-porto,0,1,0,0,1
OTHER: hotels/business-hotels-in-positano,0,1,0,0,1
OTHER: hotels/business-hotels-in-prague,0,1,0,0,1
OTHER: hotels/business-hotels-in-puerto-vallarta,0,1,0,0,1
OTHER: hotels/business-hotels-in-quebec-city,0,1,0,0,1
OTHER: hotels/business-hotels-in-queenstown,0,1,0,0,1
OTHER: hotels/business-hotels-in-quito,0,1,0,0,1
OTHER: hotels/business-hotels-in-reykjavik,0,1,0,0,1
OTHER: hotels/business-hotels-in-rhodes,0,1,0,0,1
OTHER: hotels/business-hotels-in-rio-de-janeiro,0,1,0,0,1
OTHER: hotels/business-hotels-in-rome,0,1,0,0,1
OTHER: hotels/business-hotels-in-salzburg,0,1,0,0,1
OTHER: hotels/business-hotels-in-san-diego,0,1,0,0,1
OTHER: hotels/business-hotels-in-san-francisco,0,1,0,0,1
OTHER: hotels/business-hotels-in-san-juan,0,1,0,0,1
OTHER: hotels/business-hotels-in-san-miguel-de-allende,0,1,0,0,1
OTHER: hotels/business-hotels-in-san-sebastian,0,1,0,0,1
OTHER: hotels/business-hotels-in-santiago,0,1,0,0,1
OTHER: hotels/business-hotels-in-santorini,0,1,0,0,1
OTHER: hotels/business-hotels-in-sapporo,0,1,0,0,1
OTHER: hotels/business-hotels-in-savannah,0,1,0,0,1
OTHER: hotels/business-hotels-in-scottsdale,0,1,0,0,1
OTHER: hotels/business-hotels-in-seattle,0,1,0,0,1
OTHER: hotels/business-hotels-in-seoul,0,1,0,0,1
OTHER: hotels/business-hotels-in-seville,0,1,0,0,1
OTHER: hotels/business-hotels-in-shanghai,0,1,0,0,1
OTHER: hotels/business-hotels-in-sharm-el-sheikh,0,1,0,0,1
OTHER: hotels/business-hotels-in-siem-reap,0,1,0,0,1
OTHER: hotels/business-hotels-in-singapore,0,1,0,0,1
OTHER: hotels/business-hotels-in-sintra,0,1,0,0,1
OTHER: hotels/business-hotels-in-sorrento,0,1,0,0,1
OTHER: hotels/business-hotels-in-split,0,1,0,0,1
OTHER: hotels/business-hotels-in-st-moritz,0,1,0,0,1
OTHER: hotels/business-hotels-in-stockholm,0,1,0,0,1
OTHER: hotels/business-hotels-in-strasbourg,0,1,0,0,1
OTHER: hotels/business-hotels-in-sydney,0,1,0,0,1
OTHER: hotels/business-hotels-in-taipei,0,1,0,0,1
OTHER: hotels/business-hotels-in-tallinn,0,1,0,0,1
OTHER: hotels/business-hotels-in-tel-aviv,0,1,0,0,1
OTHER: hotels/business-hotels-in-texas-hill-country,0,1,0,0,1
OTHER: hotels/business-hotels-in-tokyo,0,1,0,0,1
OTHER: hotels/business-hotels-in-toronto,0,1,0,0,1
OTHER: hotels/business-hotels-in-tulum,0,1,0,0,1
OTHER: hotels/business-hotels-in-udaipur,0,1,0,0,1
OTHER: hotels/business-hotels-in-ushuaia,0,1,0,0,1
OTHER: hotels/business-hotels-in-valencia,0,1,0,0,1
OTHER: hotels/business-hotels-in-vancouver,0,1,0,0,1
OTHER: hotels/business-hotels-in-varanasi,0,1,0,0,1
OTHER: hotels/business-hotels-in-venice,0,1,0,0,1
OTHER: hotels/business-hotels-in-verona,0,1,0,0,1
OTHER: hotels/business-hotels-in-victoria-falls,0,1,0,0,1
OTHER: hotels/business-hotels-in-vienna,0,1,0,0,1
OTHER: hotels/business-hotels-in-warsaw,0,1,0,0,1
OTHER: hotels/business-hotels-in-washington-dc,0,1,0,0,1
OTHER: hotels/business-hotels-in-wellington,0,1,0,0,1
OTHER: hotels/business-hotels-in-wengen,0,1,0,0,1
OTHER: hotels/business-hotels-in-whistler,0,1,0,0,1
OTHER: hotels/business-hotels-in-yogyakarta,0,1,0,0,1
OTHER: hotels/business-hotels-in-zanzibar,0,1,0,0,1
OTHER: hotels/business-hotels-in-zermatt,0,1,0,0,1
OTHER: hotels/business-hotels-in-zurich,0,1,0,0,1
OTHER: hotels/eco-friendly-hotels-in-abu-dhabi,0,1,0,0,1
OTHER: hotels/eco-friendly-hotels-in-agra,0,1,0,0,1
OTHER: hotels/eco-friendly-hotels-in-amman,0,1,0,0,1
OTHER: hotels/eco-friendly-hotels-in-amsterdam,0,1,0,0,1
OTHER: hotels/eco-friendly-hotels-in-antwerp,0,1,0,0,1
OTHER: hotels/eco-friendly-hotels-in-athens,0,1,0,0,1
OTHER: hotels/eco-friendly-hotels-in-auckland,0,1,0,0,1
OTHER: hotels/eco-friendly-hotels-in-austin,0,1,0,0,1
OTHER: hotels/eco-friendly-hotels-in-bali,0,1,0,0,1
OTHER: hotels/eco-friendly-hotels-in-banff,0,1,0,0,1
OTHER: hotels/eco-friendly-hotels-in-bangkok,0,1,0,0,1
OTHER: hotels/eco-friendly-hotels-in-barcelona,0,1,0,0,1
OTHER: hotels/eco-friendly-hotels-in-basel,0,1,0,0,1
OTHER: hotels/eco-friendly-hotels-in-beijing,0,1,0,0,1
OTHER: hotels/eco-friendly-hotels-in-bergen,0,1,0,0,1
OTHER: hotels/eco-friendly-hotels-in-berlin,0,1,0,0,1
OTHER: hotels/eco-friendly-hotels-in-bern,0,1,0,0,1
OTHER: hotels/eco-friendly-hotels-in-blue-ridge,0,1,0,0,1
OTHER: hotels/eco-friendly-hotels-in-bogota,0,1,0,0,1
OTHER: hotels/eco-friendly-hotels-in-bologna,0,1,0,0,1
OTHER: hotels/eco-friendly-hotels-in-bora-bora,0,1,0,0,1
OTHER: hotels/eco-friendly-hotels-in-boracay,0,1,0,0,1
OTHER: hotels/eco-friendly-hotels-in-bordeaux,0,1,0,0,1
OTHER: hotels/eco-friendly-hotels-in-boston,0,1,0,0,1
OTHER: hotels/eco-friendly-hotels-in-brisbane,0,1,0,0,1
OTHER: hotels/eco-friendly-hotels-in-broken-bow,0,1,0,0,1
OTHER: hotels/eco-friendly-hotels-in-bruges,0,1,0,0,1
OTHER: hotels/eco-friendly-hotels-in-brussels,0,1,0,0,1
OTHER: hotels/eco-friendly-hotels-in-bucharest,0,1,0,0,1
OTHER: hotels/eco-friendly-hotels-in-budapest,0,1,0,0,1
OTHER: hotels/eco-friendly-hotels-in-buenos-aires,0,1,0,0,1
OTHER: hotels/eco-friendly-hotels-in-busan,0,1,0,0,1
OTHER: hotels/eco-friendly-hotels-in-cabo-san-lucas,0,1,0,0,1
OTHER: hotels/eco-friendly-hotels-in-cairns,0,1,0,0,1
OTHER: hotels/eco-friendly-hotels-in-cairo,0,1,0,0,1
OTHER: hotels/eco-friendly-hotels-in-cancun,0,1,0,0,1
OTHER: hotels/eco-friendly-hotels-in-cape-town,0,1,0,0,1
OTHER: hotels/eco-friendly-hotels-in-cappadocia,0,1,0,0,1
OTHER: hotels/eco-friendly-hotels-in-cartagena,0,1,0,0,1
OTHER: hotels/eco-friendly-hotels-in-casablanca,0,1,0,0,1
OTHER: hotels/eco-friendly-hotels-in-cebu,0,1,0,0,1
OTHER: hotels/eco-friendly-hotels-in-charleston,0,1,0,0,1
OTHER: hotels/eco-friendly-hotels-in-chefchaouen,0,1,0,0,1
OTHER: hotels/eco-friendly-hotels-in-chiang-mai,0,1,0,0,1
OTHER: hotels/eco-friendly-hotels-in-chicago,0,1,0,0,1
OTHER: hotels/eco-friendly-hotels-in-cinque-terre,0,1,0,0,1
OTHER: hotels/eco-friendly-hotels-in-cologne,0,1,0,0,1
OTHER: hotels/eco-friendly-hotels-in-colombo,0,1,0,0,1
OTHER: hotels/eco-friendly-hotels-in-copenhagen,0,1,0,0,1
OTHER: hotels/eco-friendly-hotels-in-corfu,0,1,0,0,1
OTHER: hotels/eco-friendly-hotels-in-crete,0,1,0,0,1
OTHER: hotels/eco-friendly-hotels-in-cusco,0,1,0,0,1
OTHER: hotels/eco-friendly-hotels-in-da-nang,0,1,0,0,1
OTHER: hotels/eco-friendly-hotels-in-delhi,0,1,0,0,1
OTHER: hotels/eco-friendly-hotels-in-denver,0,1,0,0,1
OTHER: hotels/eco-friendly-hotels-in-destin,0,1,0,0,1
OTHER: hotels/eco-friendly-hotels-in-doha,0,1,0,0,1
OTHER: hotels/eco-friendly-hotels-in-dubai,0,1,0,0,1
OTHER: hotels/eco-friendly-hotels-in-dublin,0,1,0,0,1
OTHER: hotels/eco-friendly-hotels-in-dubrovnik,0,1,0,0,1
OTHER: hotels/eco-friendly-hotels-in-edinburgh,0,1,0,0,1
OTHER: hotels/eco-friendly-hotels-in-el-nido,0,1,0,0,1
OTHER: hotels/eco-friendly-hotels-in-fes,0,1,0,0,1
OTHER: hotels/eco-friendly-hotels-in-florence,0,1,0,0,1
OTHER: hotels/eco-friendly-hotels-in-fukuoka,0,1,0,0,1
OTHER: hotels/eco-friendly-hotels-in-gatlinburg,0,1,0,0,1
OTHER: hotels/eco-friendly-hotels-in-geneva,0,1,0,0,1
OTHER: hotels/eco-friendly-hotels-in-goa,0,1,0,0,1
OTHER: hotels/eco-friendly-hotels-in-gold-coast,0,1,0,0,1
OTHER: hotels/eco-friendly-hotels-in-granada,0,1,0,0,1
OTHER: hotels/eco-friendly-hotels-in-grindelwald,0,1,0,0,1
OTHER: hotels/eco-friendly-hotels-in-hakone,0,1,0,0,1
OTHER: hotels/eco-friendly-hotels-in-hallstatt,0,1,0,0,1
OTHER: hotels/eco-friendly-hotels-in-hamburg,0,1,0,0,1
OTHER: hotels/eco-friendly-hotels-in-hanoi,0,1,0,0,1
OTHER: hotels/eco-friendly-hotels-in-havana,0,1,0,0,1
OTHER: hotels/eco-friendly-hotels-in-helsinki,0,1,0,0,1
OTHER: hotels/eco-friendly-hotels-in-hiroshima,0,1,0,0,1
OTHER: hotels/eco-friendly-hotels-in-ho-chi-minh-city,0,1,0,0,1
OTHER: hotels/eco-friendly-hotels-in-hoi-an,0,1,0,0,1
OTHER: hotels/eco-friendly-hotels-in-hong-kong,0,1,0,0,1
OTHER: hotels/eco-friendly-hotels-in-honolulu,0,1,0,0,1
OTHER: hotels/eco-friendly-hotels-in-hue,0,1,0,0,1
OTHER: hotels/eco-friendly-hotels-in-ibiza,0,1,0,0,1
OTHER: hotels/eco-friendly-hotels-in-innsbruck,0,1,0,0,1
OTHER: hotels/eco-friendly-hotels-in-interlaken,0,1,0,0,1
OTHER: hotels/eco-friendly-hotels-in-istanbul,0,1,0,0,1
OTHER: hotels/eco-friendly-hotels-in-jaipur,0,1,0,0,1
OTHER: hotels/eco-friendly-hotels-in-jeju,0,1,0,0,1
OTHER: hotels/eco-friendly-hotels-in-jodhpur,0,1,0,0,1
OTHER: hotels/eco-friendly-hotels-in-johannesburg,0,1,0,0,1
OTHER: hotels/eco-friendly-hotels-in-kanazawa,0,1,0,0,1
OTHER: hotels/eco-friendly-hotels-in-kandy,0,1,0,0,1
OTHER: hotels/eco-friendly-hotels-in-kathmandu,0,1,0,0,1
OTHER: hotels/eco-friendly-hotels-in-koh-samui,0,1,0,0,1
OTHER: hotels/eco-friendly-hotels-in-krabi,0,1,0,0,1
OTHER: hotels/eco-friendly-hotels-in-krakow,0,1,0,0,1
OTHER: hotels/eco-friendly-hotels-in-kuala-lumpur,0,1,0,0,1
OTHER: hotels/eco-friendly-hotels-in-kyoto,0,1,0,0,1
OTHER: hotels/eco-friendly-hotels-in-lake-bled,0,1,0,0,1
OTHER: hotels/eco-friendly-hotels-in-lake-como,0,1,0,0,1
OTHER: hotels/eco-friendly-hotels-in-lake-tahoe,0,1,0,0,1
OTHER: hotels/eco-friendly-hotels-in-langkawi,0,1,0,0,1
OTHER: hotels/eco-friendly-hotels-in-las-vegas,0,1,0,0,1
OTHER: hotels/eco-friendly-hotels-in-lauterbrunnen,0,1,0,0,1
OTHER: hotels/eco-friendly-hotels-in-lima,0,1,0,0,1
OTHER: hotels/eco-friendly-hotels-in-lisbon,0,1,0,0,1
OTHER: hotels/eco-friendly-hotels-in-london,0,1,0,0,1
OTHER: hotels/eco-friendly-hotels-in-los-angeles,0,1,0,0,1
OTHER: hotels/eco-friendly-hotels-in-luang-prabang,0,1,0,0,1
OTHER: hotels/eco-friendly-hotels-in-lucerne,0,1,0,0,1
OTHER: hotels/eco-friendly-hotels-in-lugano,0,1,0,0,1
OTHER: hotels/eco-friendly-hotels-in-luxor,0,1,0,0,1
OTHER: hotels/eco-friendly-hotels-in-lyon,0,1,0,0,1
OTHER: hotels/eco-friendly-hotels-in-madeira,0,1,0,0,1
OTHER: hotels/eco-friendly-hotels-in-madrid,0,1,0,0,1
OTHER: hotels/eco-friendly-hotels-in-malaga,0,1,0,0,1
OTHER: hotels/eco-friendly-hotels-in-maldives,0,1,0,0,1
OTHER: hotels/eco-friendly-hotels-in-mallorca,0,1,0,0,1
OTHER: hotels/eco-friendly-hotels-in-manila,0,1,0,0,1
OTHER: hotels/eco-friendly-hotels-in-marrakech,0,1,0,0,1
OTHER: hotels/eco-friendly-hotels-in-marseille,0,1,0,0,1
OTHER: hotels/eco-friendly-hotels-in-matera,0,1,0,0,1
OTHER: hotels/eco-friendly-hotels-in-maui,0,1,0,0,1
OTHER: hotels/eco-friendly-hotels-in-mauritius,0,1,0,0,1
OTHER: hotels/eco-friendly-hotels-in-medellin,0,1,0,0,1
OTHER: hotels/eco-friendly-hotels-in-melbourne,0,1,0,0,1
OTHER: hotels/eco-friendly-hotels-in-merida,0,1,0,0,1
OTHER: hotels/eco-friendly-hotels-in-mexico-city,0,1,0,0,1
OTHER: hotels/eco-friendly-hotels-in-miami,0,1,0,0,1
OTHER: hotels/eco-friendly-hotels-in-milan,0,1,0,0,1
OTHER: hotels/eco-friendly-hotels-in-montreal,0,1,0,0,1
OTHER: hotels/eco-friendly-hotels-in-montreux,0,1,0,0,1
OTHER: hotels/eco-friendly-hotels-in-mumbai,0,1,0,0,1
OTHER: hotels/eco-friendly-hotels-in-munich,0,1,0,0,1
OTHER: hotels/eco-friendly-hotels-in-murren,0,1,0,0,1
OTHER: hotels/eco-friendly-hotels-in-muscat,0,1,0,0,1
OTHER: hotels/eco-friendly-hotels-in-mykonos,0,1,0,0,1
OTHER: hotels/eco-friendly-hotels-in-myrtle-beach,0,1,0,0,1
OTHER: hotels/eco-friendly-hotels-in-nadi,0,1,0,0,1
OTHER: hotels/eco-friendly-hotels-in-nairobi,0,1,0,0,1
OTHER: hotels/eco-friendly-hotels-in-naples,0,1,0,0,1
OTHER: hotels/eco-friendly-hotels-in-nara,0,1,0,0,1
OTHER: hotels/eco-friendly-hotels-in-nashville,0,1,0,0,1
OTHER: hotels/eco-friendly-hotels-in-new-orleans,0,1,0,0,1
OTHER: hotels/eco-friendly-hotels-in-new-york,0,1,0,0,1
OTHER: hotels/eco-friendly-hotels-in-nice,0,1,0,0,1
OTHER: hotels/eco-friendly-hotels-in-oaxaca,0,1,0,0,1
OTHER: hotels/eco-friendly-hotels-in-okinawa,0,1,0,0,1
OTHER: hotels/eco-friendly-hotels-in-orlando,0,1,0,0,1
OTHER: hotels/eco-friendly-hotels-in-osaka,0,1,0,0,1
OTHER: hotels/eco-friendly-hotels-in-oslo,0,1,0,0,1
OTHER: hotels/eco-friendly-hotels-in-outer-banks,0,1,0,0,1
OTHER: hotels/eco-friendly-hotels-in-palermo,0,1,0,0,1
OTHER: hotels/eco-friendly-hotels-in-palm-springs,0,1,0,0,1
OTHER: hotels/eco-friendly-hotels-in-panama-city,0,1,0,0,1
OTHER: hotels/eco-friendly-hotels-in-paris,0,1,0,0,1
OTHER: hotels/eco-friendly-hotels-in-pattaya,0,1,0,0,1
OTHER: hotels/eco-friendly-hotels-in-penang,0,1,0,0,1
OTHER: hotels/eco-friendly-hotels-in-perth,0,1,0,0,1
OTHER: hotels/eco-friendly-hotels-in-petra,0,1,0,0,1
OTHER: hotels/eco-friendly-hotels-in-phuket,0,1,0,0,1
OTHER: hotels/eco-friendly-hotels-in-playa-del-carmen,0,1,0,0,1
OTHER: hotels/eco-friendly-hotels-in-pokhara,0,1,0,0,1
OTHER: hotels/eco-friendly-hotels-in-porto,0,1,0,0,1
OTHER: hotels/eco-friendly-hotels-in-positano,0,1,0,0,1
OTHER: hotels/eco-friendly-hotels-in-prague,0,1,0,0,1
OTHER: hotels/eco-friendly-hotels-in-puerto-vallarta,0,1,0,0,1
OTHER: hotels/eco-friendly-hotels-in-quebec-city,0,1,0,0,1
OTHER: hotels/eco-friendly-hotels-in-queenstown,0,1,0,0,1
OTHER: hotels/eco-friendly-hotels-in-quito,0,1,0,0,1
OTHER: hotels/eco-friendly-hotels-in-reykjavik,0,1,0,0,1
OTHER: hotels/eco-friendly-hotels-in-rhodes,0,1,0,0,1
OTHER: hotels/eco-friendly-hotels-in-rio-de-janeiro,0,1,0,0,1
OTHER: hotels/eco-friendly-hotels-in-rome,0,1,0,0,1
OTHER: hotels/eco-friendly-hotels-in-salzburg,0,1,0,0,1
OTHER: hotels/eco-friendly-hotels-in-san-diego,0,1,0,0,1
OTHER: hotels/eco-friendly-hotels-in-san-francisco,0,1,0,0,1
OTHER: hotels/eco-friendly-hotels-in-san-juan,0,1,0,0,1
OTHER: hotels/eco-friendly-hotels-in-san-miguel-de-allende,0,1,0,0,1
OTHER: hotels/eco-friendly-hotels-in-san-sebastian,0,1,0,0,1
OTHER: hotels/eco-friendly-hotels-in-santiago,0,1,0,0,1
OTHER: hotels/eco-friendly-hotels-in-santorini,0,1,0,0,1
OTHER: hotels/eco-friendly-hotels-in-sapporo,0,1,0,0,1
OTHER: hotels/eco-friendly-hotels-in-savannah,0,1,0,0,1
OTHER: hotels/eco-friendly-hotels-in-scottsdale,0,1,0,0,1
OTHER: hotels/eco-friendly-hotels-in-seattle,0,1,0,0,1
OTHER: hotels/eco-friendly-hotels-in-seoul,0,1,0,0,1
OTHER: hotels/eco-friendly-hotels-in-seville,0,1,0,0,1
OTHER: hotels/eco-friendly-hotels-in-shanghai,0,1,0,0,1
OTHER: hotels/eco-friendly-hotels-in-sharm-el-sheikh,0,1,0,0,1
OTHER: hotels/eco-friendly-hotels-in-siem-reap,0,1,0,0,1
OTHER: hotels/eco-friendly-hotels-in-singapore,0,1,0,0,1
OTHER: hotels/eco-friendly-hotels-in-sintra,0,1,0,0,1
OTHER: hotels/eco-friendly-hotels-in-sorrento,0,1,0,0,1
OTHER: hotels/eco-friendly-hotels-in-split,0,1,0,0,1
OTHER: hotels/eco-friendly-hotels-in-st-moritz,0,1,0,0,1
OTHER: hotels/eco-friendly-hotels-in-stockholm,0,1,0,0,1
OTHER: hotels/eco-friendly-hotels-in-strasbourg,0,1,0,0,1
OTHER: hotels/eco-friendly-hotels-in-sydney,0,1,0,0,1
OTHER: hotels/eco-friendly-hotels-in-taipei,0,1,0,0,1
OTHER: hotels/eco-friendly-hotels-in-tallinn,0,1,0,0,1
OTHER: hotels/eco-friendly-hotels-in-tel-aviv,0,1,0,0,1
OTHER: hotels/eco-friendly-hotels-in-texas-hill-country,0,1,0,0,1
OTHER: hotels/eco-friendly-hotels-in-tokyo,0,1,0,0,1
OTHER: hotels/eco-friendly-hotels-in-toronto,0,1,0,0,1
OTHER: hotels/eco-friendly-hotels-in-tulum,0,1,0,0,1
OTHER: hotels/eco-friendly-hotels-in-udaipur,0,1,0,0,1
OTHER: hotels/eco-friendly-hotels-in-ushuaia,0,1,0,0,1
OTHER: hotels/eco-friendly-hotels-in-valencia,0,1,0,0,1
OTHER: hotels/eco-friendly-hotels-in-vancouver,0,1,0,0,1
OTHER: hotels/eco-friendly-hotels-in-varanasi,0,1,0,0,1
OTHER: hotels/eco-friendly-hotels-in-venice,0,1,0,0,1
OTHER: hotels/eco-friendly-hotels-in-verona,0,1,0,0,1
OTHER: hotels/eco-friendly-hotels-in-victoria-falls,0,1,0,0,1
OTHER: hotels/eco-friendly-hotels-in-vienna,0,1,0,0,1
OTHER: hotels/eco-friendly-hotels-in-warsaw,0,1,0,0,1
OTHER: hotels/eco-friendly-hotels-in-washington-dc,0,1,0,0,1
OTHER: hotels/eco-friendly-hotels-in-wellington,0,1,0,0,1
OTHER: hotels/eco-friendly-hotels-in-wengen,0,1,0,0,1
OTHER: hotels/eco-friendly-hotels-in-whistler,0,1,0,0,1
OTHER: hotels/eco-friendly-hotels-in-yogyakarta,0,1,0,0,1
OTHER: hotels/eco-friendly-hotels-in-zanzibar,0,1,0,0,1
OTHER: hotels/eco-friendly-hotels-in-zermatt,0,1,0,0,1
OTHER: hotels/eco-friendly-hotels-in-zurich,0,1,0,0,1
OTHER: hotels/hostels-in-abu-dhabi,0,1,0,0,1
OTHER: hotels/hostels-in-agra,0,1,0,0,1
OTHER: hotels/hostels-in-amman,0,1,0,0,1
OTHER: hotels/hostels-in-amsterdam,0,1,0,0,1
OTHER: hotels/hostels-in-antwerp,0,1,0,0,1
OTHER: hotels/hostels-in-athens,0,1,0,0,1
OTHER: hotels/hostels-in-auckland,0,1,0,0,1
OTHER: hotels/hostels-in-austin,0,1,0,0,1
OTHER: hotels/hostels-in-bali,0,1,0,0,1
OTHER: hotels/hostels-in-banff,0,1,0,0,1
OTHER: hotels/hostels-in-bangkok,0,1,0,0,1
OTHER: hotels/hostels-in-barcelona,0,1,0,0,1
OTHER: hotels/hostels-in-basel,0,1,0,0,1
OTHER: hotels/hostels-in-beijing,0,1,0,0,1
OTHER: hotels/hostels-in-bergen,0,1,0,0,1
OTHER: hotels/hostels-in-berlin,0,1,0,0,1
OTHER: hotels/hostels-in-bern,0,1,0,0,1
OTHER: hotels/hostels-in-blue-ridge,0,1,0,0,1
OTHER: hotels/hostels-in-bogota,0,1,0,0,1
OTHER: hotels/hostels-in-bologna,0,1,0,0,1
OTHER: hotels/hostels-in-bora-bora,0,1,0,0,1
OTHER: hotels/hostels-in-boracay,0,1,0,0,1
OTHER: hotels/hostels-in-bordeaux,0,1,0,0,1
OTHER: hotels/hostels-in-boston,0,1,0,0,1
OTHER: hotels/hostels-in-brisbane,0,1,0,0,1
OTHER: hotels/hostels-in-broken-bow,0,1,0,0,1
OTHER: hotels/hostels-in-bruges,0,1,0,0,1
OTHER: hotels/hostels-in-brussels,0,1,0,0,1
OTHER: hotels/hostels-in-bucharest,0,1,0,0,1
OTHER: hotels/hostels-in-budapest,0,1,0,0,1
OTHER: hotels/hostels-in-buenos-aires,0,1,0,0,1
OTHER: hotels/hostels-in-busan,0,1,0,0,1
OTHER: hotels/hostels-in-cabo-san-lucas,0,1,0,0,1
OTHER: hotels/hostels-in-cairns,0,1,0,0,1
OTHER: hotels/hostels-in-cairo,0,1,0,0,1
OTHER: hotels/hostels-in-cancun,0,1,0,0,1
OTHER: hotels/hostels-in-cape-town,0,1,0,0,1
OTHER: hotels/hostels-in-cappadocia,0,1,0,0,1
OTHER: hotels/hostels-in-cartagena,0,1,0,0,1
OTHER: hotels/hostels-in-casablanca,0,1,0,0,1
OTHER: hotels/hostels-in-cebu,0,1,0,0,1
OTHER: hotels/hostels-in-charleston,0,1,0,0,1
OTHER: hotels/hostels-in-chefchaouen,0,1,0,0,1
OTHER: hotels/hostels-in-chiang-mai,0,1,0,0,1
OTHER: hotels/hostels-in-chicago,0,1,0,0,1
OTHER: hotels/hostels-in-cinque-terre,0,1,0,0,1
OTHER: hotels/hostels-in-cologne,0,1,0,0,1
OTHER: hotels/hostels-in-colombo,0,1,0,0,1
OTHER: hotels/hostels-in-copenhagen,0,1,0,0,1
OTHER: hotels/hostels-in-corfu,0,1,0,0,1
OTHER: hotels/hostels-in-crete,0,1,0,0,1
OTHER: hotels/hostels-in-cusco,0,1,0,0,1
OTHER: hotels/hostels-in-da-nang,0,1,0,0,1
OTHER: hotels/hostels-in-delhi,0,1,0,0,1
OTHER: hotels/hostels-in-denver,0,1,0,0,1
OTHER: hotels/hostels-in-destin,0,1,0,0,1
OTHER: hotels/hostels-in-doha,0,1,0,0,1
OTHER: hotels/hostels-in-dubai,0,1,0,0,1
OTHER: hotels/hostels-in-dublin,0,1,0,0,1
OTHER: hotels/hostels-in-dubrovnik,0,1,0,0,1
OTHER: hotels/hostels-in-edinburgh,0,1,0,0,1
OTHER: hotels/hostels-in-el-nido,0,1,0,0,1
OTHER: hotels/hostels-in-fes,0,1,0,0,1
OTHER: hotels/hostels-in-florence,0,1,0,0,1
OTHER: hotels/hostels-in-fukuoka,0,1,0,0,1
OTHER: hotels/hostels-in-gatlinburg,0,1,0,0,1
OTHER: hotels/hostels-in-geneva,0,1,0,0,1
OTHER: hotels/hostels-in-goa,0,1,0,0,1
OTHER: hotels/hostels-in-gold-coast,0,1,0,0,1
OTHER: hotels/hostels-in-granada,0,1,0,0,1
OTHER: hotels/hostels-in-grindelwald,0,1,0,0,1
OTHER: hotels/hostels-in-hakone,0,1,0,0,1
OTHER: hotels/hostels-in-hallstatt,0,1,0,0,1
OTHER: hotels/hostels-in-hamburg,0,1,0,0,1
OTHER: hotels/hostels-in-hanoi,0,1,0,0,1
OTHER: hotels/hostels-in-havana,0,1,0,0,1
OTHER: hotels/hostels-in-helsinki,0,1,0,0,1
OTHER: hotels/hostels-in-hiroshima,0,1,0,0,1
OTHER: hotels/hostels-in-ho-chi-minh-city,0,1,0,0,1
OTHER: hotels/hostels-in-hoi-an,0,1,0,0,1
OTHER: hotels/hostels-in-hong-kong,0,1,0,0,1
OTHER: hotels/hostels-in-honolulu,0,1,0,0,1
OTHER: hotels/hostels-in-hue,0,1,0,0,1
OTHER: hotels/hostels-in-ibiza,0,1,0,0,1
OTHER: hotels/hostels-in-innsbruck,0,1,0,0,1
OTHER: hotels/hostels-in-interlaken,0,1,0,0,1
OTHER: hotels/hostels-in-istanbul,0,1,0,0,1
OTHER: hotels/hostels-in-jaipur,0,1,0,0,1
OTHER: hotels/hostels-in-jeju,0,1,0,0,1
OTHER: hotels/hostels-in-jodhpur,0,1,0,0,1
OTHER: hotels/hostels-in-johannesburg,0,1,0,0,1
OTHER: hotels/hostels-in-kanazawa,0,1,0,0,1
OTHER: hotels/hostels-in-kandy,0,1,0,0,1
OTHER: hotels/hostels-in-kathmandu,0,1,0,0,1
OTHER: hotels/hostels-in-koh-samui,0,1,0,0,1
OTHER: hotels/hostels-in-krabi,0,1,0,0,1
OTHER: hotels/hostels-in-krakow,0,1,0,0,1
OTHER: hotels/hostels-in-kuala-lumpur,0,1,0,0,1
OTHER: hotels/hostels-in-kyoto,0,1,0,0,1
OTHER: hotels/hostels-in-lake-bled,0,1,0,0,1
OTHER: hotels/hostels-in-lake-como,0,1,0,0,1
OTHER: hotels/hostels-in-lake-tahoe,0,1,0,0,1
OTHER: hotels/hostels-in-langkawi,0,1,0,0,1
OTHER: hotels/hostels-in-las-vegas,0,1,0,0,1
OTHER: hotels/hostels-in-lauterbrunnen,0,1,0,0,1
OTHER: hotels/hostels-in-lima,0,1,0,0,1
OTHER: hotels/hostels-in-lisbon,0,1,0,0,1
OTHER: hotels/hostels-in-london,0,1,0,0,1
OTHER: hotels/hostels-in-los-angeles,0,1,0,0,1
OTHER: hotels/hostels-in-luang-prabang,0,1,0,0,1
OTHER: hotels/hostels-in-lucerne,0,1,0,0,1
OTHER: hotels/hostels-in-lugano,0,1,0,0,1
OTHER: hotels/hostels-in-luxor,0,1,0,0,1
OTHER: hotels/hostels-in-lyon,0,1,0,0,1
OTHER: hotels/hostels-in-madeira,0,1,0,0,1
OTHER: hotels/hostels-in-madrid,0,1,0,0,1
OTHER: hotels/hostels-in-malaga,0,1,0,0,1
OTHER: hotels/hostels-in-maldives,0,1,0,0,1
OTHER: hotels/hostels-in-mallorca,0,1,0,0,1
OTHER: hotels/hostels-in-manila,0,1,0,0,1
OTHER: hotels/hostels-in-marrakech,0,1,0,0,1
OTHER: hotels/hostels-in-marseille,0,1,0,0,1
OTHER: hotels/hostels-in-matera,0,1,0,0,1
OTHER: hotels/hostels-in-maui,0,1,0,0,1
OTHER: hotels/hostels-in-mauritius,0,1,0,0,1
OTHER: hotels/hostels-in-medellin,0,1,0,0,1
OTHER: hotels/hostels-in-melbourne,0,1,0,0,1
OTHER: hotels/hostels-in-merida,0,1,0,0,1
OTHER: hotels/hostels-in-mexico-city,0,1,0,0,1
OTHER: hotels/hostels-in-miami,0,1,0,0,1
OTHER: hotels/hostels-in-milan,0,1,0,0,1
OTHER: hotels/hostels-in-montreal,0,1,0,0,1
OTHER: hotels/hostels-in-montreux,0,1,0,0,1
OTHER: hotels/hostels-in-mumbai,0,1,0,0,1
OTHER: hotels/hostels-in-munich,0,1,0,0,1
OTHER: hotels/hostels-in-murren,0,1,0,0,1
OTHER: hotels/hostels-in-muscat,0,1,0,0,1
OTHER: hotels/hostels-in-mykonos,0,1,0,0,1
OTHER: hotels/hostels-in-myrtle-beach,0,1,0,0,1
OTHER: hotels/hostels-in-nadi,0,1,0,0,1
OTHER: hotels/hostels-in-nairobi,0,1,0,0,1
OTHER: hotels/hostels-in-naples,0,1,0,0,1
OTHER: hotels/hostels-in-nara,0,1,0,0,1
OTHER: hotels/hostels-in-nashville,0,1,0,0,1
OTHER: hotels/hostels-in-new-orleans,0,1,0,0,1
OTHER: hotels/hostels-in-new-york,0,1,0,0,1
OTHER: hotels/hostels-in-nice,0,1,0,0,1
OTHER: hotels/hostels-in-oaxaca,0,1,0,0,1
OTHER: hotels/hostels-in-okinawa,0,1,0,0,1
OTHER: hotels/hostels-in-orlando,0,1,0,0,1
OTHER: hotels/hostels-in-osaka,0,1,0,0,1
OTHER: hotels/hostels-in-oslo,0,1,0,0,1
OTHER: hotels/hostels-in-outer-banks,0,1,0,0,1
OTHER: hotels/hostels-in-palermo,0,1,0,0,1
OTHER: hotels/hostels-in-palm-springs,0,1,0,0,1
OTHER: hotels/hostels-in-panama-city,0,1,0,0,1
OTHER: hotels/hostels-in-paris,0,1,0,0,1
OTHER: hotels/hostels-in-pattaya,0,1,0,0,1
OTHER: hotels/hostels-in-penang,0,1,0,0,1
OTHER: hotels/hostels-in-perth,0,1,0,0,1
OTHER: hotels/hostels-in-petra,0,1,0,0,1
OTHER: hotels/hostels-in-phuket,0,1,0,0,1
OTHER: hotels/hostels-in-playa-del-carmen,0,1,0,0,1
OTHER: hotels/hostels-in-pokhara,0,1,0,0,1
OTHER: hotels/hostels-in-porto,0,1,0,0,1
OTHER: hotels/hostels-in-positano,0,1,0,0,1
OTHER: hotels/hostels-in-prague,0,1,0,0,1
OTHER: hotels/hostels-in-puerto-vallarta,0,1,0,0,1
OTHER: hotels/hostels-in-quebec-city,0,1,0,0,1
OTHER: hotels/hostels-in-queenstown,0,1,0,0,1
OTHER: hotels/hostels-in-quito,0,1,0,0,1
OTHER: hotels/hostels-in-reykjavik,0,1,0,0,1
OTHER: hotels/hostels-in-rhodes,0,1,0,0,1
OTHER: hotels/hostels-in-rio-de-janeiro,0,1,0,0,1
OTHER: hotels/hostels-in-rome,0,1,0,0,1
OTHER: hotels/hostels-in-salzburg,0,1,0,0,1
OTHER: hotels/hostels-in-san-diego,0,1,0,0,1
OTHER: hotels/hostels-in-san-francisco,0,1,0,0,1
OTHER: hotels/hostels-in-san-juan,0,1,0,0,1
OTHER: hotels/hostels-in-san-miguel-de-allende,0,1,0,0,1
OTHER: hotels/hostels-in-san-sebastian,0,1,0,0,1
OTHER: hotels/hostels-in-santiago,0,1,0,0,1
OTHER: hotels/hostels-in-santorini,0,1,0,0,1
OTHER: hotels/hostels-in-sapporo,0,1,0,0,1
OTHER: hotels/hostels-in-savannah,0,1,0,0,1
OTHER: hotels/hostels-in-scottsdale,0,1,0,0,1
OTHER: hotels/hostels-in-seattle,0,1,0,0,1
OTHER: hotels/hostels-in-seoul,0,1,0,0,1
OTHER: hotels/hostels-in-seville,0,1,0,0,1
OTHER: hotels/hostels-in-shanghai,0,1,0,0,1
OTHER: hotels/hostels-in-sharm-el-sheikh,0,1,0,0,1
OTHER: hotels/hostels-in-siem-reap,0,1,0,0,1
OTHER: hotels/hostels-in-singapore,0,1,0,0,1
OTHER: hotels/hostels-in-sintra,0,1,0,0,1
OTHER: hotels/hostels-in-sorrento,0,1,0,0,1
OTHER: hotels/hostels-in-split,0,1,0,0,1
OTHER: hotels/hostels-in-st-moritz,0,1,0,0,1
OTHER: hotels/hostels-in-stockholm,0,1,0,0,1
OTHER: hotels/hostels-in-strasbourg,0,1,0,0,1
OTHER: hotels/hostels-in-sydney,0,1,0,0,1
OTHER: hotels/hostels-in-taipei,0,1,0,0,1
OTHER: hotels/hostels-in-tallinn,0,1,0,0,1
OTHER: hotels/hostels-in-tel-aviv,0,1,0,0,1
OTHER: hotels/hostels-in-texas-hill-country,0,1,0,0,1
OTHER: hotels/hostels-in-tokyo,0,1,0,0,1
OTHER: hotels/hostels-in-toronto,0,1,0,0,1
OTHER: hotels/hostels-in-tulum,0,1,0,0,1
OTHER: hotels/hostels-in-udaipur,0,1,0,0,1
OTHER: hotels/hostels-in-ushuaia,0,1,0,0,1
OTHER: hotels/hostels-in-valencia,0,1,0,0,1
OTHER: hotels/hostels-in-vancouver,0,1,0,0,1
OTHER: hotels/hostels-in-varanasi,0,1,0,0,1
OTHER: hotels/hostels-in-venice,0,1,0,0,1
OTHER: hotels/hostels-in-verona,0,1,0,0,1
OTHER: hotels/hostels-in-victoria-falls,0,1,0,0,1
OTHER: hotels/hostels-in-vienna,0,1,0,0,1
OTHER: hotels/hostels-in-warsaw,0,1,0,0,1
OTHER: hotels/hostels-in-washington-dc,0,1,0,0,1
OTHER: hotels/hostels-in-wellington,0,1,0,0,1
OTHER: hotels/hostels-in-wengen,0,1,0,0,1
OTHER: hotels/hostels-in-whistler,0,1,0,0,1
OTHER: hotels/hostels-in-yogyakarta,0,1,0,0,1
OTHER: hotels/hostels-in-zanzibar,0,1,0,0,1
OTHER: hotels/hostels-in-zermatt,0,1,0,0,1
OTHER: hotels/hostels-in-zurich,0,1,0,0,1
OTHER: hotels/hotels-with-a-pool-in-abu-dhabi,0,1,0,0,1
OTHER: hotels/hotels-with-a-pool-in-agra,0,1,0,0,1
OTHER: hotels/hotels-with-a-pool-in-amman,0,1,0,0,1
OTHER: hotels/hotels-with-a-pool-in-amsterdam,0,1,0,0,1
OTHER: hotels/hotels-with-a-pool-in-antwerp,0,1,0,0,1
OTHER: hotels/hotels-with-a-pool-in-athens,0,1,0,0,1
OTHER: hotels/hotels-with-a-pool-in-auckland,0,1,0,0,1
OTHER: hotels/hotels-with-a-pool-in-austin,0,1,0,0,1
OTHER: hotels/hotels-with-a-pool-in-bali,0,1,0,0,1
OTHER: hotels/hotels-with-a-pool-in-banff,0,1,0,0,1
OTHER: hotels/hotels-with-a-pool-in-bangkok,0,1,0,0,1
OTHER: hotels/hotels-with-a-pool-in-barcelona,0,1,0,0,1
OTHER: hotels/hotels-with-a-pool-in-basel,0,1,0,0,1
OTHER: hotels/hotels-with-a-pool-in-beijing,0,1,0,0,1
OTHER: hotels/hotels-with-a-pool-in-bergen,0,1,0,0,1
OTHER: hotels/hotels-with-a-pool-in-berlin,0,1,0,0,1
OTHER: hotels/hotels-with-a-pool-in-bern,0,1,0,0,1
OTHER: hotels/hotels-with-a-pool-in-blue-ridge,0,1,0,0,1
OTHER: hotels/hotels-with-a-pool-in-bogota,0,1,0,0,1
OTHER: hotels/hotels-with-a-pool-in-bologna,0,1,0,0,1
OTHER: hotels/hotels-with-a-pool-in-bora-bora,0,1,0,0,1
OTHER: hotels/hotels-with-a-pool-in-boracay,0,1,0,0,1
OTHER: hotels/hotels-with-a-pool-in-bordeaux,0,1,0,0,1
OTHER: hotels/hotels-with-a-pool-in-boston,0,1,0,0,1
OTHER: hotels/hotels-with-a-pool-in-brisbane,0,1,0,0,1
OTHER: hotels/hotels-with-a-pool-in-broken-bow,0,1,0,0,1
OTHER: hotels/hotels-with-a-pool-in-bruges,0,1,0,0,1
OTHER: hotels/hotels-with-a-pool-in-brussels,0,1,0,0,1
OTHER: hotels/hotels-with-a-pool-in-bucharest,0,1,0,0,1
OTHER: hotels/hotels-with-a-pool-in-budapest,0,1,0,0,1
OTHER: hotels/hotels-with-a-pool-in-buenos-aires,0,1,0,0,1
OTHER: hotels/hotels-with-a-pool-in-busan,0,1,0,0,1
OTHER: hotels/hotels-with-a-pool-in-cabo-san-lucas,0,1,0,0,1
OTHER: hotels/hotels-with-a-pool-in-cairns,0,1,0,0,1
OTHER: hotels/hotels-with-a-pool-in-cairo,0,1,0,0,1
OTHER: hotels/hotels-with-a-pool-in-cancun,0,1,0,0,1
OTHER: hotels/hotels-with-a-pool-in-cape-town,0,1,0,0,1
OTHER: hotels/hotels-with-a-pool-in-cappadocia,0,1,0,0,1
OTHER: hotels/hotels-with-a-pool-in-cartagena,0,1,0,0,1
OTHER: hotels/hotels-with-a-pool-in-casablanca,0,1,0,0,1
OTHER: hotels/hotels-with-a-pool-in-cebu,0,1,0,0,1
OTHER: hotels/hotels-with-a-pool-in-charleston,0,1,0,0,1
OTHER: hotels/hotels-with-a-pool-in-chefchaouen,0,1,0,0,1
OTHER: hotels/hotels-with-a-pool-in-chiang-mai,0,1,0,0,1
OTHER: hotels/hotels-with-a-pool-in-chicago,0,1,0,0,1
OTHER: hotels/hotels-with-a-pool-in-cinque-terre,0,1,0,0,1
OTHER: hotels/hotels-with-a-pool-in-cologne,0,1,0,0,1
OTHER: hotels/hotels-with-a-pool-in-colombo,0,1,0,0,1
OTHER: hotels/hotels-with-a-pool-in-copenhagen,0,1,0,0,1
OTHER: hotels/hotels-with-a-pool-in-corfu,0,1,0,0,1
OTHER: hotels/hotels-with-a-pool-in-crete,0,1,0,0,1
OTHER: hotels/hotels-with-a-pool-in-cusco,0,1,0,0,1
OTHER: hotels/hotels-with-a-pool-in-da-nang,0,1,0,0,1
OTHER: hotels/hotels-with-a-pool-in-delhi,0,1,0,0,1
OTHER: hotels/hotels-with-a-pool-in-denver,0,1,0,0,1
OTHER: hotels/hotels-with-a-pool-in-destin,0,1,0,0,1
OTHER: hotels/hotels-with-a-pool-in-doha,0,1,0,0,1
OTHER: hotels/hotels-with-a-pool-in-dubai,0,1,0,0,1
OTHER: hotels/hotels-with-a-pool-in-dublin,0,1,0,0,1
OTHER: hotels/hotels-with-a-pool-in-dubrovnik,0,1,0,0,1
OTHER: hotels/hotels-with-a-pool-in-edinburgh,0,1,0,0,1
OTHER: hotels/hotels-with-a-pool-in-el-nido,0,1,0,0,1
OTHER: hotels/hotels-with-a-pool-in-fes,0,1,0,0,1
OTHER: hotels/hotels-with-a-pool-in-florence,0,1,0,0,1
OTHER: hotels/hotels-with-a-pool-in-fukuoka,0,1,0,0,1
OTHER: hotels/hotels-with-a-pool-in-gatlinburg,0,1,0,0,1
OTHER: hotels/hotels-with-a-pool-in-geneva,0,1,0,0,1
OTHER: hotels/hotels-with-a-pool-in-goa,0,1,0,0,1
OTHER: hotels/hotels-with-a-pool-in-gold-coast,0,1,0,0,1
OTHER: hotels/hotels-with-a-pool-in-granada,0,1,0,0,1
OTHER: hotels/hotels-with-a-pool-in-grindelwald,0,1,0,0,1
OTHER: hotels/hotels-with-a-pool-in-hakone,0,1,0,0,1
OTHER: hotels/hotels-with-a-pool-in-hallstatt,0,1,0,0,1
OTHER: hotels/hotels-with-a-pool-in-hamburg,0,1,0,0,1
OTHER: hotels/hotels-with-a-pool-in-hanoi,0,1,0,0,1
OTHER: hotels/hotels-with-a-pool-in-havana,0,1,0,0,1
OTHER: hotels/hotels-with-a-pool-in-helsinki,0,1,0,0,1
OTHER: hotels/hotels-with-a-pool-in-hiroshima,0,1,0,0,1
OTHER: hotels/hotels-with-a-pool-in-ho-chi-minh-city,0,1,0,0,1
OTHER: hotels/hotels-with-a-pool-in-hoi-an,0,1,0,0,1
OTHER: hotels/hotels-with-a-pool-in-hong-kong,0,1,0,0,1
OTHER: hotels/hotels-with-a-pool-in-honolulu,0,1,0,0,1
OTHER: hotels/hotels-with-a-pool-in-hue,0,1,0,0,1
OTHER: hotels/hotels-with-a-pool-in-ibiza,0,1,0,0,1
OTHER: hotels/hotels-with-a-pool-in-innsbruck,0,1,0,0,1
OTHER: hotels/hotels-with-a-pool-in-interlaken,0,1,0,0,1
OTHER: hotels/hotels-with-a-pool-in-istanbul,0,1,0,0,1
OTHER: hotels/hotels-with-a-pool-in-jaipur,0,1,0,0,1
OTHER: hotels/hotels-with-a-pool-in-jeju,0,1,0,0,1
OTHER: hotels/hotels-with-a-pool-in-jodhpur,0,1,0,0,1
OTHER: hotels/hotels-with-a-pool-in-johannesburg,0,1,0,0,1
OTHER: hotels/hotels-with-a-pool-in-kanazawa,0,1,0,0,1
OTHER: hotels/hotels-with-a-pool-in-kandy,0,1,0,0,1
OTHER: hotels/hotels-with-a-pool-in-kathmandu,0,1,0,0,1
OTHER: hotels/hotels-with-a-pool-in-koh-samui,0,1,0,0,1
OTHER: hotels/hotels-with-a-pool-in-krabi,0,1,0,0,1
OTHER: hotels/hotels-with-a-pool-in-krakow,0,1,0,0,1
OTHER: hotels/hotels-with-a-pool-in-kuala-lumpur,0,1,0,0,1
OTHER: hotels/hotels-with-a-pool-in-kyoto,0,1,0,0,1
OTHER: hotels/hotels-with-a-pool-in-lake-bled,0,1,0,0,1
OTHER: hotels/hotels-with-a-pool-in-lake-como,0,1,0,0,1
OTHER: hotels/hotels-with-a-pool-in-lake-tahoe,0,1,0,0,1
OTHER: hotels/hotels-with-a-pool-in-langkawi,0,1,0,0,1
OTHER: hotels/hotels-with-a-pool-in-las-vegas,0,1,0,0,1
OTHER: hotels/hotels-with-a-pool-in-lauterbrunnen,0,1,0,0,1
OTHER: hotels/hotels-with-a-pool-in-lima,0,1,0,0,1
OTHER: hotels/hotels-with-a-pool-in-lisbon,0,1,0,0,1
OTHER: hotels/hotels-with-a-pool-in-london,0,1,0,0,1
OTHER: hotels/hotels-with-a-pool-in-los-angeles,0,1,0,0,1
OTHER: hotels/hotels-with-a-pool-in-luang-prabang,0,1,0,0,1
OTHER: hotels/hotels-with-a-pool-in-lucerne,0,1,0,0,1
OTHER: hotels/hotels-with-a-pool-in-lugano,0,1,0,0,1
OTHER: hotels/hotels-with-a-pool-in-luxor,0,1,0,0,1
OTHER: hotels/hotels-with-a-pool-in-lyon,0,1,0,0,1
OTHER: hotels/hotels-with-a-pool-in-madeira,0,1,0,0,1
OTHER: hotels/hotels-with-a-pool-in-madrid,0,1,0,0,1
OTHER: hotels/hotels-with-a-pool-in-malaga,0,1,0,0,1
OTHER: hotels/hotels-with-a-pool-in-maldives,0,1,0,0,1
OTHER: hotels/hotels-with-a-pool-in-mallorca,0,1,0,0,1
OTHER: hotels/hotels-with-a-pool-in-manila,0,1,0,0,1
OTHER: hotels/hotels-with-a-pool-in-marrakech,0,1,0,0,1
OTHER: hotels/hotels-with-a-pool-in-marseille,0,1,0,0,1
OTHER: hotels/hotels-with-a-pool-in-matera,0,1,0,0,1
OTHER: hotels/hotels-with-a-pool-in-maui,0,1,0,0,1
OTHER: hotels/hotels-with-a-pool-in-mauritius,0,1,0,0,1
OTHER: hotels/hotels-with-a-pool-in-medellin,0,1,0,0,1
OTHER: hotels/hotels-with-a-pool-in-melbourne,0,1,0,0,1
OTHER: hotels/hotels-with-a-pool-in-merida,0,1,0,0,1
OTHER: hotels/hotels-with-a-pool-in-mexico-city,0,1,0,0,1
OTHER: hotels/hotels-with-a-pool-in-miami,0,1,0,0,1
OTHER: hotels/hotels-with-a-pool-in-milan,0,1,0,0,1
OTHER: hotels/hotels-with-a-pool-in-montreal,0,1,0,0,1
OTHER: hotels/hotels-with-a-pool-in-montreux,0,1,0,0,1
OTHER: hotels/hotels-with-a-pool-in-mumbai,0,1,0,0,1
OTHER: hotels/hotels-with-a-pool-in-munich,0,1,0,0,1
OTHER: hotels/hotels-with-a-pool-in-murren,0,1,0,0,1
OTHER: hotels/hotels-with-a-pool-in-muscat,0,1,0,0,1
OTHER: hotels/hotels-with-a-pool-in-mykonos,0,1,0,0,1
OTHER: hotels/hotels-with-a-pool-in-myrtle-beach,0,1,0,0,1
OTHER: hotels/hotels-with-a-pool-in-nadi,0,1,0,0,1
OTHER: hotels/hotels-with-a-pool-in-nairobi,0,1,0,0,1
OTHER: hotels/hotels-with-a-pool-in-naples,0,1,0,0,1
OTHER: hotels/hotels-with-a-pool-in-nara,0,1,0,0,1
OTHER: hotels/hotels-with-a-pool-in-nashville,0,1,0,0,1
OTHER: hotels/hotels-with-a-pool-in-new-orleans,0,1,0,0,1
OTHER: hotels/hotels-with-a-pool-in-new-york,0,1,0,0,1
OTHER: hotels/hotels-with-a-pool-in-nice,0,1,0,0,1
OTHER: hotels/hotels-with-a-pool-in-oaxaca,0,1,0,0,1
OTHER: hotels/hotels-with-a-pool-in-okinawa,0,1,0,0,1
OTHER: hotels/hotels-with-a-pool-in-orlando,0,1,0,0,1
OTHER: hotels/hotels-with-a-pool-in-osaka,0,1,0,0,1
OTHER: hotels/hotels-with-a-pool-in-oslo,0,1,0,0,1
OTHER: hotels/hotels-with-a-pool-in-outer-banks,0,1,0,0,1
OTHER: hotels/hotels-with-a-pool-in-palermo,0,1,0,0,1
OTHER: hotels/hotels-with-a-pool-in-palm-springs,0,1,0,0,1
OTHER: hotels/hotels-with-a-pool-in-panama-city,0,1,0,0,1
OTHER: hotels/hotels-with-a-pool-in-paris,0,1,0,0,1
OTHER: hotels/hotels-with-a-pool-in-pattaya,0,1,0,0,1
OTHER: hotels/hotels-with-a-pool-in-penang,0,1,0,0,1
OTHER: hotels/hotels-with-a-pool-in-perth,0,1,0,0,1
OTHER: hotels/hotels-with-a-pool-in-petra,0,1,0,0,1
OTHER: hotels/hotels-with-a-pool-in-phuket,0,1,0,0,1
OTHER: hotels/hotels-with-a-pool-in-playa-del-carmen,0,1,0,0,1
OTHER: hotels/hotels-with-a-pool-in-pokhara,0,1,0,0,1
OTHER: hotels/hotels-with-a-pool-in-porto,0,1,0,0,1
OTHER: hotels/hotels-with-a-pool-in-positano,0,1,0,0,1
OTHER: hotels/hotels-with-a-pool-in-prague,0,1,0,0,1
OTHER: hotels/hotels-with-a-pool-in-puerto-vallarta,0,1,0,0,1
OTHER: hotels/hotels-with-a-pool-in-quebec-city,0,1,0,0,1
OTHER: hotels/hotels-with-a-pool-in-queenstown,0,1,0,0,1
OTHER: hotels/hotels-with-a-pool-in-quito,0,1,0,0,1
OTHER: hotels/hotels-with-a-pool-in-reykjavik,0,1,0,0,1
OTHER: hotels/hotels-with-a-pool-in-rhodes,0,1,0,0,1
OTHER: hotels/hotels-with-a-pool-in-rio-de-janeiro,0,1,0,0,1
OTHER: hotels/hotels-with-a-pool-in-rome,0,1,0,0,1
OTHER: hotels/hotels-with-a-pool-in-salzburg,0,1,0,0,1
OTHER: hotels/hotels-with-a-pool-in-san-diego,0,1,0,0,1
OTHER: hotels/hotels-with-a-pool-in-san-francisco,0,1,0,0,1
OTHER: hotels/hotels-with-a-pool-in-san-juan,0,1,0,0,1
OTHER: hotels/hotels-with-a-pool-in-san-miguel-de-allende,0,1,0,0,1
OTHER: hotels/hotels-with-a-pool-in-san-sebastian,0,1,0,0,1
OTHER: hotels/hotels-with-a-pool-in-santiago,0,1,0,0,1
OTHER: hotels/hotels-with-a-pool-in-santorini,0,1,0,0,1
OTHER: hotels/hotels-with-a-pool-in-sapporo,0,1,0,0,1
OTHER: hotels/hotels-with-a-pool-in-savannah,0,1,0,0,1
OTHER: hotels/hotels-with-a-pool-in-scottsdale,0,1,0,0,1
OTHER: hotels/hotels-with-a-pool-in-seattle,0,1,0,0,1
OTHER: hotels/hotels-with-a-pool-in-seoul,0,1,0,0,1
OTHER: hotels/hotels-with-a-pool-in-seville,0,1,0,0,1
OTHER: hotels/hotels-with-a-pool-in-shanghai,0,1,0,0,1
OTHER: hotels/hotels-with-a-pool-in-sharm-el-sheikh,0,1,0,0,1
OTHER: hotels/hotels-with-a-pool-in-siem-reap,0,1,0,0,1
OTHER: hotels/hotels-with-a-pool-in-singapore,0,1,0,0,1
OTHER: hotels/hotels-with-a-pool-in-sintra,0,1,0,0,1
OTHER: hotels/hotels-with-a-pool-in-sorrento,0,1,0,0,1
OTHER: hotels/hotels-with-a-pool-in-split,0,1,0,0,1
OTHER: hotels/hotels-with-a-pool-in-st-moritz,0,1,0,0,1
OTHER: hotels/hotels-with-a-pool-in-stockholm,0,1,0,0,1
OTHER: hotels/hotels-with-a-pool-in-strasbourg,0,1,0,0,1
OTHER: hotels/hotels-with-a-pool-in-sydney,0,1,0,0,1
OTHER: hotels/hotels-with-a-pool-in-taipei,0,1,0,0,1
OTHER: hotels/hotels-with-a-pool-in-tallinn,0,1,0,0,1
OTHER: hotels/hotels-with-a-pool-in-tel-aviv,0,1,0,0,1
OTHER: hotels/hotels-with-a-pool-in-texas-hill-country,0,1,0,0,1
OTHER: hotels/hotels-with-a-pool-in-tokyo,0,1,0,0,1
OTHER: hotels/hotels-with-a-pool-in-toronto,0,1,0,0,1
OTHER: hotels/hotels-with-a-pool-in-tulum,0,1,0,0,1
OTHER: hotels/hotels-with-a-pool-in-udaipur,0,1,0,0,1
OTHER: hotels/hotels-with-a-pool-in-ushuaia,0,1,0,0,1
OTHER: hotels/hotels-with-a-pool-in-valencia,0,1,0,0,1
OTHER: hotels/hotels-with-a-pool-in-vancouver,0,1,0,0,1
OTHER: hotels/hotels-with-a-pool-in-varanasi,0,1,0,0,1
OTHER: hotels/hotels-with-a-pool-in-venice,0,1,0,0,1
OTHER: hotels/hotels-with-a-pool-in-verona,0,1,0,0,1
OTHER: hotels/hotels-with-a-pool-in-victoria-falls,0,1,0,0,1
OTHER: hotels/hotels-with-a-pool-in-vienna,0,1,0,0,1
OTHER: hotels/hotels-with-a-pool-in-warsaw,0,1,0,0,1
OTHER: hotels/hotels-with-a-pool-in-washington-dc,0,1,0,0,1
OTHER: hotels/hotels-with-a-pool-in-wellington,0,1,0,0,1
OTHER: hotels/hotels-with-a-pool-in-wengen,0,1,0,0,1
OTHER: hotels/hotels-with-a-pool-in-whistler,0,1,0,0,1
OTHER: hotels/hotels-with-a-pool-in-yogyakarta,0,1,0,0,1
OTHER: hotels/hotels-with-a-pool-in-zanzibar,0,1,0,0,1
OTHER: hotels/hotels-with-a-pool-in-zermatt,0,1,0,0,1
OTHER: hotels/hotels-with-a-pool-in-zurich,0,1,0,0,1
OTHER: hotels/romantic-hotels-in-abu-dhabi,0,1,0,0,1
OTHER: hotels/romantic-hotels-in-agra,0,1,0,0,1
OTHER: hotels/romantic-hotels-in-amman,0,1,0,0,1
OTHER: hotels/romantic-hotels-in-amsterdam,0,1,0,0,1
OTHER: hotels/romantic-hotels-in-antwerp,0,1,0,0,1
OTHER: hotels/romantic-hotels-in-athens,0,1,0,0,1
OTHER: hotels/romantic-hotels-in-auckland,0,1,0,0,1
OTHER: hotels/romantic-hotels-in-austin,0,1,0,0,1
OTHER: hotels/romantic-hotels-in-bali,0,1,0,0,1
OTHER: hotels/romantic-hotels-in-banff,0,1,0,0,1
OTHER: hotels/romantic-hotels-in-bangkok,0,1,0,0,1
OTHER: hotels/romantic-hotels-in-barcelona,0,1,0,0,1
OTHER: hotels/romantic-hotels-in-basel,0,1,0,0,1
OTHER: hotels/romantic-hotels-in-beijing,0,1,0,0,1
OTHER: hotels/romantic-hotels-in-bergen,0,1,0,0,1
OTHER: hotels/romantic-hotels-in-berlin,0,1,0,0,1
OTHER: hotels/romantic-hotels-in-bern,0,1,0,0,1
OTHER: hotels/romantic-hotels-in-blue-ridge,0,1,0,0,1
OTHER: hotels/romantic-hotels-in-bogota,0,1,0,0,1
OTHER: hotels/romantic-hotels-in-bologna,0,1,0,0,1
OTHER: hotels/romantic-hotels-in-bora-bora,0,1,0,0,1
OTHER: hotels/romantic-hotels-in-boracay,0,1,0,0,1
OTHER: hotels/romantic-hotels-in-bordeaux,0,1,0,0,1
OTHER: hotels/romantic-hotels-in-boston,0,1,0,0,1
OTHER: hotels/romantic-hotels-in-brisbane,0,1,0,0,1
OTHER: hotels/romantic-hotels-in-broken-bow,0,1,0,0,1
OTHER: hotels/romantic-hotels-in-bruges,0,1,0,0,1
OTHER: hotels/romantic-hotels-in-brussels,0,1,0,0,1
OTHER: hotels/romantic-hotels-in-bucharest,0,1,0,0,1
OTHER: hotels/romantic-hotels-in-budapest,0,1,0,0,1
OTHER: hotels/romantic-hotels-in-buenos-aires,0,1,0,0,1
OTHER: hotels/romantic-hotels-in-busan,0,1,0,0,1
OTHER: hotels/romantic-hotels-in-cabo-san-lucas,0,1,0,0,1
OTHER: hotels/romantic-hotels-in-cairns,0,1,0,0,1
OTHER: hotels/romantic-hotels-in-cairo,0,1,0,0,1
OTHER: hotels/romantic-hotels-in-cancun,0,1,0,0,1
OTHER: hotels/romantic-hotels-in-cape-town,0,1,0,0,1
OTHER: hotels/romantic-hotels-in-cappadocia,0,1,0,0,1
OTHER: hotels/romantic-hotels-in-cartagena,0,1,0,0,1
OTHER: hotels/romantic-hotels-in-casablanca,0,1,0,0,1
OTHER: hotels/romantic-hotels-in-cebu,0,1,0,0,1
OTHER: hotels/romantic-hotels-in-charleston,0,1,0,0,1
OTHER: hotels/romantic-hotels-in-chefchaouen,0,1,0,0,1
OTHER: hotels/romantic-hotels-in-chiang-mai,0,1,0,0,1
OTHER: hotels/romantic-hotels-in-chicago,0,1,0,0,1
OTHER: hotels/romantic-hotels-in-cinque-terre,0,1,0,0,1
OTHER: hotels/romantic-hotels-in-cologne,0,1,0,0,1
OTHER: hotels/romantic-hotels-in-colombo,0,1,0,0,1
OTHER: hotels/romantic-hotels-in-copenhagen,0,1,0,0,1
OTHER: hotels/romantic-hotels-in-corfu,0,1,0,0,1
OTHER: hotels/romantic-hotels-in-crete,0,1,0,0,1
OTHER: hotels/romantic-hotels-in-cusco,0,1,0,0,1
OTHER: hotels/romantic-hotels-in-da-nang,0,1,0,0,1
OTHER: hotels/romantic-hotels-in-delhi,0,1,0,0,1
OTHER: hotels/romantic-hotels-in-denver,0,1,0,0,1
OTHER: hotels/romantic-hotels-in-destin,0,1,0,0,1
OTHER: hotels/romantic-hotels-in-doha,0,1,0,0,1
OTHER: hotels/romantic-hotels-in-dubai,0,1,0,0,1
OTHER: hotels/romantic-hotels-in-dublin,0,1,0,0,1
OTHER: hotels/romantic-hotels-in-dubrovnik,0,1,0,0,1
OTHER: hotels/romantic-hotels-in-edinburgh,0,1,0,0,1
OTHER: hotels/romantic-hotels-in-el-nido,0,1,0,0,1
OTHER: hotels/romantic-hotels-in-fes,0,1,0,0,1
OTHER: hotels/romantic-hotels-in-florence,0,1,0,0,1
OTHER: hotels/romantic-hotels-in-fukuoka,0,1,0,0,1
OTHER: hotels/romantic-hotels-in-gatlinburg,0,1,0,0,1
OTHER: hotels/romantic-hotels-in-geneva,0,1,0,0,1
OTHER: hotels/romantic-hotels-in-goa,0,1,0,0,1
OTHER: hotels/romantic-hotels-in-gold-coast,0,1,0,0,1
OTHER: hotels/romantic-hotels-in-granada,0,1,0,0,1
OTHER: hotels/romantic-hotels-in-grindelwald,0,1,0,0,1
OTHER: hotels/romantic-hotels-in-hakone,0,1,0,0,1
OTHER: hotels/romantic-hotels-in-hallstatt,0,1,0,0,1
OTHER: hotels/romantic-hotels-in-hamburg,0,1,0,0,1
OTHER: hotels/romantic-hotels-in-hanoi,0,1,0,0,1
OTHER: hotels/romantic-hotels-in-havana,0,1,0,0,1
OTHER: hotels/romantic-hotels-in-helsinki,0,1,0,0,1
OTHER: hotels/romantic-hotels-in-hiroshima,0,1,0,0,1
OTHER: hotels/romantic-hotels-in-ho-chi-minh-city,0,1,0,0,1
OTHER: hotels/romantic-hotels-in-hoi-an,0,1,0,0,1
OTHER: hotels/romantic-hotels-in-hong-kong,0,1,0,0,1
OTHER: hotels/romantic-hotels-in-honolulu,0,1,0,0,1
OTHER: hotels/romantic-hotels-in-hue,0,1,0,0,1
OTHER: hotels/romantic-hotels-in-ibiza,0,1,0,0,1
OTHER: hotels/romantic-hotels-in-innsbruck,0,1,0,0,1
OTHER: hotels/romantic-hotels-in-interlaken,0,1,0,0,1
OTHER: hotels/romantic-hotels-in-istanbul,0,1,0,0,1
OTHER: hotels/romantic-hotels-in-jaipur,0,1,0,0,1
OTHER: hotels/romantic-hotels-in-jeju,0,1,0,0,1
OTHER: hotels/romantic-hotels-in-jodhpur,0,1,0,0,1
OTHER: hotels/romantic-hotels-in-johannesburg,0,1,0,0,1
OTHER: hotels/romantic-hotels-in-kanazawa,0,1,0,0,1
OTHER: hotels/romantic-hotels-in-kandy,0,1,0,0,1
OTHER: hotels/romantic-hotels-in-kathmandu,0,1,0,0,1
OTHER: hotels/romantic-hotels-in-koh-samui,0,1,0,0,1
OTHER: hotels/romantic-hotels-in-krabi,0,1,0,0,1
OTHER: hotels/romantic-hotels-in-krakow,0,1,0,0,1
OTHER: hotels/romantic-hotels-in-kuala-lumpur,0,1,0,0,1
OTHER: hotels/romantic-hotels-in-kyoto,0,1,0,0,1
OTHER: hotels/romantic-hotels-in-lake-bled,0,1,0,0,1
OTHER: hotels/romantic-hotels-in-lake-como,0,1,0,0,1
OTHER: hotels/romantic-hotels-in-lake-tahoe,0,1,0,0,1
OTHER: hotels/romantic-hotels-in-langkawi,0,1,0,0,1
OTHER: hotels/romantic-hotels-in-las-vegas,0,1,0,0,1
OTHER: hotels/romantic-hotels-in-lauterbrunnen,0,1,0,0,1
OTHER: hotels/romantic-hotels-in-lima,0,1,0,0,1
OTHER: hotels/romantic-hotels-in-lisbon,0,1,0,0,1
OTHER: hotels/romantic-hotels-in-london,0,1,0,0,1
OTHER: hotels/romantic-hotels-in-los-angeles,0,1,0,0,1
OTHER: hotels/romantic-hotels-in-luang-prabang,0,1,0,0,1
OTHER: hotels/romantic-hotels-in-lucerne,0,1,0,0,1
OTHER: hotels/romantic-hotels-in-lugano,0,1,0,0,1
OTHER: hotels/romantic-hotels-in-luxor,0,1,0,0,1
OTHER: hotels/romantic-hotels-in-lyon,0,1,0,0,1
OTHER: hotels/romantic-hotels-in-madeira,0,1,0,0,1
OTHER: hotels/romantic-hotels-in-madrid,0,1,0,0,1
OTHER: hotels/romantic-hotels-in-malaga,0,1,0,0,1
OTHER: hotels/romantic-hotels-in-maldives,0,1,0,0,1
OTHER: hotels/romantic-hotels-in-mallorca,0,1,0,0,1
OTHER: hotels/romantic-hotels-in-manila,0,1,0,0,1
OTHER: hotels/romantic-hotels-in-marrakech,0,1,0,0,1
OTHER: hotels/romantic-hotels-in-marseille,0,1,0,0,1
OTHER: hotels/romantic-hotels-in-matera,0,1,0,0,1
OTHER: hotels/romantic-hotels-in-maui,0,1,0,0,1
OTHER: hotels/romantic-hotels-in-mauritius,0,1,0,0,1
OTHER: hotels/romantic-hotels-in-medellin,0,1,0,0,1
OTHER: hotels/romantic-hotels-in-melbourne,0,1,0,0,1
OTHER: hotels/romantic-hotels-in-merida,0,1,0,0,1
OTHER: hotels/romantic-hotels-in-mexico-city,0,1,0,0,1
OTHER: hotels/romantic-hotels-in-miami,0,1,0,0,1
OTHER: hotels/romantic-hotels-in-milan,0,1,0,0,1
OTHER: hotels/romantic-hotels-in-montreal,0,1,0,0,1
OTHER: hotels/romantic-hotels-in-montreux,0,1,0,0,1
OTHER: hotels/romantic-hotels-in-mumbai,0,1,0,0,1
OTHER: hotels/romantic-hotels-in-munich,0,1,0,0,1
OTHER: hotels/romantic-hotels-in-murren,0,1,0,0,1
OTHER: hotels/romantic-hotels-in-muscat,0,1,0,0,1
OTHER: hotels/romantic-hotels-in-mykonos,0,1,0,0,1
OTHER: hotels/romantic-hotels-in-myrtle-beach,0,1,0,0,1
OTHER: hotels/romantic-hotels-in-nadi,0,1,0,0,1
OTHER: hotels/romantic-hotels-in-nairobi,0,1,0,0,1
OTHER: hotels/romantic-hotels-in-naples,0,1,0,0,1
OTHER: hotels/romantic-hotels-in-nara,0,1,0,0,1
OTHER: hotels/romantic-hotels-in-nashville,0,1,0,0,1
OTHER: hotels/romantic-hotels-in-new-orleans,0,1,0,0,1
OTHER: hotels/romantic-hotels-in-new-york,0,1,0,0,1
OTHER: hotels/romantic-hotels-in-nice,0,1,0,0,1
OTHER: hotels/romantic-hotels-in-oaxaca,0,1,0,0,1
OTHER: hotels/romantic-hotels-in-okinawa,0,1,0,0,1
OTHER: hotels/romantic-hotels-in-orlando,0,1,0,0,1
OTHER: hotels/romantic-hotels-in-osaka,0,1,0,0,1
OTHER: hotels/romantic-hotels-in-oslo,0,1,0,0,1
OTHER: hotels/romantic-hotels-in-outer-banks,0,1,0,0,1
OTHER: hotels/romantic-hotels-in-palermo,0,1,0,0,1
OTHER: hotels/romantic-hotels-in-palm-springs,0,1,0,0,1
OTHER: hotels/romantic-hotels-in-panama-city,0,1,0,0,1
OTHER: hotels/romantic-hotels-in-paris,0,1,0,0,1
OTHER: hotels/romantic-hotels-in-pattaya,0,1,0,0,1
OTHER: hotels/romantic-hotels-in-penang,0,1,0,0,1
OTHER: hotels/romantic-hotels-in-perth,0,1,0,0,1
OTHER: hotels/romantic-hotels-in-petra,0,1,0,0,1
OTHER: hotels/romantic-hotels-in-phuket,0,1,0,0,1
OTHER: hotels/romantic-hotels-in-playa-del-carmen,0,1,0,0,1
OTHER: hotels/romantic-hotels-in-pokhara,0,1,0,0,1
OTHER: hotels/romantic-hotels-in-porto,0,1,0,0,1
OTHER: hotels/romantic-hotels-in-positano,0,1,0,0,1
OTHER: hotels/romantic-hotels-in-prague,0,1,0,0,1
OTHER: hotels/romantic-hotels-in-puerto-vallarta,0,1,0,0,1
OTHER: hotels/romantic-hotels-in-quebec-city,0,1,0,0,1
OTHER: hotels/romantic-hotels-in-queenstown,0,1,0,0,1
OTHER: hotels/romantic-hotels-in-quito,0,1,0,0,1
OTHER: hotels/romantic-hotels-in-reykjavik,0,1,0,0,1
OTHER: hotels/romantic-hotels-in-rhodes,0,1,0,0,1
OTHER: hotels/romantic-hotels-in-rio-de-janeiro,0,1,0,0,1
OTHER: hotels/romantic-hotels-in-rome,0,1,0,0,1
OTHER: hotels/romantic-hotels-in-salzburg,0,1,0,0,1
OTHER: hotels/romantic-hotels-in-san-diego,0,1,0,0,1
OTHER: hotels/romantic-hotels-in-san-francisco,0,1,0,0,1
OTHER: hotels/romantic-hotels-in-san-juan,0,1,0,0,1
OTHER: hotels/romantic-hotels-in-san-miguel-de-allende,0,1,0,0,1
OTHER: hotels/romantic-hotels-in-san-sebastian,0,1,0,0,1
OTHER: hotels/romantic-hotels-in-santiago,0,1,0,0,1
OTHER: hotels/romantic-hotels-in-santorini,0,1,0,0,1
OTHER: hotels/romantic-hotels-in-sapporo,0,1,0,0,1
OTHER: hotels/romantic-hotels-in-savannah,0,1,0,0,1
OTHER: hotels/romantic-hotels-in-scottsdale,0,1,0,0,1
OTHER: hotels/romantic-hotels-in-seattle,0,1,0,0,1
OTHER: hotels/romantic-hotels-in-seoul,0,1,0,0,1
OTHER: hotels/romantic-hotels-in-seville,0,1,0,0,1
OTHER: hotels/romantic-hotels-in-shanghai,0,1,0,0,1
OTHER: hotels/romantic-hotels-in-sharm-el-sheikh,0,1,0,0,1
OTHER: hotels/romantic-hotels-in-siem-reap,0,1,0,0,1
OTHER: hotels/romantic-hotels-in-singapore,0,1,0,0,1
OTHER: hotels/romantic-hotels-in-sintra,0,1,0,0,1
OTHER: hotels/romantic-hotels-in-sorrento,0,1,0,0,1
OTHER: hotels/romantic-hotels-in-split,0,1,0,0,1
OTHER: hotels/romantic-hotels-in-st-moritz,0,1,0,0,1
OTHER: hotels/romantic-hotels-in-stockholm,0,1,0,0,1
OTHER: hotels/romantic-hotels-in-strasbourg,0,1,0,0,1
OTHER: hotels/romantic-hotels-in-sydney,0,1,0,0,1
OTHER: hotels/romantic-hotels-in-taipei,0,1,0,0,1
OTHER: hotels/romantic-hotels-in-tallinn,0,1,0,0,1
OTHER: hotels/romantic-hotels-in-tel-aviv,0,1,0,0,1
OTHER: hotels/romantic-hotels-in-texas-hill-country,0,1,0,0,1
OTHER: hotels/romantic-hotels-in-tokyo,0,1,0,0,1
OTHER: hotels/romantic-hotels-in-toronto,0,1,0,0,1
OTHER: hotels/romantic-hotels-in-tulum,0,1,0,0,1
OTHER: hotels/romantic-hotels-in-udaipur,0,1,0,0,1
OTHER: hotels/romantic-hotels-in-ushuaia,0,1,0,0,1
OTHER: hotels/romantic-hotels-in-valencia,0,1,0,0,1
OTHER: hotels/romantic-hotels-in-vancouver,0,1,0,0,1
OTHER: hotels/romantic-hotels-in-varanasi,0,1,0,0,1
OTHER: hotels/romantic-hotels-in-venice,0,1,0,0,1
OTHER: hotels/romantic-hotels-in-verona,0,1,0,0,1
OTHER: hotels/romantic-hotels-in-victoria-falls,0,1,0,0,1
OTHER: hotels/romantic-hotels-in-vienna,0,1,0,0,1
OTHER: hotels/romantic-hotels-in-warsaw,0,1,0,0,1
OTHER: hotels/romantic-hotels-in-washington-dc,0,1,0,0,1
OTHER: hotels/romantic-hotels-in-wellington,0,1,0,0,1
OTHER: hotels/romantic-hotels-in-wengen,0,1,0,0,1
OTHER: hotels/romantic-hotels-in-whistler,0,1,0,0,1
OTHER: hotels/romantic-hotels-in-yogyakarta,0,1,0,0,1
OTHER: hotels/romantic-hotels-in-zanzibar,0,1,0,0,1
OTHER: hotels/romantic-hotels-in-zermatt,0,1,0,0,1
OTHER: hotels/romantic-hotels-in-zurich,0,1,0,0,1
OTHER: hotels/rooftop-bar-hotels-in-abu-dhabi,0,1,0,0,1
OTHER: hotels/rooftop-bar-hotels-in-agra,0,1,0,0,1
OTHER: hotels/rooftop-bar-hotels-in-amman,0,1,0,0,1
OTHER: hotels/rooftop-bar-hotels-in-amsterdam,0,1,0,0,1
OTHER: hotels/rooftop-bar-hotels-in-antwerp,0,1,0,0,1
OTHER: hotels/rooftop-bar-hotels-in-athens,0,1,0,0,1
OTHER: hotels/rooftop-bar-hotels-in-auckland,0,1,0,0,1
OTHER: hotels/rooftop-bar-hotels-in-austin,0,1,0,0,1
OTHER: hotels/rooftop-bar-hotels-in-bali,0,1,0,0,1
OTHER: hotels/rooftop-bar-hotels-in-banff,0,1,0,0,1
OTHER: hotels/rooftop-bar-hotels-in-bangkok,0,1,0,0,1
OTHER: hotels/rooftop-bar-hotels-in-barcelona,0,1,0,0,1
OTHER: hotels/rooftop-bar-hotels-in-basel,0,1,0,0,1
OTHER: hotels/rooftop-bar-hotels-in-beijing,0,1,0,0,1
OTHER: hotels/rooftop-bar-hotels-in-bergen,0,1,0,0,1
OTHER: hotels/rooftop-bar-hotels-in-berlin,0,1,0,0,1
OTHER: hotels/rooftop-bar-hotels-in-bern,0,1,0,0,1
OTHER: hotels/rooftop-bar-hotels-in-blue-ridge,0,1,0,0,1
OTHER: hotels/rooftop-bar-hotels-in-bogota,0,1,0,0,1
OTHER: hotels/rooftop-bar-hotels-in-bologna,0,1,0,0,1
OTHER: hotels/rooftop-bar-hotels-in-bora-bora,0,1,0,0,1
OTHER: hotels/rooftop-bar-hotels-in-boracay,0,1,0,0,1
OTHER: hotels/rooftop-bar-hotels-in-bordeaux,0,1,0,0,1
OTHER: hotels/rooftop-bar-hotels-in-boston,0,1,0,0,1
OTHER: hotels/rooftop-bar-hotels-in-brisbane,0,1,0,0,1
OTHER: hotels/rooftop-bar-hotels-in-broken-bow,0,1,0,0,1
OTHER: hotels/rooftop-bar-hotels-in-bruges,0,1,0,0,1
OTHER: hotels/rooftop-bar-hotels-in-brussels,0,1,0,0,1
OTHER: hotels/rooftop-bar-hotels-in-bucharest,0,1,0,0,1
OTHER: hotels/rooftop-bar-hotels-in-budapest,0,1,0,0,1
OTHER: hotels/rooftop-bar-hotels-in-buenos-aires,0,1,0,0,1
OTHER: hotels/rooftop-bar-hotels-in-busan,0,1,0,0,1
OTHER: hotels/rooftop-bar-hotels-in-cabo-san-lucas,0,1,0,0,1
OTHER: hotels/rooftop-bar-hotels-in-cairns,0,1,0,0,1
OTHER: hotels/rooftop-bar-hotels-in-cairo,0,1,0,0,1
OTHER: hotels/rooftop-bar-hotels-in-cancun,0,1,0,0,1
OTHER: hotels/rooftop-bar-hotels-in-cape-town,0,1,0,0,1
OTHER: hotels/rooftop-bar-hotels-in-cappadocia,0,1,0,0,1
OTHER: hotels/rooftop-bar-hotels-in-cartagena,0,1,0,0,1
OTHER: hotels/rooftop-bar-hotels-in-casablanca,0,1,0,0,1
OTHER: hotels/rooftop-bar-hotels-in-cebu,0,1,0,0,1
OTHER: hotels/rooftop-bar-hotels-in-charleston,0,1,0,0,1
OTHER: hotels/rooftop-bar-hotels-in-chefchaouen,0,1,0,0,1
OTHER: hotels/rooftop-bar-hotels-in-chiang-mai,0,1,0,0,1
OTHER: hotels/rooftop-bar-hotels-in-chicago,0,1,0,0,1
OTHER: hotels/rooftop-bar-hotels-in-cinque-terre,0,1,0,0,1
OTHER: hotels/rooftop-bar-hotels-in-cologne,0,1,0,0,1
OTHER: hotels/rooftop-bar-hotels-in-colombo,0,1,0,0,1
OTHER: hotels/rooftop-bar-hotels-in-copenhagen,0,1,0,0,1
OTHER: hotels/rooftop-bar-hotels-in-corfu,0,1,0,0,1
OTHER: hotels/rooftop-bar-hotels-in-crete,0,1,0,0,1
OTHER: hotels/rooftop-bar-hotels-in-cusco,0,1,0,0,1
OTHER: hotels/rooftop-bar-hotels-in-da-nang,0,1,0,0,1
OTHER: hotels/rooftop-bar-hotels-in-delhi,0,1,0,0,1
OTHER: hotels/rooftop-bar-hotels-in-denver,0,1,0,0,1
OTHER: hotels/rooftop-bar-hotels-in-destin,0,1,0,0,1
OTHER: hotels/rooftop-bar-hotels-in-doha,0,1,0,0,1
OTHER: hotels/rooftop-bar-hotels-in-dubai,0,1,0,0,1
OTHER: hotels/rooftop-bar-hotels-in-dublin,0,1,0,0,1
OTHER: hotels/rooftop-bar-hotels-in-dubrovnik,0,1,0,0,1
OTHER: hotels/rooftop-bar-hotels-in-edinburgh,0,1,0,0,1
OTHER: hotels/rooftop-bar-hotels-in-el-nido,0,1,0,0,1
OTHER: hotels/rooftop-bar-hotels-in-fes,0,1,0,0,1
OTHER: hotels/rooftop-bar-hotels-in-florence,0,1,0,0,1
OTHER: hotels/rooftop-bar-hotels-in-fukuoka,0,1,0,0,1
OTHER: hotels/rooftop-bar-hotels-in-gatlinburg,0,1,0,0,1
OTHER: hotels/rooftop-bar-hotels-in-geneva,0,1,0,0,1
OTHER: hotels/rooftop-bar-hotels-in-goa,0,1,0,0,1
OTHER: hotels/rooftop-bar-hotels-in-gold-coast,0,1,0,0,1
OTHER: hotels/rooftop-bar-hotels-in-granada,0,1,0,0,1
OTHER: hotels/rooftop-bar-hotels-in-grindelwald,0,1,0,0,1
OTHER: hotels/rooftop-bar-hotels-in-hakone,0,1,0,0,1
OTHER: hotels/rooftop-bar-hotels-in-hallstatt,0,1,0,0,1
OTHER: hotels/rooftop-bar-hotels-in-hamburg,0,1,0,0,1
OTHER: hotels/rooftop-bar-hotels-in-hanoi,0,1,0,0,1
OTHER: hotels/rooftop-bar-hotels-in-havana,0,1,0,0,1
OTHER: hotels/rooftop-bar-hotels-in-helsinki,0,1,0,0,1
OTHER: hotels/rooftop-bar-hotels-in-hiroshima,0,1,0,0,1
OTHER: hotels/rooftop-bar-hotels-in-ho-chi-minh-city,0,1,0,0,1
OTHER: hotels/rooftop-bar-hotels-in-hoi-an,0,1,0,0,1
OTHER: hotels/rooftop-bar-hotels-in-hong-kong,0,1,0,0,1
OTHER: hotels/rooftop-bar-hotels-in-honolulu,0,1,0,0,1
OTHER: hotels/rooftop-bar-hotels-in-hue,0,1,0,0,1
OTHER: hotels/rooftop-bar-hotels-in-ibiza,0,1,0,0,1
OTHER: hotels/rooftop-bar-hotels-in-innsbruck,0,1,0,0,1
OTHER: hotels/rooftop-bar-hotels-in-interlaken,0,1,0,0,1
OTHER: hotels/rooftop-bar-hotels-in-istanbul,0,1,0,0,1
OTHER: hotels/rooftop-bar-hotels-in-jaipur,0,1,0,0,1
OTHER: hotels/rooftop-bar-hotels-in-jeju,0,1,0,0,1
OTHER: hotels/rooftop-bar-hotels-in-jodhpur,0,1,0,0,1
OTHER: hotels/rooftop-bar-hotels-in-johannesburg,0,1,0,0,1
OTHER: hotels/rooftop-bar-hotels-in-kanazawa,0,1,0,0,1
OTHER: hotels/rooftop-bar-hotels-in-kandy,0,1,0,0,1
OTHER: hotels/rooftop-bar-hotels-in-kathmandu,0,1,0,0,1
OTHER: hotels/rooftop-bar-hotels-in-koh-samui,0,1,0,0,1
OTHER: hotels/rooftop-bar-hotels-in-krabi,0,1,0,0,1
OTHER: hotels/rooftop-bar-hotels-in-krakow,0,1,0,0,1
OTHER: hotels/rooftop-bar-hotels-in-kuala-lumpur,0,1,0,0,1
OTHER: hotels/rooftop-bar-hotels-in-kyoto,0,1,0,0,1
OTHER: hotels/rooftop-bar-hotels-in-lake-bled,0,1,0,0,1
OTHER: hotels/rooftop-bar-hotels-in-lake-como,0,1,0,0,1
OTHER: hotels/rooftop-bar-hotels-in-lake-tahoe,0,1,0,0,1
OTHER: hotels/rooftop-bar-hotels-in-langkawi,0,1,0,0,1
OTHER: hotels/rooftop-bar-hotels-in-las-vegas,0,1,0,0,1
OTHER: hotels/rooftop-bar-hotels-in-lauterbrunnen,0,1,0,0,1
OTHER: hotels/rooftop-bar-hotels-in-lima,0,1,0,0,1
OTHER: hotels/rooftop-bar-hotels-in-lisbon,0,1,0,0,1
OTHER: hotels/rooftop-bar-hotels-in-london,0,1,0,0,1
OTHER: hotels/rooftop-bar-hotels-in-los-angeles,0,1,0,0,1
OTHER: hotels/rooftop-bar-hotels-in-luang-prabang,0,1,0,0,1
OTHER: hotels/rooftop-bar-hotels-in-lucerne,0,1,0,0,1
OTHER: hotels/rooftop-bar-hotels-in-lugano,0,1,0,0,1
OTHER: hotels/rooftop-bar-hotels-in-luxor,0,1,0,0,1
OTHER: hotels/rooftop-bar-hotels-in-lyon,0,1,0,0,1
OTHER: hotels/rooftop-bar-hotels-in-madeira,0,1,0,0,1
OTHER: hotels/rooftop-bar-hotels-in-madrid,0,1,0,0,1
OTHER: hotels/rooftop-bar-hotels-in-malaga,0,1,0,0,1
OTHER: hotels/rooftop-bar-hotels-in-maldives,0,1,0,0,1
OTHER: hotels/rooftop-bar-hotels-in-mallorca,0,1,0,0,1
OTHER: hotels/rooftop-bar-hotels-in-manila,0,1,0,0,1
OTHER: hotels/rooftop-bar-hotels-in-marrakech,0,1,0,0,1
OTHER: hotels/rooftop-bar-hotels-in-marseille,0,1,0,0,1
OTHER: hotels/rooftop-bar-hotels-in-matera,0,1,0,0,1
OTHER: hotels/rooftop-bar-hotels-in-maui,0,1,0,0,1
OTHER: hotels/rooftop-bar-hotels-in-mauritius,0,1,0,0,1
OTHER: hotels/rooftop-bar-hotels-in-medellin,0,1,0,0,1
OTHER: hotels/rooftop-bar-hotels-in-melbourne,0,1,0,0,1
OTHER: hotels/rooftop-bar-hotels-in-merida,0,1,0,0,1
OTHER: hotels/rooftop-bar-hotels-in-mexico-city,0,1,0,0,1
OTHER: hotels/rooftop-bar-hotels-in-miami,0,1,0,0,1
OTHER: hotels/rooftop-bar-hotels-in-milan,0,1,0,0,1
OTHER: hotels/rooftop-bar-hotels-in-montreal,0,1,0,0,1
OTHER: hotels/rooftop-bar-hotels-in-montreux,0,1,0,0,1
OTHER: hotels/rooftop-bar-hotels-in-mumbai,0,1,0,0,1
OTHER: hotels/rooftop-bar-hotels-in-munich,0,1,0,0,1
OTHER: hotels/rooftop-bar-hotels-in-murren,0,1,0,0,1
OTHER: hotels/rooftop-bar-hotels-in-muscat,0,1,0,0,1
OTHER: hotels/rooftop-bar-hotels-in-mykonos,0,1,0,0,1
OTHER: hotels/rooftop-bar-hotels-in-myrtle-beach,0,1,0,0,1
OTHER: hotels/rooftop-bar-hotels-in-nadi,0,1,0,0,1
OTHER: hotels/rooftop-bar-hotels-in-nairobi,0,1,0,0,1
OTHER: hotels/rooftop-bar-hotels-in-naples,0,1,0,0,1
OTHER: hotels/rooftop-bar-hotels-in-nara,0,1,0,0,1
OTHER: hotels/rooftop-bar-hotels-in-nashville,0,1,0,0,1
OTHER: hotels/rooftop-bar-hotels-in-new-orleans,0,1,0,0,1
OTHER: hotels/rooftop-bar-hotels-in-new-york,0,1,0,0,1
OTHER: hotels/rooftop-bar-hotels-in-nice,0,1,0,0,1
OTHER: hotels/rooftop-bar-hotels-in-oaxaca,0,1,0,0,1
OTHER: hotels/rooftop-bar-hotels-in-okinawa,0,1,0,0,1
OTHER: hotels/rooftop-bar-hotels-in-orlando,0,1,0,0,1
OTHER: hotels/rooftop-bar-hotels-in-osaka,0,1,0,0,1
OTHER: hotels/rooftop-bar-hotels-in-oslo,0,1,0,0,1
OTHER: hotels/rooftop-bar-hotels-in-outer-banks,0,1,0,0,1
OTHER: hotels/rooftop-bar-hotels-in-palermo,0,1,0,0,1
OTHER: hotels/rooftop-bar-hotels-in-palm-springs,0,1,0,0,1
OTHER: hotels/rooftop-bar-hotels-in-panama-city,0,1,0,0,1
OTHER: hotels/rooftop-bar-hotels-in-paris,0,1,0,0,1
OTHER: hotels/rooftop-bar-hotels-in-pattaya,0,1,0,0,1
OTHER: hotels/rooftop-bar-hotels-in-penang,0,1,0,0,1
OTHER: hotels/rooftop-bar-hotels-in-perth,0,1,0,0,1
OTHER: hotels/rooftop-bar-hotels-in-petra,0,1,0,0,1
OTHER: hotels/rooftop-bar-hotels-in-phuket,0,1,0,0,1
OTHER: hotels/rooftop-bar-hotels-in-playa-del-carmen,0,1,0,0,1
OTHER: hotels/rooftop-bar-hotels-in-pokhara,0,1,0,0,1
OTHER: hotels/rooftop-bar-hotels-in-porto,0,1,0,0,1
OTHER: hotels/rooftop-bar-hotels-in-positano,0,1,0,0,1
OTHER: hotels/rooftop-bar-hotels-in-prague,0,1,0,0,1
OTHER: hotels/rooftop-bar-hotels-in-puerto-vallarta,0,1,0,0,1
OTHER: hotels/rooftop-bar-hotels-in-quebec-city,0,1,0,0,1
OTHER: hotels/rooftop-bar-hotels-in-queenstown,0,1,0,0,1
OTHER: hotels/rooftop-bar-hotels-in-quito,0,1,0,0,1
OTHER: hotels/rooftop-bar-hotels-in-reykjavik,0,1,0,0,1
OTHER: hotels/rooftop-bar-hotels-in-rhodes,0,1,0,0,1
OTHER: hotels/rooftop-bar-hotels-in-rio-de-janeiro,0,1,0,0,1
OTHER: hotels/rooftop-bar-hotels-in-rome,0,1,0,0,1
OTHER: hotels/rooftop-bar-hotels-in-salzburg,0,1,0,0,1
OTHER: hotels/rooftop-bar-hotels-in-san-diego,0,1,0,0,1
OTHER: hotels/rooftop-bar-hotels-in-san-francisco,0,1,0,0,1
OTHER: hotels/rooftop-bar-hotels-in-san-juan,0,1,0,0,1
OTHER: hotels/rooftop-bar-hotels-in-san-miguel-de-allende,0,1,0,0,1
OTHER: hotels/rooftop-bar-hotels-in-san-sebastian,0,1,0,0,1
OTHER: hotels/rooftop-bar-hotels-in-santiago,0,1,0,0,1
OTHER: hotels/rooftop-bar-hotels-in-santorini,0,1,0,0,1
OTHER: hotels/rooftop-bar-hotels-in-sapporo,0,1,0,0,1
OTHER: hotels/rooftop-bar-hotels-in-savannah,0,1,0,0,1
OTHER: hotels/rooftop-bar-hotels-in-scottsdale,0,1,0,0,1
OTHER: hotels/rooftop-bar-hotels-in-seattle,0,1,0,0,1
OTHER: hotels/rooftop-bar-hotels-in-seoul,0,1,0,0,1
OTHER: hotels/rooftop-bar-hotels-in-seville,0,1,0,0,1
OTHER: hotels/rooftop-bar-hotels-in-shanghai,0,1,0,0,1
OTHER: hotels/rooftop-bar-hotels-in-sharm-el-sheikh,0,1,0,0,1
OTHER: hotels/rooftop-bar-hotels-in-siem-reap,0,1,0,0,1
OTHER: hotels/rooftop-bar-hotels-in-singapore,0,1,0,0,1
OTHER: hotels/rooftop-bar-hotels-in-sintra,0,1,0,0,1
OTHER: hotels/rooftop-bar-hotels-in-sorrento,0,1,0,0,1
OTHER: hotels/rooftop-bar-hotels-in-split,0,1,0,0,1
OTHER: hotels/rooftop-bar-hotels-in-st-moritz,0,1,0,0,1
OTHER: hotels/rooftop-bar-hotels-in-stockholm,0,1,0,0,1
OTHER: hotels/rooftop-bar-hotels-in-strasbourg,0,1,0,0,1
OTHER: hotels/rooftop-bar-hotels-in-sydney,0,1,0,0,1
OTHER: hotels/rooftop-bar-hotels-in-taipei,0,1,0,0,1
OTHER: hotels/rooftop-bar-hotels-in-tallinn,0,1,0,0,1
OTHER: hotels/rooftop-bar-hotels-in-tel-aviv,0,1,0,0,1
OTHER: hotels/rooftop-bar-hotels-in-texas-hill-country,0,1,0,0,1
OTHER: hotels/rooftop-bar-hotels-in-tokyo,0,1,0,0,1
OTHER: hotels/rooftop-bar-hotels-in-toronto,0,1,0,0,1
OTHER: hotels/rooftop-bar-hotels-in-tulum,0,1,0,0,1
OTHER: hotels/rooftop-bar-hotels-in-udaipur,0,1,0,0,1
OTHER: hotels/rooftop-bar-hotels-in-ushuaia,0,1,0,0,1
OTHER: hotels/rooftop-bar-hotels-in-valencia,0,1,0,0,1
OTHER: hotels/rooftop-bar-hotels-in-vancouver,0,1,0,0,1
OTHER: hotels/rooftop-bar-hotels-in-varanasi,0,1,0,0,1
OTHER: hotels/rooftop-bar-hotels-in-venice,0,1,0,0,1
OTHER: hotels/rooftop-bar-hotels-in-verona,0,1,0,0,1
OTHER: hotels/rooftop-bar-hotels-in-victoria-falls,0,1,0,0,1
OTHER: hotels/rooftop-bar-hotels-in-vienna,0,1,0,0,1
OTHER: hotels/rooftop-bar-hotels-in-warsaw,0,1,0,0,1
OTHER: hotels/rooftop-bar-hotels-in-washington-dc,0,1,0,0,1
OTHER: hotels/rooftop-bar-hotels-in-wellington,0,1,0,0,1
OTHER: hotels/rooftop-bar-hotels-in-wengen,0,1,0,0,1
OTHER: hotels/rooftop-bar-hotels-in-whistler,0,1,0,0,1
OTHER: hotels/rooftop-bar-hotels-in-yogyakarta,0,1,0,0,1
OTHER: hotels/rooftop-bar-hotels-in-zanzibar,0,1,0,0,1
OTHER: hotels/rooftop-bar-hotels-in-zermatt,0,1,0,0,1
OTHER: hotels/rooftop-bar-hotels-in-zurich,0,1,0,0,1
OTHER: hotels/ski-hotels-in-auckland,0,1,0,0,1
OTHER: hotels/ski-hotels-in-banff,0,1,0,0,1
OTHER: hotels/ski-hotels-in-denver,0,1,0,0,1
OTHER: hotels/ski-hotels-in-geneva,0,1,0,0,1
OTHER: hotels/ski-hotels-in-grindelwald,0,1,0,0,1
OTHER: hotels/ski-hotels-in-hallstatt,0,1,0,0,1
OTHER: hotels/ski-hotels-in-interlaken,0,1,0,0,1
OTHER: hotels/ski-hotels-in-lake-bled,0,1,0,0,1
OTHER: hotels/ski-hotels-in-lake-como,0,1,0,0,1
OTHER: hotels/ski-hotels-in-lauterbrunnen,0,1,0,0,1
OTHER: hotels/ski-hotels-in-lucerne,0,1,0,0,1
OTHER: hotels/ski-hotels-in-lugano,0,1,0,0,1
OTHER: hotels/ski-hotels-in-montreux,0,1,0,0,1
OTHER: hotels/ski-hotels-in-murren,0,1,0,0,1
OTHER: hotels/ski-hotels-in-queenstown,0,1,0,0,1
OTHER: hotels/ski-hotels-in-reykjavik,0,1,0,0,1
OTHER: hotels/ski-hotels-in-salzburg,0,1,0,0,1
OTHER: hotels/ski-hotels-in-sapporo,0,1,0,0,1
OTHER: hotels/ski-hotels-in-st-moritz,0,1,0,0,1
OTHER: hotels/ski-hotels-in-wengen,0,1,0,0,1
OTHER: hotels/ski-hotels-in-whistler,0,1,0,0,1
OTHER: hotels/ski-hotels-in-zermatt,0,1,0,0,1
OTHER: hotels/ski-hotels-in-zurich,0,1,0,0,1
OTHER: hotels/spa-hotels-in-abu-dhabi,0,1,0,0,1
OTHER: hotels/spa-hotels-in-agra,0,1,0,0,1
OTHER: hotels/spa-hotels-in-amman,0,1,0,0,1
OTHER: hotels/spa-hotels-in-amsterdam,0,1,0,0,1
OTHER: hotels/spa-hotels-in-antwerp,0,1,0,0,1
OTHER: hotels/spa-hotels-in-athens,0,1,0,0,1
OTHER: hotels/spa-hotels-in-auckland,0,1,0,0,1
OTHER: hotels/spa-hotels-in-austin,0,1,0,0,1
OTHER: hotels/spa-hotels-in-bali,0,1,0,0,1
OTHER: hotels/spa-hotels-in-banff,0,1,0,0,1
OTHER: hotels/spa-hotels-in-bangkok,0,1,0,0,1
OTHER: hotels/spa-hotels-in-barcelona,0,1,0,0,1
OTHER: hotels/spa-hotels-in-basel,0,1,0,0,1
OTHER: hotels/spa-hotels-in-beijing,0,1,0,0,1
OTHER: hotels/spa-hotels-in-bergen,0,1,0,0,1
OTHER: hotels/spa-hotels-in-berlin,0,1,0,0,1
OTHER: hotels/spa-hotels-in-bern,0,1,0,0,1
OTHER: hotels/spa-hotels-in-blue-ridge,0,1,0,0,1
OTHER: hotels/spa-hotels-in-bogota,0,1,0,0,1
OTHER: hotels/spa-hotels-in-bologna,0,1,0,0,1
OTHER: hotels/spa-hotels-in-bora-bora,0,1,0,0,1
OTHER: hotels/spa-hotels-in-boracay,0,1,0,0,1
OTHER: hotels/spa-hotels-in-bordeaux,0,1,0,0,1
OTHER: hotels/spa-hotels-in-boston,0,1,0,0,1
OTHER: hotels/spa-hotels-in-brisbane,0,1,0,0,1
OTHER: hotels/spa-hotels-in-broken-bow,0,1,0,0,1
OTHER: hotels/spa-hotels-in-bruges,0,1,0,0,1
OTHER: hotels/spa-hotels-in-brussels,0,1,0,0,1
OTHER: hotels/spa-hotels-in-bucharest,0,1,0,0,1
OTHER: hotels/spa-hotels-in-budapest,0,1,0,0,1
OTHER: hotels/spa-hotels-in-buenos-aires,0,1,0,0,1
OTHER: hotels/spa-hotels-in-busan,0,1,0,0,1
OTHER: hotels/spa-hotels-in-cabo-san-lucas,0,1,0,0,1
OTHER: hotels/spa-hotels-in-cairns,0,1,0,0,1
OTHER: hotels/spa-hotels-in-cairo,0,1,0,0,1
OTHER: hotels/spa-hotels-in-cancun,0,1,0,0,1
OTHER: hotels/spa-hotels-in-cape-town,0,1,0,0,1
OTHER: hotels/spa-hotels-in-cappadocia,0,1,0,0,1
OTHER: hotels/spa-hotels-in-cartagena,0,1,0,0,1
OTHER: hotels/spa-hotels-in-casablanca,0,1,0,0,1
OTHER: hotels/spa-hotels-in-cebu,0,1,0,0,1
OTHER: hotels/spa-hotels-in-charleston,0,1,0,0,1
OTHER: hotels/spa-hotels-in-chefchaouen,0,1,0,0,1
OTHER: hotels/spa-hotels-in-chiang-mai,0,1,0,0,1
OTHER: hotels/spa-hotels-in-chicago,0,1,0,0,1
OTHER: hotels/spa-hotels-in-cinque-terre,0,1,0,0,1
OTHER: hotels/spa-hotels-in-cologne,0,1,0,0,1
OTHER: hotels/spa-hotels-in-colombo,0,1,0,0,1
OTHER: hotels/spa-hotels-in-copenhagen,0,1,0,0,1
OTHER: hotels/spa-hotels-in-corfu,0,1,0,0,1
OTHER: hotels/spa-hotels-in-crete,0,1,0,0,1
OTHER: hotels/spa-hotels-in-cusco,0,1,0,0,1
OTHER: hotels/spa-hotels-in-da-nang,0,1,0,0,1
OTHER: hotels/spa-hotels-in-delhi,0,1,0,0,1
OTHER: hotels/spa-hotels-in-denver,0,1,0,0,1
OTHER: hotels/spa-hotels-in-destin,0,1,0,0,1
OTHER: hotels/spa-hotels-in-doha,0,1,0,0,1
OTHER: hotels/spa-hotels-in-dubai,0,1,0,0,1
OTHER: hotels/spa-hotels-in-dublin,0,1,0,0,1
OTHER: hotels/spa-hotels-in-dubrovnik,0,1,0,0,1
OTHER: hotels/spa-hotels-in-edinburgh,0,1,0,0,1
OTHER: hotels/spa-hotels-in-el-nido,0,1,0,0,1
OTHER: hotels/spa-hotels-in-fes,0,1,0,0,1
OTHER: hotels/spa-hotels-in-florence,0,1,0,0,1
OTHER: hotels/spa-hotels-in-fukuoka,0,1,0,0,1
OTHER: hotels/spa-hotels-in-gatlinburg,0,1,0,0,1
OTHER: hotels/spa-hotels-in-geneva,0,1,0,0,1
OTHER: hotels/spa-hotels-in-goa,0,1,0,0,1
OTHER: hotels/spa-hotels-in-gold-coast,0,1,0,0,1
OTHER: hotels/spa-hotels-in-granada,0,1,0,0,1
OTHER: hotels/spa-hotels-in-grindelwald,0,1,0,0,1
OTHER: hotels/spa-hotels-in-hakone,0,1,0,0,1
OTHER: hotels/spa-hotels-in-hallstatt,0,1,0,0,1
OTHER: hotels/spa-hotels-in-hamburg,0,1,0,0,1
OTHER: hotels/spa-hotels-in-hanoi,0,1,0,0,1
OTHER: hotels/spa-hotels-in-havana,0,1,0,0,1
OTHER: hotels/spa-hotels-in-helsinki,0,1,0,0,1
OTHER: hotels/spa-hotels-in-hiroshima,0,1,0,0,1
OTHER: hotels/spa-hotels-in-ho-chi-minh-city,0,1,0,0,1
OTHER: hotels/spa-hotels-in-hoi-an,0,1,0,0,1
OTHER: hotels/spa-hotels-in-hong-kong,0,1,0,0,1
OTHER: hotels/spa-hotels-in-honolulu,0,1,0,0,1
OTHER: hotels/spa-hotels-in-hue,0,1,0,0,1
OTHER: hotels/spa-hotels-in-ibiza,0,1,0,0,1
OTHER: hotels/spa-hotels-in-innsbruck,0,1,0,0,1
OTHER: hotels/spa-hotels-in-interlaken,0,1,0,0,1
OTHER: hotels/spa-hotels-in-istanbul,0,1,0,0,1
OTHER: hotels/spa-hotels-in-jaipur,0,1,0,0,1
OTHER: hotels/spa-hotels-in-jeju,0,1,0,0,1
OTHER: hotels/spa-hotels-in-jodhpur,0,1,0,0,1
OTHER: hotels/spa-hotels-in-johannesburg,0,1,0,0,1
OTHER: hotels/spa-hotels-in-kanazawa,0,1,0,0,1
OTHER: hotels/spa-hotels-in-kandy,0,1,0,0,1
OTHER: hotels/spa-hotels-in-kathmandu,0,1,0,0,1
OTHER: hotels/spa-hotels-in-koh-samui,0,1,0,0,1
OTHER: hotels/spa-hotels-in-krabi,0,1,0,0,1
OTHER: hotels/spa-hotels-in-krakow,0,1,0,0,1
OTHER: hotels/spa-hotels-in-kuala-lumpur,0,1,0,0,1
OTHER: hotels/spa-hotels-in-kyoto,0,1,0,0,1
OTHER: hotels/spa-hotels-in-lake-bled,0,1,0,0,1
OTHER: hotels/spa-hotels-in-lake-como,0,1,0,0,1
OTHER: hotels/spa-hotels-in-lake-tahoe,0,1,0,0,1
OTHER: hotels/spa-hotels-in-langkawi,0,1,0,0,1
OTHER: hotels/spa-hotels-in-las-vegas,0,1,0,0,1
OTHER: hotels/spa-hotels-in-lauterbrunnen,0,1,0,0,1
OTHER: hotels/spa-hotels-in-lima,0,1,0,0,1
OTHER: hotels/spa-hotels-in-lisbon,0,1,0,0,1
OTHER: hotels/spa-hotels-in-london,0,1,0,0,1
OTHER: hotels/spa-hotels-in-los-angeles,0,1,0,0,1
OTHER: hotels/spa-hotels-in-luang-prabang,0,1,0,0,1
OTHER: hotels/spa-hotels-in-lucerne,0,1,0,0,1
OTHER: hotels/spa-hotels-in-lugano,0,1,0,0,1
OTHER: hotels/spa-hotels-in-luxor,0,1,0,0,1
OTHER: hotels/spa-hotels-in-lyon,0,1,0,0,1
OTHER: hotels/spa-hotels-in-madeira,0,1,0,0,1
OTHER: hotels/spa-hotels-in-madrid,0,1,0,0,1
OTHER: hotels/spa-hotels-in-malaga,0,1,0,0,1
OTHER: hotels/spa-hotels-in-maldives,0,1,0,0,1
OTHER: hotels/spa-hotels-in-mallorca,0,1,0,0,1
OTHER: hotels/spa-hotels-in-manila,0,1,0,0,1
OTHER: hotels/spa-hotels-in-marrakech,0,1,0,0,1
OTHER: hotels/spa-hotels-in-marseille,0,1,0,0,1
OTHER: hotels/spa-hotels-in-matera,0,1,0,0,1
OTHER: hotels/spa-hotels-in-maui,0,1,0,0,1
OTHER: hotels/spa-hotels-in-mauritius,0,1,0,0,1
OTHER: hotels/spa-hotels-in-medellin,0,1,0,0,1
OTHER: hotels/spa-hotels-in-melbourne,0,1,0,0,1
OTHER: hotels/spa-hotels-in-merida,0,1,0,0,1
OTHER: hotels/spa-hotels-in-mexico-city,0,1,0,0,1
OTHER: hotels/spa-hotels-in-miami,0,1,0,0,1
OTHER: hotels/spa-hotels-in-milan,0,1,0,0,1
OTHER: hotels/spa-hotels-in-montreal,0,1,0,0,1
OTHER: hotels/spa-hotels-in-montreux,0,1,0,0,1
OTHER: hotels/spa-hotels-in-mumbai,0,1,0,0,1
OTHER: hotels/spa-hotels-in-munich,0,1,0,0,1
OTHER: hotels/spa-hotels-in-murren,0,1,0,0,1
OTHER: hotels/spa-hotels-in-muscat,0,1,0,0,1
OTHER: hotels/spa-hotels-in-mykonos,0,1,0,0,1
OTHER: hotels/spa-hotels-in-myrtle-beach,0,1,0,0,1
OTHER: hotels/spa-hotels-in-nadi,0,1,0,0,1
OTHER: hotels/spa-hotels-in-nairobi,0,1,0,0,1
OTHER: hotels/spa-hotels-in-naples,0,1,0,0,1
OTHER: hotels/spa-hotels-in-nara,0,1,0,0,1
OTHER: hotels/spa-hotels-in-nashville,0,1,0,0,1
OTHER: hotels/spa-hotels-in-new-orleans,0,1,0,0,1
OTHER: hotels/spa-hotels-in-new-york,0,1,0,0,1
OTHER: hotels/spa-hotels-in-nice,0,1,0,0,1
OTHER: hotels/spa-hotels-in-oaxaca,0,1,0,0,1
OTHER: hotels/spa-hotels-in-okinawa,0,1,0,0,1
OTHER: hotels/spa-hotels-in-orlando,0,1,0,0,1
OTHER: hotels/spa-hotels-in-osaka,0,1,0,0,1
OTHER: hotels/spa-hotels-in-oslo,0,1,0,0,1
OTHER: hotels/spa-hotels-in-outer-banks,0,1,0,0,1
OTHER: hotels/spa-hotels-in-palermo,0,1,0,0,1
OTHER: hotels/spa-hotels-in-palm-springs,0,1,0,0,1
OTHER: hotels/spa-hotels-in-panama-city,0,1,0,0,1
OTHER: hotels/spa-hotels-in-paris,0,1,0,0,1
OTHER: hotels/spa-hotels-in-pattaya,0,1,0,0,1
OTHER: hotels/spa-hotels-in-penang,0,1,0,0,1
OTHER: hotels/spa-hotels-in-perth,0,1,0,0,1
OTHER: hotels/spa-hotels-in-petra,0,1,0,0,1
OTHER: hotels/spa-hotels-in-phuket,0,1,0,0,1
OTHER: hotels/spa-hotels-in-playa-del-carmen,0,1,0,0,1
OTHER: hotels/spa-hotels-in-pokhara,0,1,0,0,1
OTHER: hotels/spa-hotels-in-porto,0,1,0,0,1
OTHER: hotels/spa-hotels-in-positano,0,1,0,0,1
OTHER: hotels/spa-hotels-in-prague,0,1,0,0,1
OTHER: hotels/spa-hotels-in-puerto-vallarta,0,1,0,0,1
OTHER: hotels/spa-hotels-in-quebec-city,0,1,0,0,1
OTHER: hotels/spa-hotels-in-queenstown,0,1,0,0,1
OTHER: hotels/spa-hotels-in-quito,0,1,0,0,1
OTHER: hotels/spa-hotels-in-reykjavik,0,1,0,0,1
OTHER: hotels/spa-hotels-in-rhodes,0,1,0,0,1
OTHER: hotels/spa-hotels-in-rio-de-janeiro,0,1,0,0,1
OTHER: hotels/spa-hotels-in-rome,0,1,0,0,1
OTHER: hotels/spa-hotels-in-salzburg,0,1,0,0,1
OTHER: hotels/spa-hotels-in-san-diego,0,1,0,0,1
OTHER: hotels/spa-hotels-in-san-francisco,0,1,0,0,1
OTHER: hotels/spa-hotels-in-san-juan,0,1,0,0,1
OTHER: hotels/spa-hotels-in-san-miguel-de-allende,0,1,0,0,1
OTHER: hotels/spa-hotels-in-san-sebastian,0,1,0,0,1
OTHER: hotels/spa-hotels-in-santiago,0,1,0,0,1
OTHER: hotels/spa-hotels-in-santorini,0,1,0,0,1
OTHER: hotels/spa-hotels-in-sapporo,0,1,0,0,1
OTHER: hotels/spa-hotels-in-savannah,0,1,0,0,1
OTHER: hotels/spa-hotels-in-scottsdale,0,1,0,0,1
OTHER: hotels/spa-hotels-in-seattle,0,1,0,0,1
OTHER: hotels/spa-hotels-in-seoul,0,1,0,0,1
OTHER: hotels/spa-hotels-in-seville,0,1,0,0,1
OTHER: hotels/spa-hotels-in-shanghai,0,1,0,0,1
OTHER: hotels/spa-hotels-in-sharm-el-sheikh,0,1,0,0,1
OTHER: hotels/spa-hotels-in-siem-reap,0,1,0,0,1
OTHER: hotels/spa-hotels-in-singapore,0,1,0,0,1
OTHER: hotels/spa-hotels-in-sintra,0,1,0,0,1
OTHER: hotels/spa-hotels-in-sorrento,0,1,0,0,1
OTHER: hotels/spa-hotels-in-split,0,1,0,0,1
OTHER: hotels/spa-hotels-in-st-moritz,0,1,0,0,1
OTHER: hotels/spa-hotels-in-stockholm,0,1,0,0,1
OTHER: hotels/spa-hotels-in-strasbourg,0,1,0,0,1
OTHER: hotels/spa-hotels-in-sydney,0,1,0,0,1
OTHER: hotels/spa-hotels-in-taipei,0,1,0,0,1
OTHER: hotels/spa-hotels-in-tallinn,0,1,0,0,1
OTHER: hotels/spa-hotels-in-tel-aviv,0,1,0,0,1
OTHER: hotels/spa-hotels-in-texas-hill-country,0,1,0,0,1
OTHER: hotels/spa-hotels-in-tokyo,0,1,0,0,1
OTHER: hotels/spa-hotels-in-toronto,0,1,0,0,1
OTHER: hotels/spa-hotels-in-tulum,0,1,0,0,1
OTHER: hotels/spa-hotels-in-udaipur,0,1,0,0,1
OTHER: hotels/spa-hotels-in-ushuaia,0,1,0,0,1
OTHER: hotels/spa-hotels-in-valencia,0,1,0,0,1
OTHER: hotels/spa-hotels-in-vancouver,0,1,0,0,1
OTHER: hotels/spa-hotels-in-varanasi,0,1,0,0,1
OTHER: hotels/spa-hotels-in-venice,0,1,0,0,1
OTHER: hotels/spa-hotels-in-verona,0,1,0,0,1
OTHER: hotels/spa-hotels-in-victoria-falls,0,1,0,0,1
OTHER: hotels/spa-hotels-in-vienna,0,1,0,0,1
OTHER: hotels/spa-hotels-in-warsaw,0,1,0,0,1
OTHER: hotels/spa-hotels-in-washington-dc,0,1,0,0,1
OTHER: hotels/spa-hotels-in-wellington,0,1,0,0,1
OTHER: hotels/spa-hotels-in-wengen,0,1,0,0,1
OTHER: hotels/spa-hotels-in-whistler,0,1,0,0,1
OTHER: hotels/spa-hotels-in-yogyakarta,0,1,0,0,1
OTHER: hotels/spa-hotels-in-zanzibar,0,1,0,0,1
OTHER: hotels/spa-hotels-in-zermatt,0,1,0,0,1
OTHER: hotels/spa-hotels-in-zurich,0,1,0,0,1
OTHER: krakow-vs-prague,1,0,1,0,2
OTHER: kyoto-vs-osaka,1,0,1,0,2
OTHER: kyoto-vs-tokyo,1,0,1,0,2
OTHER: lake-houses,1,1,0,1,3
OTHER: las-vegas-vs-miami,1,0,1,0,2
OTHER: los-angeles-vs-new-york,1,0,1,0,2
OTHER: luxury-villas,1,1,0,1,3
OTHER: mansions,1,1,0,1,3
OTHER: mediterranean-cruises,1,0,0,0,1
OTHER: melbourne-vs-sydney,1,0,1,0,2
OTHER: miami-vs-new-orleans,1,0,1,0,2
OTHER: milan-vs-rome,1,0,1,0,2
OTHER: naples-vs-rome,1,0,1,0,2
OTHER: new-york-vs-san-francisco,1,0,1,0,2
OTHER: northern-europe-cruises,1,0,0,0,1
OTHER: osaka-vs-tokyo,1,0,1,0,2
OTHER: penthouses,1,1,0,1,3
OTHER: pet-friendly-villas,1,1,0,1,3
OTHER: private-pool-villas,1,1,0,1,3
OTHER: rome-vs-venice,1,0,1,0,2
OTHER: seoul-vs-tokyo,1,0,1,0,2
OTHER: ski-lodges,1,1,0,1,3
OTHER: villas,1,1,0,1,3
[static] about,1,1,1,1,4
[static] contact,1,1,1,1,4
[static] destinations,1,1,1,1,4
[static] plan,1,0,1,1,3
[static] privacy,1,1,1,1,4
[static] quiz,0,0,1,0,1
[static] terms,1,1,1,1,4
[static] trip-cost-estimator,0,0,1,0,1
airport-car-rental-in-{city},0,225,0,0,225
apartments-in-{city},0,225,0,225,450
attractions/{slug},0,0,10,0,10
bachelor-party-in-{city},225,0,225,0,450
bachelorette-party-in-{city},225,0,225,0,450
beach-hotels-in-{city},0,225,0,225,450
best-family-activities-in-{city},225,0,225,0,450
best-food-tours-in-{city},225,0,225,0,450
best-hotels-in-{city},0,225,0,225,450
best-time-to-visit-{city},215,0,0,0,215
boutique-hotels-in-{city},0,225,0,225,450
car-rentals-in-{city},0,225,0,0,225
celebrations/{occasion},2025,2025,2025,2025,8100
cheap-car-rental-in-{city},0,225,0,0,225
cheap-flights-to-{city},0,225,0,0,225
cheap-hotels-in-{city},0,225,0,225,450
day-trips-from-{city},225,0,225,0,450
destinations/{city},164,164,164,164,656
family-hotels-in-{city},0,225,0,225,450
first-time-in-{city},225,0,225,0,450
flights-to-{city},0,225,0,0,225
free-things-to-do-in-{city},225,225,0,0,450
girls-trip-in-{city},225,0,225,0,450
hidden-gems-in-{city},225,0,225,0,450
home,1,1,1,1,4
honeymoon-in-{city},225,0,225,0,450
hotels-in-{city},0,225,0,0,225
how-many-days-in-{city},225,0,225,0,450
is-{city}-worth-visiting,225,0,225,0,450
luxury-hotels-in-{city},0,225,0,225,450
luxury-travel-in-{city},225,0,225,0,450
most-instagrammable-places-in-{city},225,0,225,0,450
museums-in-{city},225,225,0,0,450
night-in-{city},225,0,225,0,450
pet-friendly-hotels-in-{city},0,225,0,225,450
private-tours-in-{city},0,0,225,0,225
rainy-day-in-{city},225,0,225,0,450
rentals/{category},0,0,0,3114,3114
solo-travel-in-{city},225,0,225,0,450
stays-near/{poi},0,949,949,949,2847
things-to-do-in-{city},0,0,225,0,225
top-attractions-in-{city},225,225,0,0,450
tours-in-{city},0,225,0,0,225
tours/{category},0,0,1874,0,1874
walking-tours-in-{city},0,0,225,0,225
weekend-in-{city},0,0,225,0,225
where-to-go-in-{month},12,0,0,0,12
where-to-stay-in-{city},0,159,0,0,159
{city}-airport-guide,225,0,225,0,450
{city}-bucket-list,225,0,225,0,450
{city}-budget-per-day,225,0,225,0,450
{city}-for-solo-female-travelers,225,0,225,0,450
{city}-weather-in-{month},2580,0,0,0,2580
{city}-with-kids,225,0,225,0,450
{city}-with-teens,225,0,225,0,450
{season}-in-{city},900,0,900,0,1800
