url,family,city,month,gsc_reported,impressions,clicks,avg_position,action,rationale
https://www.gotript.com/goa-weather-in-may,weather-month,goa,may,yes,106,0,71.28,REVIEW,reported impressions but deep position (>35)
https://www.gotript.com/goa-weather-in-august,weather-month,goa,august,yes,91,0,64.63,REVIEW,reported impressions but deep position (>35)
https://www.gotript.com/goa-weather-in-march,weather-month,goa,march,yes,90,0,73.19,REVIEW,reported impressions but deep position (>35)
https://www.gotript.com/las-vegas-weather-in-february,weather-month,las-vegas,february,yes,73,0,64.04,REVIEW,reported impressions but deep position (>35)
https://www.gotript.com/goa-weather-in-december,weather-month,goa,december,yes,64,0,70.61,REVIEW,reported impressions but deep position (>35)
https://www.gotript.com/seville-weather-in-march,weather-month,seville,march,yes,60,0,60.5,REVIEW,reported impressions but deep position (>35)
https://www.gotript.com/budapest-weather-in-october,weather-month,budapest,october,yes,55,0,63.82,REVIEW,reported impressions but deep position (>35)
https://www.gotript.com/goa-weather-in-january,weather-month,goa,january,yes,52,0,75.44,REVIEW,reported impressions but deep position (>35)
https://www.gotript.com/best-time-to-visit-sydney,best-time,sydney,,yes,45,0,83.49,REVIEW,reported impressions but deep position (>35)
https://www.gotript.com/sydney-weather-in-december,weather-month,sydney,december,yes,45,0,60.04,REVIEW,reported impressions but deep position (>35)
https://www.gotript.com/abu-dhabi-weather-in-december,weather-month,abu-dhabi,december,yes,44,0,55.45,REVIEW,reported impressions but deep position (>35)
https://www.gotript.com/shanghai-weather-in-november,weather-month,shanghai,november,yes,38,0,59.37,REVIEW,reported impressions but deep position (>35)
https://www.gotript.com/abu-dhabi-weather-in-november,weather-month,abu-dhabi,november,yes,37,0,51.51,REVIEW,reported impressions but deep position (>35)
https://www.gotript.com/nashville-weather-in-september,weather-month,nashville,september,yes,34,0,57.88,REVIEW,reported impressions but deep position (>35)
https://www.gotript.com/prague-weather-in-december,weather-month,prague,december,yes,34,0,66.5,REVIEW,reported impressions but deep position (>35)
https://www.gotript.com/shanghai-weather-in-february,weather-month,shanghai,february,yes,33,0,61.33,REVIEW,reported impressions but deep position (>35)
https://www.gotript.com/vancouver-weather-in-august,weather-month,vancouver,august,yes,33,0,67.94,REVIEW,reported impressions but deep position (>35)
https://www.gotript.com/seattle-weather-in-april,weather-month,seattle,april,yes,32,0,53.38,REVIEW,reported impressions but deep position (>35)
https://www.gotript.com/las-vegas-weather-in-august,weather-month,las-vegas,august,yes,28,0,73.86,REVIEW,reported impressions but deep position (>35)
https://www.gotript.com/venice-weather-in-september,weather-month,venice,september,yes,28,0,76.54,REVIEW,reported impressions but deep position (>35)
https://www.gotript.com/goa-weather-in-november,weather-month,goa,november,yes,26,0,69.0,REVIEW,reported impressions but deep position (>35)
https://www.gotript.com/santorini-weather-in-may,weather-month,santorini,may,yes,26,0,74.62,REVIEW,reported impressions but deep position (>35)
https://www.gotript.com/montreal-weather-in-august,weather-month,montreal,august,yes,25,0,43.88,REVIEW,reported impressions but deep position (>35)
https://www.gotript.com/queenstown-weather-in-february,weather-month,queenstown,february,yes,25,0,60.0,REVIEW,reported impressions but deep position (>35)
https://www.gotript.com/san-diego-weather-in-october,weather-month,san-diego,october,yes,25,0,60.4,REVIEW,reported impressions but deep position (>35)
https://www.gotript.com/shanghai-weather-in-january,weather-month,shanghai,january,yes,25,0,64.32,REVIEW,reported impressions but deep position (>35)
https://www.gotript.com/abu-dhabi-weather-in-february,weather-month,abu-dhabi,february,yes,23,0,63.22,REVIEW,reported impressions but deep position (>35)
https://www.gotript.com/abu-dhabi-weather-in-october,weather-month,abu-dhabi,october,yes,23,0,61.39,REVIEW,reported impressions but deep position (>35)
https://www.gotript.com/best-time-to-visit-ibiza,best-time,ibiza,,yes,23,0,87.61,REVIEW,reported impressions but deep position (>35)
https://www.gotript.com/crete-weather-in-april,weather-month,crete,april,yes,23,0,59.35,REVIEW,reported impressions but deep position (>35)
https://www.gotript.com/crete-weather-in-september,weather-month,crete,september,yes,23,0,71.22,REVIEW,reported impressions but deep position (>35)
https://www.gotript.com/malaga-weather-in-december,weather-month,malaga,december,yes,22,0,70.59,REVIEW,reported impressions but deep position (>35)
https://www.gotript.com/marrakech-weather-in-january,weather-month,marrakech,january,yes,22,0,67.23,REVIEW,reported impressions but deep position (>35)
https://www.gotript.com/queenstown-weather-in-august,weather-month,queenstown,august,yes,22,0,65.64,REVIEW,reported impressions but deep position (>35)
https://www.gotript.com/vienna-weather-in-november,weather-month,vienna,november,yes,22,0,61.59,REVIEW,reported impressions but deep position (>35)
https://www.gotript.com/crete-weather-in-november,weather-month,crete,november,yes,21,0,71.48,REVIEW,reported impressions but deep position (>35)
https://www.gotript.com/ibiza-weather-in-august,weather-month,ibiza,august,yes,21,0,64.62,REVIEW,reported impressions but deep position (>35)
https://www.gotript.com/rhodes-weather-in-april,weather-month,rhodes,april,yes,21,0,60.71,REVIEW,reported impressions but deep position (>35)
https://www.gotript.com/dublin-weather-in-january,weather-month,dublin,january,yes,20,0,71.25,REVIEW,reported impressions but deep position (>35)
https://www.gotript.com/vienna-weather-in-may,weather-month,vienna,may,yes,20,0,66.3,REVIEW,reported impressions but deep position (>35)
https://www.gotript.com/beijing-weather-in-december,weather-month,beijing,december,yes,18,0,70.83,REVIEW,reported impressions but deep position (>35)
https://www.gotript.com/porto-weather-in-march,weather-month,porto,march,yes,18,0,59.28,REVIEW,reported impressions but deep position (>35)
https://www.gotript.com/prague-weather-in-june,weather-month,prague,june,yes,18,0,73.22,REVIEW,reported impressions but deep position (>35)
https://www.gotript.com/vienna-weather-in-february,weather-month,vienna,february,yes,18,0,65.28,REVIEW,reported impressions but deep position (>35)
https://www.gotript.com/chiang-mai-weather-in-july,weather-month,chiang-mai,july,yes,17,0,73.82,REVIEW,reported impressions but deep position (>35)
https://www.gotript.com/koh-samui-weather-in-may,weather-month,koh-samui,may,yes,17,0,72.59,REVIEW,reported impressions but deep position (>35)
https://www.gotript.com/mumbai-weather-in-may,weather-month,mumbai,may,yes,17,0,57.59,REVIEW,reported impressions but deep position (>35)
https://www.gotript.com/marrakech-weather-in-november,weather-month,marrakech,november,yes,16,0,60.19,REVIEW,reported impressions but deep position (>35)
https://www.gotript.com/mauritius-weather-in-may,weather-month,mauritius,may,yes,16,0,79.19,REVIEW,reported impressions but deep position (>35)
https://www.gotript.com/murren-weather-in-august,weather-month,murren,august,yes,16,1,9.44,RETAIN,earned click(s)
https://www.gotript.com/bali-weather-in-august,weather-month,bali,august,yes,15,0,83.13,REVIEW,reported impressions but deep position (>35)
https://www.gotript.com/best-time-to-visit-athens,best-time,athens,,yes,15,0,78.4,REVIEW,reported impressions but deep position (>35)
https://www.gotript.com/cancun-weather-in-august,weather-month,cancun,august,yes,15,0,64.13,REVIEW,reported impressions but deep position (>35)
https://www.gotript.com/chiang-mai-weather-in-march,weather-month,chiang-mai,march,yes,15,0,69.07,REVIEW,reported impressions but deep position (>35)
https://www.gotript.com/las-vegas-weather-in-march,weather-month,las-vegas,march,yes,15,0,53.13,REVIEW,reported impressions but deep position (>35)
https://www.gotript.com/orlando-weather-in-january,weather-month,orlando,january,yes,15,0,66.53,REVIEW,reported impressions but deep position (>35)
https://www.gotript.com/queenstown-weather-in-january,weather-month,queenstown,january,yes,15,0,65.53,REVIEW,reported impressions but deep position (>35)
https://www.gotript.com/brisbane-weather-in-july,weather-month,brisbane,july,yes,14,0,56.0,REVIEW,reported but low impressions
https://www.gotript.com/copenhagen-weather-in-september,weather-month,copenhagen,september,yes,14,0,60.36,REVIEW,reported but low impressions
https://www.gotript.com/las-vegas-weather-in-november,weather-month,las-vegas,november,yes,14,0,67.64,REVIEW,reported but low impressions
https://www.gotript.com/los-angeles-weather-in-november,weather-month,los-angeles,november,yes,14,0,65.86,REVIEW,reported but low impressions
https://www.gotript.com/munich-weather-in-august,weather-month,munich,august,yes,14,0,51.29,REVIEW,reported but low impressions
https://www.gotript.com/washington-dc-weather-in-december,weather-month,washington-dc,december,yes,14,0,50.5,REVIEW,reported but low impressions
https://www.gotript.com/abu-dhabi-weather-in-april,weather-month,abu-dhabi,april,yes,13,0,60.69,REVIEW,reported but low impressions
https://www.gotript.com/barcelona-weather-in-july,weather-month,barcelona,july,yes,13,0,83.62,REVIEW,reported but low impressions
https://www.gotript.com/best-time-to-visit-budapest,best-time,budapest,,yes,13,0,83.23,REVIEW,reported but low impressions
https://www.gotript.com/corfu-weather-in-june,weather-month,corfu,june,yes,13,0,59.08,REVIEW,reported but low impressions
https://www.gotript.com/ibiza-weather-in-april,weather-month,ibiza,april,yes,13,0,72.54,REVIEW,reported but low impressions
https://www.gotript.com/mumbai-weather-in-january,weather-month,mumbai,january,yes,13,0,60.77,REVIEW,reported but low impressions
https://www.gotript.com/mykonos-weather-in-april,weather-month,mykonos,april,yes,13,0,50.54,REVIEW,reported but low impressions
https://www.gotript.com/queenstown-weather-in-november,weather-month,queenstown,november,yes,13,0,69.0,REVIEW,reported but low impressions
https://www.gotript.com/sharm-el-sheikh-weather-in-march,weather-month,sharm-el-sheikh,march,yes,13,0,45.31,REVIEW,reported but low impressions
https://www.gotript.com/stockholm-weather-in-april,weather-month,stockholm,april,yes,13,0,72.15,REVIEW,reported but low impressions
https://www.gotript.com/vienna-weather-in-august,weather-month,vienna,august,yes,13,0,63.54,REVIEW,reported but low impressions
https://www.gotript.com/barcelona-weather-in-january,weather-month,barcelona,january,yes,12,0,77.25,REVIEW,reported but low impressions
https://www.gotript.com/dublin-weather-in-october,weather-month,dublin,october,yes,12,0,74.08,REVIEW,reported but low impressions
https://www.gotript.com/lisbon-weather-in-april,weather-month,lisbon,april,yes,12,0,71.58,REVIEW,reported but low impressions
https://www.gotript.com/lisbon-weather-in-february,weather-month,lisbon,february,yes,12,0,71.67,REVIEW,reported but low impressions
https://www.gotript.com/malaga-weather-in-august,weather-month,malaga,august,yes,12,0,66.25,REVIEW,reported but low impressions
https://www.gotript.com/mumbai-weather-in-october,weather-month,mumbai,october,yes,12,0,58.42,REVIEW,reported but low impressions
https://www.gotript.com/oslo-weather-in-august,weather-month,oslo,august,yes,12,0,58.67,REVIEW,reported but low impressions
https://www.gotript.com/palermo-weather-in-march,weather-month,palermo,march,yes,12,0,43.67,REVIEW,reported but low impressions
https://www.gotript.com/quebec-city-weather-in-september,weather-month,quebec-city,september,yes,12,0,56.17,REVIEW,reported but low impressions
https://www.gotript.com/seoul-weather-in-may,weather-month,seoul,may,yes,12,0,73.0,REVIEW,reported but low impressions
https://www.gotript.com/vancouver-weather-in-december,weather-month,vancouver,december,yes,12,0,49.92,REVIEW,reported but low impressions
https://www.gotript.com/vancouver-weather-in-june,weather-month,vancouver,june,yes,12,0,63.5,REVIEW,reported but low impressions
https://www.gotript.com/abu-dhabi-weather-in-september,weather-month,abu-dhabi,september,yes,11,0,58.09,REVIEW,reported but low impressions
https://www.gotript.com/brussels-weather-in-december,weather-month,brussels,december,yes,11,0,65.55,REVIEW,reported but low impressions
https://www.gotript.com/crete-weather-in-july,weather-month,crete,july,yes,11,0,72.45,REVIEW,reported but low impressions
https://www.gotript.com/dublin-weather-in-december,weather-month,dublin,december,yes,11,0,67.82,REVIEW,reported but low impressions
https://www.gotript.com/istanbul-weather-in-july,weather-month,istanbul,july,yes,11,0,78.73,REVIEW,reported but low impressions
https://www.gotript.com/jaipur-weather-in-march,weather-month,jaipur,march,yes,11,0,57.0,REVIEW,reported but low impressions
https://www.gotript.com/koh-samui-weather-in-june,weather-month,koh-samui,june,yes,11,0,74.36,REVIEW,reported but low impressions
https://www.gotript.com/munich-weather-in-october,weather-month,munich,october,yes,11,0,59.73,REVIEW,reported but low impressions
https://www.gotript.com/osaka-weather-in-december,weather-month,osaka,december,yes,11,0,50.55,REVIEW,reported but low impressions
https://www.gotript.com/oslo-weather-in-december,weather-month,oslo,december,yes,11,0,56.09,REVIEW,reported but low impressions
https://www.gotript.com/san-francisco-weather-in-june,weather-month,san-francisco,june,yes,11,0,73.64,REVIEW,reported but low impressions
https://www.gotript.com/savannah-weather-in-april,weather-month,savannah,april,yes,11,0,46.64,REVIEW,reported but low impressions
https://www.gotript.com/stockholm-weather-in-october,weather-month,stockholm,october,yes,11,0,45.64,REVIEW,reported but low impressions
https://www.gotript.com/vienna-weather-in-july,weather-month,vienna,july,yes,11,0,69.18,REVIEW,reported but low impressions
https://www.gotript.com/wellington-weather-in-october,weather-month,wellington,october,yes,11,0,42.73,REVIEW,reported but low impressions
https://www.gotript.com/bali-weather-in-february,weather-month,bali,february,yes,10,0,78.7,REVIEW,reported but low impressions
https://www.gotript.com/kyoto-weather-in-december,weather-month,kyoto,december,yes,10,0,72.9,REVIEW,reported but low impressions
https://www.gotript.com/kyoto-weather-in-february,weather-month,kyoto,february,yes,10,0,75.0,REVIEW,reported but low impressions
https://www.gotript.com/montreal-weather-in-july,weather-month,montreal,july,yes,10,0,61.6,REVIEW,reported but low impressions
https://www.gotript.com/nashville-weather-in-october,weather-month,nashville,october,yes,10,0,54.1,REVIEW,reported but low impressions
https://www.gotript.com/perth-weather-in-november,weather-month,perth,november,yes,10,0,51.8,REVIEW,reported but low impressions
https://www.gotript.com/seattle-weather-in-october,weather-month,seattle,october,yes,10,0,54.7,REVIEW,reported but low impressions
https://www.gotript.com/seoul-weather-in-june,weather-month,seoul,june,yes,10,0,70.7,REVIEW,reported but low impressions
https://www.gotript.com/vienna-weather-in-june,weather-month,vienna,june,yes,10,0,65.1,REVIEW,reported but low impressions
https://www.gotript.com/warsaw-weather-in-september,weather-month,warsaw,september,yes,10,0,50.5,REVIEW,reported but low impressions
https://www.gotript.com/cape-town-weather-in-march,weather-month,cape-town,march,yes,9,0,69.22,REVIEW,reported but low impressions
https://www.gotript.com/dublin-weather-in-november,weather-month,dublin,november,yes,9,0,66.67,REVIEW,reported but low impressions
https://www.gotript.com/marrakech-weather-in-july,weather-month,marrakech,july,yes,9,0,66.56,REVIEW,reported but low impressions
https://www.gotript.com/mauritius-weather-in-march,weather-month,mauritius,march,yes,9,0,72.22,REVIEW,reported but low impressions
https://www.gotript.com/nashville-weather-in-june,weather-month,nashville,june,yes,9,0,58.56,REVIEW,reported but low impressions
https://www.gotript.com/zurich-weather-in-september,weather-month,zurich,september,yes,9,0,58.44,REVIEW,reported but low impressions
https://www.gotript.com/cape-town-weather-in-april,weather-month,cape-town,april,yes,8,0,71.5,REVIEW,reported but low impressions
https://www.gotript.com/dublin-weather-in-march,weather-month,dublin,march,yes,8,0,72.75,REVIEW,reported but low impressions
https://www.gotript.com/gold-coast-weather-in-august,weather-month,gold-coast,august,yes,8,0,48.0,REVIEW,reported but low impressions
https://www.gotript.com/istanbul-weather-in-march,weather-month,istanbul,march,yes,8,0,57.12,REVIEW,reported but low impressions
https://www.gotript.com/johannesburg-weather-in-april,weather-month,johannesburg,april,yes,8,0,49.0,REVIEW,reported but low impressions
https://www.gotript.com/lake-como-weather-in-july,weather-month,lake-como,july,yes,8,0,67.12,REVIEW,reported but low impressions
https://www.gotript.com/lauterbrunnen-weather-in-september,weather-month,lauterbrunnen,september,yes,8,0,9.5,REVIEW,reported but low impressions
https://www.gotript.com/malaga-weather-in-january,weather-month,malaga,january,yes,8,0,77.62,REVIEW,reported but low impressions
https://www.gotript.com/marrakech-weather-in-august,weather-month,marrakech,august,yes,8,0,67.75,REVIEW,reported but low impressions
https://www.gotript.com/miami-weather-in-march,weather-month,miami,march,yes,8,0,60.88,REVIEW,reported but low impressions
https://www.gotript.com/montreal-weather-in-november,weather-month,montreal,november,yes,8,0,52.25,REVIEW,reported but low impressions
https://www.gotript.com/munich-weather-in-march,weather-month,munich,march,yes,8,0,56.62,REVIEW,reported but low impressions
https://www.gotript.com/new-orleans-weather-in-april,weather-month,new-orleans,april,yes,8,0,57.88,REVIEW,reported but low impressions
https://www.gotript.com/oslo-weather-in-september,weather-month,oslo,september,yes,8,0,60.5,REVIEW,reported but low impressions
https://www.gotript.com/porto-weather-in-november,weather-month,porto,november,yes,8,0,60.75,REVIEW,reported but low impressions
https://www.gotript.com/savannah-weather-in-october,weather-month,savannah,october,yes,8,0,69.0,REVIEW,reported but low impressions
https://www.gotript.com/vancouver-weather-in-october,weather-month,vancouver,october,yes,8,0,63.62,REVIEW,reported but low impressions
https://www.gotript.com/wellington-weather-in-december,weather-month,wellington,december,yes,8,0,62.25,REVIEW,reported but low impressions
https://www.gotript.com/abu-dhabi-weather-in-august,weather-month,abu-dhabi,august,yes,7,0,60.86,REVIEW,reported but low impressions
https://www.gotript.com/bali-weather-in-november,weather-month,bali,november,yes,7,0,86.43,REVIEW,reported but low impressions
https://www.gotript.com/best-time-to-visit-zanzibar,best-time,zanzibar,,yes,7,0,87.29,REVIEW,reported but low impressions
https://www.gotript.com/chicago-weather-in-march,weather-month,chicago,march,yes,7,0,51.43,REVIEW,reported but low impressions
https://www.gotript.com/delhi-weather-in-june,weather-month,delhi,june,yes,7,0,54.14,REVIEW,reported but low impressions
https://www.gotript.com/hong-kong-weather-in-august,weather-month,hong-kong,august,yes,7,0,67.29,REVIEW,reported but low impressions
https://www.gotript.com/jaipur-weather-in-july,weather-month,jaipur,july,yes,7,0,59.14,REVIEW,reported but low impressions
https://www.gotript.com/johannesburg-weather-in-october,weather-month,johannesburg,october,yes,7,0,53.0,REVIEW,reported but low impressions
https://www.gotript.com/lisbon-weather-in-may,weather-month,lisbon,may,yes,7,0,67.0,REVIEW,reported but low impressions
https://www.gotript.com/lisbon-weather-in-november,weather-month,lisbon,november,yes,7,0,76.14,REVIEW,reported but low impressions
https://www.gotript.com/lyon-weather-in-august,weather-month,lyon,august,yes,7,0,47.86,REVIEW,reported but low impressions
https://www.gotript.com/mallorca-weather-in-december,weather-month,mallorca,december,yes,7,0,78.57,REVIEW,reported but low impressions
https://www.gotript.com/milan-weather-in-july,weather-month,milan,july,yes,7,0,68.14,REVIEW,reported but low impressions
https://www.gotript.com/san-diego-weather-in-september,weather-month,san-diego,september,yes,7,0,60.86,REVIEW,reported but low impressions
https://www.gotript.com/seoul-weather-in-august,weather-month,seoul,august,yes,7,0,76.86,REVIEW,reported but low impressions
https://www.gotript.com/seoul-weather-in-january,weather-month,seoul,january,yes,7,0,64.14,REVIEW,reported but low impressions
https://www.gotript.com/strasbourg-weather-in-may,weather-month,strasbourg,may,yes,7,0,51.57,REVIEW,reported but low impressions
https://www.gotript.com/zanzibar-weather-in-january,weather-month,zanzibar,january,yes,7,0,79.57,REVIEW,reported but low impressions
https://www.gotript.com/best-time-to-visit-montreal,best-time,montreal,,yes,6,0,74.17,REVIEW,reported but low impressions
https://www.gotript.com/crete-weather-in-january,weather-month,crete,january,yes,6,0,67.33,REVIEW,reported but low impressions
https://www.gotript.com/dublin-weather-in-august,weather-month,dublin,august,yes,6,0,73.17,REVIEW,reported but low impressions
https://www.gotript.com/hallstatt-weather-in-august,weather-month,hallstatt,august,yes,6,0,10.83,REVIEW,reported but low impressions
https://www.gotript.com/jaipur-weather-in-december,weather-month,jaipur,december,yes,6,0,52.0,REVIEW,reported but low impressions
https://www.gotript.com/koh-samui-weather-in-august,weather-month,koh-samui,august,yes,6,0,48.67,REVIEW,reported but low impressions
https://www.gotript.com/lake-como-weather-in-june,weather-month,lake-como,june,yes,6,0,57.0,REVIEW,reported but low impressions
https://www.gotript.com/lisbon-weather-in-january,weather-month,lisbon,january,yes,6,0,73.67,REVIEW,reported but low impressions
https://www.gotript.com/mauritius-weather-in-july,weather-month,mauritius,july,yes,6,0,76.0,REVIEW,reported but low impressions
https://www.gotript.com/medellin-weather-in-november,weather-month,medellin,november,yes,6,0,65.0,REVIEW,reported but low impressions
https://www.gotript.com/milan-weather-in-january,weather-month,milan,january,yes,6,0,64.5,REVIEW,reported but low impressions
https://www.gotript.com/milan-weather-in-june,weather-month,milan,june,yes,6,0,59.0,REVIEW,reported but low impressions
https://www.gotript.com/montreal-weather-in-january,weather-month,montreal,january,yes,6,0,45.33,REVIEW,reported but low impressions
https://www.gotript.com/munich-weather-in-april,weather-month,munich,april,yes,6,0,57.33,REVIEW,reported but low impressions
https://www.gotript.com/munich-weather-in-december,weather-month,munich,december,yes,6,0,55.17,REVIEW,reported but low impressions
https://www.gotript.com/munich-weather-in-june,weather-month,munich,june,yes,6,0,66.83,REVIEW,reported but low impressions
https://www.gotript.com/mykonos-weather-in-december,weather-month,mykonos,december,yes,6,0,50.0,REVIEW,reported but low impressions
https://www.gotript.com/mykonos-weather-in-july,weather-month,mykonos,july,yes,6,0,63.5,REVIEW,reported but low impressions
https://www.gotript.com/naples-weather-in-november,weather-month,naples,november,yes,6,0,58.17,REVIEW,reported but low impressions
https://www.gotript.com/osaka-weather-in-july,weather-month,osaka,july,yes,6,0,61.0,REVIEW,reported but low impressions
https://www.gotript.com/phuket-weather-in-january,weather-month,phuket,january,yes,6,0,59.67,REVIEW,reported but low impressions
https://www.gotript.com/salzburg-weather-in-june,weather-month,salzburg,june,yes,6,0,54.17,REVIEW,reported but low impressions
https://www.gotript.com/san-francisco-weather-in-march,weather-month,san-francisco,march,yes,6,0,65.33,REVIEW,reported but low impressions
https://www.gotript.com/seville-weather-in-january,weather-month,seville,january,yes,6,0,65.17,REVIEW,reported but low impressions
https://www.gotript.com/sharm-el-sheikh-weather-in-april,weather-month,sharm-el-sheikh,april,yes,6,0,60.67,REVIEW,reported but low impressions
https://www.gotript.com/stockholm-weather-in-march,weather-month,stockholm,march,yes,6,0,52.67,REVIEW,reported but low impressions
https://www.gotript.com/tel-aviv-weather-in-april,weather-month,tel-aviv,april,yes,6,0,56.33,REVIEW,reported but low impressions
https://www.gotript.com/udaipur-weather-in-december,weather-month,udaipur,december,yes,6,0,50.0,REVIEW,reported but low impressions
https://www.gotript.com/vancouver-weather-in-september,weather-month,vancouver,september,yes,6,0,55.33,REVIEW,reported but low impressions
https://www.gotript.com/varanasi-weather-in-august,weather-month,varanasi,august,yes,6,0,13.5,REVIEW,reported but low impressions
https://www.gotript.com/venice-weather-in-january,weather-month,venice,january,yes,6,0,51.33,REVIEW,reported but low impressions
https://www.gotript.com/warsaw-weather-in-december,weather-month,warsaw,december,yes,6,0,51.17,REVIEW,reported but low impressions
https://www.gotript.com/washington-dc-weather-in-october,weather-month,washington-dc,october,yes,6,0,64.33,REVIEW,reported but low impressions
https://www.gotript.com/wellington-weather-in-april,weather-month,wellington,april,yes,6,0,55.67,REVIEW,reported but low impressions
https://www.gotript.com/bali-weather-in-may,weather-month,bali,may,yes,5,0,84.0,REVIEW,reported but low impressions
https://www.gotript.com/best-time-to-visit-abu-dhabi,best-time,abu-dhabi,,yes,5,0,93.4,REVIEW,reported but low impressions
https://www.gotript.com/cappadocia-weather-in-december,weather-month,cappadocia,december,yes,5,0,69.8,REVIEW,reported but low impressions
https://www.gotript.com/chicago-weather-in-april,weather-month,chicago,april,yes,5,0,59.6,REVIEW,reported but low impressions
https://www.gotript.com/chicago-weather-in-december,weather-month,chicago,december,yes,5,0,55.0,REVIEW,reported but low impressions
https://www.gotript.com/dubrovnik-weather-in-july,weather-month,dubrovnik,july,yes,5,0,59.2,REVIEW,reported but low impressions
https://www.gotript.com/honolulu-weather-in-july,weather-month,honolulu,july,yes,5,0,55.6,REVIEW,reported but low impressions
https://www.gotript.com/honolulu-weather-in-may,weather-month,honolulu,may,yes,5,0,65.6,REVIEW,reported but low impressions
https://www.gotript.com/jaipur-weather-in-november,weather-month,jaipur,november,yes,5,0,56.0,REVIEW,reported but low impressions
https://www.gotript.com/johannesburg-weather-in-january,weather-month,johannesburg,january,yes,5,0,47.0,REVIEW,reported but low impressions
https://www.gotript.com/johannesburg-weather-in-march,weather-month,johannesburg,march,yes,5,0,49.0,REVIEW,reported but low impressions
https://www.gotript.com/koh-samui-weather-in-october,weather-month,koh-samui,october,yes,5,0,43.4,REVIEW,reported but low impressions
https://www.gotript.com/kyoto-weather-in-may,weather-month,kyoto,may,yes,5,0,74.2,REVIEW,reported but low impressions
https://www.gotript.com/lisbon-weather-in-july,weather-month,lisbon,july,yes,5,0,75.0,REVIEW,reported but low impressions
https://www.gotript.com/madrid-weather-in-february,weather-month,madrid,february,yes,5,0,65.8,REVIEW,reported but low impressions
https://www.gotript.com/madrid-weather-in-january,weather-month,madrid,january,yes,5,0,58.2,REVIEW,reported but low impressions
https://www.gotript.com/marrakech-weather-in-february,weather-month,marrakech,february,yes,5,0,72.6,REVIEW,reported but low impressions
https://www.gotript.com/melbourne-weather-in-november,weather-month,melbourne,november,yes,5,0,58.4,REVIEW,reported but low impressions
https://www.gotript.com/mykonos-weather-in-june,weather-month,mykonos,june,yes,5,0,58.0,REVIEW,reported but low impressions
https://www.gotript.com/mykonos-weather-in-march,weather-month,mykonos,march,yes,5,0,59.2,REVIEW,reported but low impressions
https://www.gotript.com/nashville-weather-in-january,weather-month,nashville,january,yes,5,0,56.6,REVIEW,reported but low impressions
https://www.gotript.com/new-orleans-weather-in-may,weather-month,new-orleans,may,yes,5,0,48.6,REVIEW,reported but low impressions
https://www.gotript.com/new-york-weather-in-august,weather-month,new-york,august,yes,5,0,60.4,REVIEW,reported but low impressions
https://www.gotript.com/paris-weather-in-february,weather-month,paris,february,yes,5,0,84.4,REVIEW,reported but low impressions
https://www.gotript.com/porto-weather-in-january,weather-month,porto,january,yes,5,0,61.6,REVIEW,reported but low impressions
https://www.gotript.com/quebec-city-weather-in-july,weather-month,quebec-city,july,yes,5,0,65.6,REVIEW,reported but low impressions
https://www.gotript.com/salzburg-weather-in-october,weather-month,salzburg,october,yes,5,0,55.6,REVIEW,reported but low impressions
https://www.gotript.com/santorini-weather-in-november,weather-month,santorini,november,yes,5,0,71.4,REVIEW,reported but low impressions
https://www.gotript.com/seville-weather-in-april,weather-month,seville,april,yes,5,0,66.0,REVIEW,reported but low impressions
https://www.gotript.com/stockholm-weather-in-december,weather-month,stockholm,december,yes,5,0,53.8,REVIEW,reported but low impressions
https://www.gotript.com/varanasi-weather-in-march,weather-month,varanasi,march,yes,5,0,31.8,REVIEW,reported but low impressions
https://www.gotript.com/verona-weather-in-february,weather-month,verona,february,yes,5,0,43.4,REVIEW,reported but low impressions
https://www.gotript.com/wellington-weather-in-june,weather-month,wellington,june,yes,5,0,65.4,REVIEW,reported but low impressions
https://www.gotript.com/wellington-weather-in-march,weather-month,wellington,march,yes,5,0,67.6,REVIEW,reported but low impressions
https://www.gotript.com/athens-weather-in-september,weather-month,athens,september,yes,4,0,73.75,REVIEW,reported but low impressions
https://www.gotript.com/berlin-weather-in-october,weather-month,berlin,october,yes,4,0,67.0,REVIEW,reported but low impressions
https://www.gotript.com/best-time-to-visit-langkawi,best-time,langkawi,,yes,4,0,88.5,REVIEW,reported but low impressions
https://www.gotript.com/charleston-weather-in-october,weather-month,charleston,october,yes,4,0,57.0,REVIEW,reported but low impressions
https://www.gotript.com/colombo-weather-in-november,weather-month,colombo,november,yes,4,0,68.5,REVIEW,reported but low impressions
https://www.gotript.com/corfu-weather-in-august,weather-month,corfu,august,yes,4,0,60.0,REVIEW,reported but low impressions
https://www.gotript.com/cusco-weather-in-august,weather-month,cusco,august,yes,4,0,60.5,REVIEW,reported but low impressions
https://www.gotript.com/dubai-weather-in-april,weather-month,dubai,april,yes,4,0,69.0,REVIEW,reported but low impressions
https://www.gotript.com/helsinki-weather-in-april,weather-month,helsinki,april,yes,4,0,53.5,REVIEW,reported but low impressions
https://www.gotript.com/ho-chi-minh-city-weather-in-march,weather-month,ho-chi-minh-city,march,yes,4,0,77.5,REVIEW,reported but low impressions
https://www.gotript.com/jaipur-weather-in-january,weather-month,jaipur,january,yes,4,0,62.75,REVIEW,reported but low impressions
https://www.gotript.com/kathmandu-weather-in-february,weather-month,kathmandu,february,yes,4,0,73.5,REVIEW,reported but low impressions
https://www.gotript.com/kathmandu-weather-in-november,weather-month,kathmandu,november,yes,4,0,68.5,REVIEW,reported but low impressions
https://www.gotript.com/kuala-lumpur-weather-in-october,weather-month,kuala-lumpur,october,yes,4,0,65.75,REVIEW,reported but low impressions
https://www.gotript.com/lake-como-weather-in-september,weather-month,lake-como,september,yes,4,0,48.25,REVIEW,reported but low impressions
https://www.gotript.com/lima-weather-in-august,weather-month,lima,august,yes,4,0,60.5,REVIEW,reported but low impressions
https://www.gotript.com/madrid-weather-in-november,weather-month,madrid,november,yes,4,0,51.75,REVIEW,reported but low impressions
https://www.gotript.com/manila-weather-in-october,weather-month,manila,october,yes,4,0,48.5,REVIEW,reported but low impressions
https://www.gotript.com/mauritius-weather-in-november,weather-month,mauritius,november,yes,4,0,87.0,REVIEW,reported but low impressions
https://www.gotript.com/mexico-city-weather-in-february,weather-month,mexico-city,february,yes,4,0,62.75,REVIEW,reported but low impressions
https://www.gotript.com/mexico-city-weather-in-october,weather-month,mexico-city,october,yes,4,0,70.5,REVIEW,reported but low impressions
https://www.gotript.com/milan-weather-in-september,weather-month,milan,september,yes,4,0,67.75,REVIEW,reported but low impressions
https://www.gotript.com/naples-weather-in-october,weather-month,naples,october,yes,4,0,73.75,REVIEW,reported but low impressions
https://www.gotript.com/naples-weather-in-september,weather-month,naples,september,yes,4,0,65.0,REVIEW,reported but low impressions
https://www.gotript.com/new-orleans-weather-in-june,weather-month,new-orleans,june,yes,4,0,44.5,REVIEW,reported but low impressions
https://www.gotript.com/new-orleans-weather-in-march,weather-month,new-orleans,march,yes,4,0,62.0,REVIEW,reported but low impressions
https://www.gotript.com/okinawa-weather-in-january,weather-month,okinawa,january,yes,4,0,53.0,REVIEW,reported but low impressions
https://www.gotript.com/paris-weather-in-june,weather-month,paris,june,yes,4,0,82.75,REVIEW,reported but low impressions
https://www.gotript.com/phuket-weather-in-march,weather-month,phuket,march,yes,4,0,66.25,REVIEW,reported but low impressions
https://www.gotript.com/puerto-vallarta-weather-in-august,weather-month,puerto-vallarta,august,yes,4,0,36.0,REVIEW,reported but low impressions
https://www.gotript.com/quebec-city-weather-in-december,weather-month,quebec-city,december,yes,4,0,58.0,REVIEW,reported but low impressions
https://www.gotript.com/rhodes-weather-in-june,weather-month,rhodes,june,yes,4,0,70.5,REVIEW,reported but low impressions
https://www.gotript.com/san-diego-weather-in-august,weather-month,san-diego,august,yes,4,0,63.25,REVIEW,reported but low impressions
https://www.gotript.com/san-francisco-weather-in-april,weather-month,san-francisco,april,yes,4,0,71.25,REVIEW,reported but low impressions
https://www.gotript.com/san-francisco-weather-in-september,weather-month,san-francisco,september,yes,4,0,64.0,REVIEW,reported but low impressions
https://www.gotript.com/san-sebastian-weather-in-march,weather-month,san-sebastian,march,yes,4,0,57.75,REVIEW,reported but low impressions
https://www.gotript.com/san-sebastian-weather-in-october,weather-month,san-sebastian,october,yes,4,0,61.5,REVIEW,reported but low impressions
https://www.gotript.com/santiago-weather-in-february,weather-month,santiago,february,yes,4,0,63.5,REVIEW,reported but low impressions
https://www.gotript.com/santiago-weather-in-september,weather-month,santiago,september,yes,4,0,55.75,REVIEW,reported but low impressions
https://www.gotript.com/sapporo-weather-in-december,weather-month,sapporo,december,yes,4,0,55.25,REVIEW,reported but low impressions
https://www.gotript.com/seoul-weather-in-april,weather-month,seoul,april,yes,4,0,85.0,REVIEW,reported but low impressions
https://www.gotript.com/sharm-el-sheikh-weather-in-december,weather-month,sharm-el-sheikh,december,yes,4,0,60.0,REVIEW,reported but low impressions
https://www.gotript.com/sorrento-weather-in-june,weather-month,sorrento,june,yes,4,0,53.0,REVIEW,reported but low impressions
https://www.gotript.com/stockholm-weather-in-may,weather-month,stockholm,may,yes,4,0,63.5,REVIEW,reported but low impressions
https://www.gotript.com/tallinn-weather-in-april,weather-month,tallinn,april,yes,4,0,50.25,REVIEW,reported but low impressions
https://www.gotript.com/tel-aviv-weather-in-january,weather-month,tel-aviv,january,yes,4,0,64.0,REVIEW,reported but low impressions
https://www.gotript.com/tokyo-weather-in-august,weather-month,tokyo,august,yes,4,0,74.5,REVIEW,reported but low impressions
https://www.gotript.com/tokyo-weather-in-july,weather-month,tokyo,july,yes,4,0,78.5,REVIEW,reported but low impressions
https://www.gotript.com/tulum-weather-in-june,weather-month,tulum,june,yes,4,0,51.0,REVIEW,reported but low impressions
https://www.gotript.com/udaipur-weather-in-may,weather-month,udaipur,may,yes,4,0,37.75,REVIEW,reported but low impressions
https://www.gotript.com/venice-weather-in-november,weather-month,venice,november,yes,4,0,66.5,REVIEW,reported but low impressions
https://www.gotript.com/warsaw-weather-in-october,weather-month,warsaw,october,yes,4,0,41.25,REVIEW,reported but low impressions
https://www.gotript.com/wellington-weather-in-august,weather-month,wellington,august,yes,4,0,72.0,REVIEW,reported but low impressions
https://www.gotript.com/wellington-weather-in-july,weather-month,wellington,july,yes,4,0,53.0,REVIEW,reported but low impressions
https://www.gotript.com/wellington-weather-in-may,weather-month,wellington,may,yes,4,0,52.5,REVIEW,reported but low impressions
https://www.gotript.com/zanzibar-weather-in-june,weather-month,zanzibar,june,yes,4,0,81.75,REVIEW,reported but low impressions
https://www.gotript.com/austin-weather-in-march,weather-month,austin,march,yes,3,0,56.67,REVIEW,reported but low impressions
https://www.gotript.com/bergen-weather-in-march,weather-month,bergen,march,yes,3,0,54.67,REVIEW,reported but low impressions
https://www.gotript.com/berlin-weather-in-july,weather-month,berlin,july,yes,3,0,55.33,REVIEW,reported but low impressions
https://www.gotript.com/best-time-to-visit-colombo,best-time,colombo,,yes,3,0,83.0,REVIEW,reported but low impressions
https://www.gotript.com/best-time-to-visit-los-angeles,best-time,los-angeles,,yes,3,0,61.33,REVIEW,reported but low impressions
https://www.gotript.com/best-time-to-visit-murren,best-time,murren,,yes,3,0,8.0,REVIEW,reported but low impressions
https://www.gotript.com/best-time-to-visit-penang,best-time,penang,,yes,3,0,70.0,REVIEW,reported but low impressions
https://www.gotript.com/colombo-weather-in-august,weather-month,colombo,august,yes,3,0,77.33,REVIEW,reported but low impressions
https://www.gotript.com/colombo-weather-in-january,weather-month,colombo,january,yes,3,0,65.33,REVIEW,reported but low impressions
https://www.gotript.com/fukuoka-weather-in-august,weather-month,fukuoka,august,yes,3,0,46.0,REVIEW,reported but low impressions
https://www.gotript.com/hamburg-weather-in-march,weather-month,hamburg,march,yes,3,0,10.33,REVIEW,reported but low impressions
https://www.gotript.com/helsinki-weather-in-september,weather-month,helsinki,september,yes,3,0,62.0,REVIEW,reported but low impressions
https://www.gotript.com/honolulu-weather-in-october,weather-month,honolulu,october,yes,3,0,59.33,REVIEW,reported but low impressions
https://www.gotript.com/ibiza-weather-in-february,weather-month,ibiza,february,yes,3,0,55.33,REVIEW,reported but low impressions
https://www.gotript.com/ibiza-weather-in-march,weather-month,ibiza,march,yes,3,0,62.0,REVIEW,reported but low impressions
https://www.gotript.com/interlaken-weather-in-april,weather-month,interlaken,april,yes,3,0,58.67,REVIEW,reported but low impressions
https://www.gotript.com/istanbul-weather-in-november,weather-month,istanbul,november,yes,3,0,78.0,REVIEW,reported but low impressions
https://www.gotript.com/istanbul-weather-in-september,weather-month,istanbul,september,yes,3,0,74.33,REVIEW,reported but low impressions
https://www.gotript.com/jaipur-weather-in-june,weather-month,jaipur,june,yes,3,0,60.67,REVIEW,reported but low impressions
https://www.gotript.com/jaipur-weather-in-october,weather-month,jaipur,october,yes,3,0,47.0,REVIEW,reported but low impressions
https://www.gotript.com/johannesburg-weather-in-july,weather-month,johannesburg,july,yes,3,0,61.33,REVIEW,reported but low impressions
https://www.gotript.com/kathmandu-weather-in-january,weather-month,kathmandu,january,yes,3,0,95.0,REVIEW,reported but low impressions
https://www.gotript.com/koh-samui-weather-in-december,weather-month,koh-samui,december,yes,3,0,55.67,REVIEW,reported but low impressions
https://www.gotript.com/koh-samui-weather-in-september,weather-month,koh-samui,september,yes,3,0,64.33,REVIEW,reported but low impressions
https://www.gotript.com/krakow-weather-in-february,weather-month,krakow,february,yes,3,0,52.33,REVIEW,reported but low impressions
https://www.gotript.com/kuala-lumpur-weather-in-december,weather-month,kuala-lumpur,december,yes,3,0,63.0,REVIEW,reported but low impressions
https://www.gotript.com/kyoto-weather-in-october,weather-month,kyoto,october,yes,3,0,65.67,REVIEW,reported but low impressions
https://www.gotript.com/lake-bled-weather-in-october,weather-month,lake-bled,october,yes,3,0,37.67,REVIEW,reported but low impressions
https://www.gotript.com/lake-como-weather-in-april,weather-month,lake-como,april,yes,3,0,38.67,REVIEW,reported but low impressions
https://www.gotript.com/lima-weather-in-january,weather-month,lima,january,yes,3,0,71.33,REVIEW,reported but low impressions
https://www.gotript.com/los-angeles-weather-in-october,weather-month,los-angeles,october,yes,3,0,60.0,REVIEW,reported but low impressions
https://www.gotript.com/lyon-weather-in-june,weather-month,lyon,june,yes,3,0,51.33,REVIEW,reported but low impressions
https://www.gotript.com/mallorca-weather-in-february,weather-month,mallorca,february,yes,3,0,63.0,REVIEW,reported but low impressions
https://www.gotript.com/mallorca-weather-in-march,weather-month,mallorca,march,yes,3,0,74.0,REVIEW,reported but low impressions
https://www.gotript.com/manila-weather-in-august,weather-month,manila,august,yes,3,0,53.0,REVIEW,reported but low impressions
https://www.gotript.com/melbourne-weather-in-july,weather-month,melbourne,july,yes,3,0,63.33,REVIEW,reported but low impressions
https://www.gotript.com/melbourne-weather-in-october,weather-month,melbourne,october,yes,3,0,55.33,REVIEW,reported but low impressions
https://www.gotript.com/montreux-weather-in-november,weather-month,montreux,november,yes,3,0,8.67,REVIEW,reported but low impressions
https://www.gotript.com/mumbai-weather-in-april,weather-month,mumbai,april,yes,3,0,54.0,REVIEW,reported but low impressions
https://www.gotript.com/mumbai-weather-in-february,weather-month,mumbai,february,yes,3,0,60.67,REVIEW,reported but low impressions
https://www.gotript.com/new-orleans-weather-in-november,weather-month,new-orleans,november,yes,3,0,59.67,REVIEW,reported but low impressions
https://www.gotript.com/okinawa-weather-in-february,weather-month,okinawa,february,yes,3,0,55.33,REVIEW,reported but low impressions
https://www.gotript.com/okinawa-weather-in-march,weather-month,okinawa,march,yes,3,0,44.0,REVIEW,reported but low impressions
https://www.gotript.com/okinawa-weather-in-may,weather-month,okinawa,may,yes,3,0,53.33,REVIEW,reported but low impressions
https://www.gotript.com/osaka-weather-in-august,weather-month,osaka,august,yes,3,0,49.0,REVIEW,reported but low impressions
https://www.gotript.com/osaka-weather-in-january,weather-month,osaka,january,yes,3,0,63.67,REVIEW,reported but low impressions
https://www.gotript.com/osaka-weather-in-october,weather-month,osaka,october,yes,3,0,63.0,REVIEW,reported but low impressions
https://www.gotript.com/penang-weather-in-august,weather-month,penang,august,yes,3,0,31.33,REVIEW,reported but low impressions
https://www.gotript.com/porto-weather-in-october,weather-month,porto,october,yes,3,0,66.33,REVIEW,reported but low impressions
https://www.gotript.com/puerto-vallarta-weather-in-april,weather-month,puerto-vallarta,april,yes,3,0,70.33,REVIEW,reported but low impressions
https://www.gotript.com/puerto-vallarta-weather-in-july,weather-month,puerto-vallarta,july,yes,3,0,65.33,REVIEW,reported but low impressions
https://www.gotript.com/rio-de-janeiro-weather-in-april,weather-month,rio-de-janeiro,april,yes,3,0,68.0,REVIEW,reported but low impressions
https://www.gotript.com/rome-weather-in-june,weather-month,rome,june,yes,3,0,73.0,REVIEW,reported but low impressions
https://www.gotript.com/salzburg-weather-in-december,weather-month,salzburg,december,yes,3,0,63.33,REVIEW,reported but low impressions
https://www.gotript.com/san-diego-weather-in-may,weather-month,san-diego,may,yes,3,0,45.0,REVIEW,reported but low impressions
https://www.gotript.com/san-juan-weather-in-january,weather-month,san-juan,january,yes,3,0,54.67,REVIEW,reported but low impressions
https://www.gotript.com/san-sebastian-weather-in-april,weather-month,san-sebastian,april,yes,3,0,25.33,REVIEW,reported but low impressions
https://www.gotript.com/san-sebastian-weather-in-august,weather-month,san-sebastian,august,yes,3,0,54.67,REVIEW,reported but low impressions
https://www.gotript.com/sapporo-weather-in-april,weather-month,sapporo,april,yes,3,0,55.0,REVIEW,reported but low impressions
https://www.gotript.com/seattle-weather-in-december,weather-month,seattle,december,yes,3,0,46.67,REVIEW,reported but low impressions
https://www.gotript.com/singapore-weather-in-november,weather-month,singapore,november,yes,3,0,71.0,REVIEW,reported but low impressions
https://www.gotript.com/sydney-weather-in-january,weather-month,sydney,january,yes,3,0,50.0,REVIEW,reported but low impressions
https://www.gotript.com/toronto-weather-in-march,weather-month,toronto,march,yes,3,0,58.67,REVIEW,reported but low impressions
https://www.gotript.com/udaipur-weather-in-august,weather-month,udaipur,august,yes,3,0,36.0,REVIEW,reported but low impressions
https://www.gotript.com/valencia-weather-in-august,weather-month,valencia,august,yes,3,0,48.67,REVIEW,reported but low impressions
https://www.gotript.com/washington-dc-weather-in-january,weather-month,washington-dc,january,yes,3,0,48.0,REVIEW,reported but low impressions
https://www.gotript.com/zermatt-weather-in-june,weather-month,zermatt,june,yes,3,0,65.0,REVIEW,reported but low impressions
https://www.gotript.com/best-time-to-visit-nashville,best-time,nashville,,yes,2,0,48.5,REVIEW,reported but low impressions
https://www.gotript.com/bologna-weather-in-november,weather-month,bologna,november,yes,2,0,45.5,REVIEW,reported but low impressions
https://www.gotript.com/buenos-aires-weather-in-september,weather-month,buenos-aires,september,yes,2,0,37.5,REVIEW,reported but low impressions
https://www.gotript.com/casablanca-weather-in-january,weather-month,casablanca,january,yes,2,0,51.5,REVIEW,reported but low impressions
https://www.gotript.com/cebu-weather-in-september,weather-month,cebu,september,yes,2,0,22.0,REVIEW,reported but low impressions
https://www.gotript.com/charleston-weather-in-august,weather-month,charleston,august,yes,2,0,38.0,REVIEW,reported but low impressions
https://www.gotript.com/chicago-weather-in-january,weather-month,chicago,january,yes,2,0,50.0,REVIEW,reported but low impressions
https://www.gotript.com/cinque-terre-weather-in-october,weather-month,cinque-terre,october,yes,2,0,46.0,REVIEW,reported but low impressions
https://www.gotript.com/cologne-weather-in-december,weather-month,cologne,december,yes,2,0,46.5,REVIEW,reported but low impressions
https://www.gotript.com/corfu-weather-in-september,weather-month,corfu,september,yes,2,0,49.0,REVIEW,reported but low impressions
https://www.gotript.com/granada-weather-in-september,weather-month,granada,september,yes,2,0,32.0,REVIEW,reported but low impressions
https://www.gotript.com/hallstatt-weather-in-july,weather-month,hallstatt,july,yes,2,0,11.0,REVIEW,reported but low impressions
https://www.gotript.com/ibiza-weather-in-december,weather-month,ibiza,december,yes,2,0,31.0,REVIEW,reported but low impressions
https://www.gotript.com/ibiza-weather-in-january,weather-month,ibiza,january,yes,2,0,38.5,REVIEW,reported but low impressions
https://www.gotript.com/jodhpur-weather-in-january,weather-month,jodhpur,january,yes,2,0,43.0,REVIEW,reported but low impressions
https://www.gotript.com/jodhpur-weather-in-march,weather-month,jodhpur,march,yes,2,0,34.0,REVIEW,reported but low impressions
https://www.gotript.com/krakow-weather-in-september,weather-month,krakow,september,yes,2,0,45.5,REVIEW,reported but low impressions
https://www.gotript.com/langkawi-weather-in-january,weather-month,langkawi,january,yes,2,0,48.0,REVIEW,reported but low impressions
https://www.gotript.com/lauterbrunnen-weather-in-may,weather-month,lauterbrunnen,may,yes,2,0,9.0,REVIEW,reported but low impressions
https://www.gotript.com/lima-weather-in-october,weather-month,lima,october,yes,2,0,31.5,REVIEW,reported but low impressions
https://www.gotript.com/lucerne-weather-in-september,weather-month,lucerne,september,yes,2,0,50.0,REVIEW,reported but low impressions
https://www.gotript.com/lyon-weather-in-september,weather-month,lyon,september,yes,2,0,29.0,REVIEW,reported but low impressions
https://www.gotript.com/marseille-weather-in-june,weather-month,marseille,june,yes,2,0,52.5,REVIEW,reported but low impressions
https://www.gotript.com/matera-weather-in-august,weather-month,matera,august,yes,2,0,11.5,REVIEW,reported but low impressions
https://www.gotript.com/matera-weather-in-november,weather-month,matera,november,yes,2,0,9.5,REVIEW,reported but low impressions
https://www.gotript.com/merida-weather-in-august,weather-month,merida,august,yes,2,0,16.5,REVIEW,reported but low impressions
https://www.gotript.com/montreal-weather-in-december,weather-month,montreal,december,yes,2,0,45.5,REVIEW,reported but low impressions
https://www.gotript.com/murren-weather-in-september,weather-month,murren,september,yes,2,0,10.5,REVIEW,reported but low impressions
https://www.gotript.com/naples-weather-in-february,weather-month,naples,february,yes,2,0,46.0,REVIEW,reported but low impressions
https://www.gotript.com/nashville-weather-in-may,weather-month,nashville,may,yes,2,0,52.0,REVIEW,reported but low impressions
https://www.gotript.com/oaxaca-weather-in-february,weather-month,oaxaca,february,yes,2,0,28.5,REVIEW,reported but low impressions
https://www.gotript.com/orlando-weather-in-august,weather-month,orlando,august,yes,2,0,9.0,REVIEW,reported but low impressions
https://www.gotript.com/oslo-weather-in-april,weather-month,oslo,april,yes,2,0,49.5,REVIEW,reported but low impressions
https://www.gotript.com/oslo-weather-in-october,weather-month,oslo,october,yes,2,0,49.0,REVIEW,reported but low impressions
https://www.gotript.com/palermo-weather-in-august,weather-month,palermo,august,yes,2,0,23.0,REVIEW,reported but low impressions
https://www.gotript.com/penang-weather-in-december,weather-month,penang,december,yes,2,0,44.5,REVIEW,reported but low impressions
https://www.gotript.com/perth-weather-in-june,weather-month,perth,june,yes,2,0,47.5,REVIEW,reported but low impressions
https://www.gotript.com/positano-weather-in-march,weather-month,positano,march,yes,2,0,33.5,REVIEW,reported but low impressions
https://www.gotript.com/quebec-city-weather-in-march,weather-month,quebec-city,march,yes,2,0,44.0,REVIEW,reported but low impressions
https://www.gotript.com/san-sebastian-weather-in-december,weather-month,san-sebastian,december,yes,2,0,37.0,REVIEW,reported but low impressions
https://www.gotript.com/san-sebastian-weather-in-november,weather-month,san-sebastian,november,yes,2,0,40.5,REVIEW,reported but low impressions
https://www.gotript.com/santiago-weather-in-august,weather-month,santiago,august,yes,2,0,49.0,REVIEW,reported but low impressions
https://www.gotript.com/santiago-weather-in-november,weather-month,santiago,november,yes,2,0,18.5,REVIEW,reported but low impressions
https://www.gotript.com/sharm-el-sheikh-weather-in-june,weather-month,sharm-el-sheikh,june,yes,2,0,34.5,REVIEW,reported but low impressions
https://www.gotript.com/tallinn-weather-in-october,weather-month,tallinn,october,yes,2,0,50.0,REVIEW,reported but low impressions
https://www.gotript.com/tel-aviv-weather-in-december,weather-month,tel-aviv,december,yes,2,0,51.5,REVIEW,reported but low impressions
https://www.gotript.com/ushuaia-weather-in-december,weather-month,ushuaia,december,yes,2,0,11.0,REVIEW,reported but low impressions
https://www.gotript.com/washington-dc-weather-in-june,weather-month,washington-dc,june,yes,2,0,30.5,REVIEW,reported but low impressions
https://www.gotript.com/wellington-weather-in-september,weather-month,wellington,september,yes,2,0,49.0,REVIEW,reported but low impressions
https://www.gotript.com/whistler-weather-in-august,weather-month,whistler,august,yes,2,0,30.0,REVIEW,reported but low impressions
https://www.gotript.com/abu-dhabi-weather-in-january,weather-month,abu-dhabi,january,no,0,0,,REVIEW*,"NOT reported in capped export — status unknown, may be missing due to 1,000-row cap"
https://www.gotript.com/abu-dhabi-weather-in-july,weather-month,abu-dhabi,july,no,0,0,,REVIEW*,"NOT reported in capped export — status unknown, may be missing due to 1,000-row cap"
https://www.gotript.com/abu-dhabi-weather-in-june,weather-month,abu-dhabi,june,no,0,0,,REVIEW*,"NOT reported in capped export — status unknown, may be missing due to 1,000-row cap"
https://www.gotript.com/abu-dhabi-weather-in-march,weather-month,abu-dhabi,march,no,0,0,,REVIEW*,"NOT reported in capped export — status unknown, may be missing due to 1,000-row cap"
https://www.gotript.com/abu-dhabi-weather-in-may,weather-month,abu-dhabi,may,no,0,0,,REVIEW*,"NOT reported in capped export — status unknown, may be missing due to 1,000-row cap"
https://www.gotript.com/agra-weather-in-april,weather-month,agra,april,no,0,0,,REVIEW*,"NOT reported in capped export — status unknown, may be missing due to 1,000-row cap"
https://www.gotript.com/agra-weather-in-august,weather-month,agra,august,no,0,0,,REVIEW*,"NOT reported in capped export — status unknown, may be missing due to 1,000-row cap"
https://www.gotript.com/agra-weather-in-december,weather-month,agra,december,no,0,0,,REVIEW*,"NOT reported in capped export — status unknown, may be missing due to 1,000-row cap"
https://www.gotript.com/agra-weather-in-february,weather-month,agra,february,no,0,0,,REVIEW*,"NOT reported in capped export — status unknown, may be missing due to 1,000-row cap"
https://www.gotript.com/agra-weather-in-january,weather-month,agra,january,no,0,0,,REVIEW*,"NOT reported in capped export — status unknown, may be missing due to 1,000-row cap"
https://www.gotript.com/agra-weather-in-july,weather-month,agra,july,no,0,0,,REVIEW*,"NOT reported in capped export — status unknown, may be missing due to 1,000-row cap"
https://www.gotript.com/agra-weather-in-june,weather-month,agra,june,no,0,0,,REVIEW*,"NOT reported in capped export — status unknown, may be missing due to 1,000-row cap"
https://www.gotript.com/agra-weather-in-march,weather-month,agra,march,no,0,0,,REVIEW*,"NOT reported in capped export — status unknown, may be missing due to 1,000-row cap"
https://www.gotript.com/agra-weather-in-may,weather-month,agra,may,no,0,0,,REVIEW*,"NOT reported in capped export — status unknown, may be missing due to 1,000-row cap"
https://www.gotript.com/agra-weather-in-november,weather-month,agra,november,no,0,0,,REVIEW*,"NOT reported in capped export — status unknown, may be missing due to 1,000-row cap"
https://www.gotript.com/agra-weather-in-october,weather-month,agra,october,no,0,0,,REVIEW*,"NOT reported in capped export — status unknown, may be missing due to 1,000-row cap"
https://www.gotript.com/agra-weather-in-september,weather-month,agra,september,no,0,0,,REVIEW*,"NOT reported in capped export — status unknown, may be missing due to 1,000-row cap"
https://www.gotript.com/amman-weather-in-april,weather-month,amman,april,no,0,0,,REVIEW*,"NOT reported in capped export — status unknown, may be missing due to 1,000-row cap"
https://www.gotript.com/amman-weather-in-august,weather-month,amman,august,no,0,0,,REVIEW*,"NOT reported in capped export — status unknown, may be missing due to 1,000-row cap"
https://www.gotript.com/amman-weather-in-december,weather-month,amman,december,no,0,0,,REVIEW*,"NOT reported in capped export — status unknown, may be missing due to 1,000-row cap"
https://www.gotript.com/amman-weather-in-february,weather-month,amman,february,no,0,0,,REVIEW*,"NOT reported in capped export — status unknown, may be missing due to 1,000-row cap"
https://www.gotript.com/amman-weather-in-january,weather-month,amman,january,no,0,0,,REVIEW*,"NOT reported in capped export — status unknown, may be missing due to 1,000-row cap"
https://www.gotript.com/amman-weather-in-july,weather-month,amman,july,no,0,0,,REVIEW*,"NOT reported in capped export — status unknown, may be missing due to 1,000-row cap"
https://www.gotript.com/amman-weather-in-june,weather-month,amman,june,no,0,0,,REVIEW*,"NOT reported in capped export — status unknown, may be missing due to 1,000-row cap"
https://www.gotript.com/amman-weather-in-march,weather-month,amman,march,no,0,0,,REVIEW*,"NOT reported in capped export — status unknown, may be missing due to 1,000-row cap"
https://www.gotript.com/amman-weather-in-may,weather-month,amman,may,no,0,0,,REVIEW*,"NOT reported in capped export — status unknown, may be missing due to 1,000-row cap"
https://www.gotript.com/amman-weather-in-november,weather-month,amman,november,no,0,0,,REVIEW*,"NOT reported in capped export — status unknown, may be missing due to 1,000-row cap"
https://www.gotript.com/amman-weather-in-october,weather-month,amman,october,no,0,0,,REVIEW*,"NOT reported in capped export — status unknown, may be missing due to 1,000-row cap"
https://www.gotript.com/amman-weather-in-september,weather-month,amman,september,no,0,0,,REVIEW*,"NOT reported in capped export — status unknown, may be missing due to 1,000-row cap"
https://www.gotript.com/amsterdam-weather-in-april,weather-month,amsterdam,april,no,0,0,,REVIEW*,"NOT reported in capped export — status unknown, may be missing due to 1,000-row cap"
https://www.gotript.com/amsterdam-weather-in-august,weather-month,amsterdam,august,no,0,0,,REVIEW*,"NOT reported in capped export — status unknown, may be missing due to 1,000-row cap"
https://www.gotript.com/amsterdam-weather-in-december,weather-month,amsterdam,december,no,0,0,,REVIEW*,"NOT reported in capped export — status unknown, may be missing due to 1,000-row cap"
https://www.gotript.com/amsterdam-weather-in-february,weather-month,amsterdam,february,no,0,0,,REVIEW*,"NOT reported in capped export — status unknown, may be missing due to 1,000-row cap"
https://www.gotript.com/amsterdam-weather-in-january,weather-month,amsterdam,january,no,0,0,,REVIEW*,"NOT reported in capped export — status unknown, may be missing due to 1,000-row cap"
https://www.gotript.com/amsterdam-weather-in-july,weather-month,amsterdam,july,no,0,0,,REVIEW*,"NOT reported in capped export — status unknown, may be missing due to 1,000-row cap"
https://www.gotript.com/amsterdam-weather-in-june,weather-month,amsterdam,june,no,0,0,,REVIEW*,"NOT reported in capped export — status unknown, may be missing due to 1,000-row cap"
https://www.gotript.com/amsterdam-weather-in-march,weather-month,amsterdam,march,no,0,0,,REVIEW*,"NOT reported in capped export — status unknown, may be missing due to 1,000-row cap"
https://www.gotript.com/amsterdam-weather-in-may,weather-month,amsterdam,may,no,0,0,,REVIEW*,"NOT reported in capped export — status unknown, may be missing due to 1,000-row cap"
https://www.gotript.com/amsterdam-weather-in-november,weather-month,amsterdam,november,no,0,0,,REVIEW*,"NOT reported in capped export — status unknown, may be missing due to 1,000-row cap"
https://www.gotript.com/amsterdam-weather-in-october,weather-month,amsterdam,october,no,0,0,,REVIEW*,"NOT reported in capped export — status unknown, may be missing due to 1,000-row cap"
https://www.gotript.com/amsterdam-weather-in-september,weather-month,amsterdam,september,no,0,0,,REVIEW*,"NOT reported in capped export — status unknown, may be missing due to 1,000-row cap"
https://www.gotript.com/antwerp-weather-in-april,weather-month,antwerp,april,no,0,0,,REVIEW*,"NOT reported in capped export — status unknown, may be missing due to 1,000-row cap"
https://www.gotript.com/antwerp-weather-in-august,weather-month,antwerp,august,no,0,0,,REVIEW*,"NOT reported in capped export — status unknown, may be missing due to 1,000-row cap"
https://www.gotript.com/antwerp-weather-in-december,weather-month,antwerp,december,no,0,0,,REVIEW*,"NOT reported in capped export — status unknown, may be missing due to 1,000-row cap"
https://www.gotript.com/antwerp-weather-in-february,weather-month,antwerp,february,no,0,0,,REVIEW*,"NOT reported in capped export — status unknown, may be missing due to 1,000-row cap"
https://www.gotript.com/antwerp-weather-in-january,weather-month,antwerp,january,no,0,0,,REVIEW*,"NOT reported in capped export — status unknown, may be missing due to 1,000-row cap"
https://www.gotript.com/antwerp-weather-in-july,weather-month,antwerp,july,no,0,0,,REVIEW*,"NOT reported in capped export — status unknown, may be missing due to 1,000-row cap"
https://www.gotript.com/antwerp-weather-in-june,weather-month,antwerp,june,no,0,0,,REVIEW*,"NOT reported in capped export — status unknown, may be missing due to 1,000-row cap"
https://www.gotript.com/antwerp-weather-in-march,weather-month,antwerp,march,no,0,0,,REVIEW*,"NOT reported in capped export — status unknown, may be missing due to 1,000-row cap"
https://www.gotript.com/antwerp-weather-in-may,weather-month,antwerp,may,no,0,0,,REVIEW*,"NOT reported in capped export — status unknown, may be missing due to 1,000-row cap"
https://www.gotript.com/antwerp-weather-in-november,weather-month,antwerp,november,no,0,0,,REVIEW*,"NOT reported in capped export — status unknown, may be missing due to 1,000-row cap"
https://www.gotript.com/antwerp-weather-in-october,weather-month,antwerp,october,no,0,0,,REVIEW*,"NOT reported in capped export — status unknown, may be missing due to 1,000-row cap"
https://www.gotript.com/antwerp-weather-in-september,weather-month,antwerp,september,no,0,0,,REVIEW*,"NOT reported in capped export — status unknown, may be missing due to 1,000-row cap"
https://www.gotript.com/athens-weather-in-april,weather-month,athens,april,no,0,0,,REVIEW*,"NOT reported in capped export — status unknown, may be missing due to 1,000-row cap"
https://www.gotript.com/athens-weather-in-august,weather-month,athens,august,no,0,0,,REVIEW*,"NOT reported in capped export — status unknown, may be missing due to 1,000-row cap"
https://www.gotript.com/athens-weather-in-december,weather-month,athens,december,no,0,0,,REVIEW*,"NOT reported in capped export — status unknown, may be missing due to 1,000-row cap"
https://www.gotript.com/athens-weather-in-february,weather-month,athens,february,no,0,0,,REVIEW*,"NOT reported in capped export — status unknown, may be missing due to 1,000-row cap"
https://www.gotript.com/athens-weather-in-january,weather-month,athens,january,no,0,0,,REVIEW*,"NOT reported in capped export — status unknown, may be missing due to 1,000-row cap"
https://www.gotript.com/athens-weather-in-july,weather-month,athens,july,no,0,0,,REVIEW*,"NOT reported in capped export — status unknown, may be missing due to 1,000-row cap"
https://www.gotript.com/athens-weather-in-june,weather-month,athens,june,no,0,0,,REVIEW*,"NOT reported in capped export — status unknown, may be missing due to 1,000-row cap"
https://www.gotript.com/athens-weather-in-march,weather-month,athens,march,no,0,0,,REVIEW*,"NOT reported in capped export — status unknown, may be missing due to 1,000-row cap"
https://www.gotript.com/athens-weather-in-may,weather-month,athens,may,no,0,0,,REVIEW*,"NOT reported in capped export — status unknown, may be missing due to 1,000-row cap"
https://www.gotript.com/athens-weather-in-november,weather-month,athens,november,no,0,0,,REVIEW*,"NOT reported in capped export — status unknown, may be missing due to 1,000-row cap"
https://www.gotript.com/athens-weather-in-october,weather-month,athens,october,no,0,0,,REVIEW*,"NOT reported in capped export — status unknown, may be missing due to 1,000-row cap"
https://www.gotript.com/auckland-weather-in-april,weather-month,auckland,april,no,0,0,,REVIEW*,"NOT reported in capped export — status unknown, may be missing due to 1,000-row cap"
https://www.gotript.com/auckland-weather-in-august,weather-month,auckland,august,no,0,0,,REVIEW*,"NOT reported in capped export — status unknown, may be missing due to 1,000-row cap"
https://www.gotript.com/auckland-weather-in-december,weather-month,auckland,december,no,0,0,,REVIEW*,"NOT reported in capped export — status unknown, may be missing due to 1,000-row cap"
https://www.gotript.com/auckland-weather-in-february,weather-month,auckland,february,no,0,0,,REVIEW*,"NOT reported in capped export — status unknown, may be missing due to 1,000-row cap"
https://www.gotript.com/auckland-weather-in-january,weather-month,auckland,january,no,0,0,,REVIEW*,"NOT reported in capped export — status unknown, may be missing due to 1,000-row cap"
https://www.gotript.com/auckland-weather-in-july,weather-month,auckland,july,no,0,0,,REVIEW*,"NOT reported in capped export — status unknown, may be missing due to 1,000-row cap"
https://www.gotript.com/auckland-weather-in-june,weather-month,auckland,june,no,0,0,,REVIEW*,"NOT reported in capped export — status unknown, may be missing due to 1,000-row cap"
https://www.gotript.com/auckland-weather-in-march,weather-month,auckland,march,no,0,0,,REVIEW*,"NOT reported in capped export — status unknown, may be missing due to 1,000-row cap"
https://www.gotript.com/auckland-weather-in-may,weather-month,auckland,may,no,0,0,,REVIEW*,"NOT reported in capped export — status unknown, may be missing due to 1,000-row cap"
https://www.gotript.com/auckland-weather-in-november,weather-month,auckland,november,no,0,0,,REVIEW*,"NOT reported in capped export — status unknown, may be missing due to 1,000-row cap"
https://www.gotript.com/auckland-weather-in-october,weather-month,auckland,october,no,0,0,,REVIEW*,"NOT reported in capped export — status unknown, may be missing due to 1,000-row cap"
https://www.gotript.com/auckland-weather-in-september,weather-month,auckland,september,no,0,0,,REVIEW*,"NOT reported in capped export — status unknown, may be missing due to 1,000-row cap"
https://www.gotript.com/austin-weather-in-april,weather-month,austin,april,no,0,0,,REVIEW*,"NOT reported in capped export — status unknown, may be missing due to 1,000-row cap"
https://www.gotript.com/austin-weather-in-august,weather-month,austin,august,no,0,0,,REVIEW*,"NOT reported in capped export — status unknown, may be missing due to 1,000-row cap"
https://www.gotript.com/austin-weather-in-december,weather-month,austin,december,no,0,0,,REVIEW*,"NOT reported in capped export — status unknown, may be missing due to 1,000-row cap"
https://www.gotript.com/austin-weather-in-february,weather-month,austin,february,no,0,0,,REVIEW*,"NOT reported in capped export — status unknown, may be missing due to 1,000-row cap"
https://www.gotript.com/austin-weather-in-january,weather-month,austin,january,no,0,0,,REVIEW*,"NOT reported in capped export — status unknown, may be missing due to 1,000-row cap"
https://www.gotript.com/austin-weather-in-july,weather-month,austin,july,no,0,0,,REVIEW*,"NOT reported in capped export — status unknown, may be missing due to 1,000-row cap"
https://www.gotript.com/austin-weather-in-june,weather-month,austin,june,no,0,0,,REVIEW*,"NOT reported in capped export — status unknown, may be missing due to 1,000-row cap"
https://www.gotript.com/austin-weather-in-may,weather-month,austin,may,no,0,0,,REVIEW*,"NOT reported in capped export — status unknown, may be missing due to 1,000-row cap"
https://www.gotript.com/austin-weather-in-november,weather-month,austin,november,no,0,0,,REVIEW*,"NOT reported in capped export — status unknown, may be missing due to 1,000-row cap"
https://www.gotript.com/austin-weather-in-october,weather-month,austin,october,no,0,0,,REVIEW*,"NOT reported in capped export — status unknown, may be missing due to 1,000-row cap"
https://www.gotript.com/austin-weather-in-september,weather-month,austin,september,no,0,0,,REVIEW*,"NOT reported in capped export — status unknown, may be missing due to 1,000-row cap"
https://www.gotript.com/bali-weather-in-april,weather-month,bali,april,no,0,0,,REVIEW*,"NOT reported in capped export — status unknown, may be missing due to 1,000-row cap"
https://www.gotript.com/bali-weather-in-december,weather-month,bali,december,no,0,0,,REVIEW*,"NOT reported in capped export — status unknown, may be missing due to 1,000-row cap"
https://www.gotript.com/bali-weather-in-january,weather-month,bali,january,no,0,0,,REVIEW*,"NOT reported in capped export — status unknown, may be missing due to 1,000-row cap"
https://www.gotript.com/bali-weather-in-july,weather-month,bali,july,no,0,0,,REVIEW*,"NOT reported in capped export — status unknown, may be missing due to 1,000-row cap"
https://www.gotript.com/bali-weather-in-june,weather-month,bali,june,no,0,0,,REVIEW*,"NOT reported in capped export — status unknown, may be missing due to 1,000-row cap"
https://www.gotript.com/bali-weather-in-march,weather-month,bali,march,no,0,0,,REVIEW*,"NOT reported in capped export — status unknown, may be missing due to 1,000-row cap"
https://www.gotript.com/bali-weather-in-october,weather-month,bali,october,no,0,0,,REVIEW*,"NOT reported in capped export — status unknown, may be missing due to 1,000-row cap"
https://www.gotript.com/bali-weather-in-september,weather-month,bali,september,no,0,0,,REVIEW*,"NOT reported in capped export — status unknown, may be missing due to 1,000-row cap"
https://www.gotript.com/banff-weather-in-april,weather-month,banff,april,no,0,0,,REVIEW*,"NOT reported in capped export — status unknown, may be missing due to 1,000-row cap"
https://www.gotript.com/banff-weather-in-august,weather-month,banff,august,no,0,0,,REVIEW*,"NOT reported in capped export — status unknown, may be missing due to 1,000-row cap"
https://www.gotript.com/banff-weather-in-december,weather-month,banff,december,no,0,0,,REVIEW*,"NOT reported in capped export — status unknown, may be missing due to 1,000-row cap"
https://www.gotript.com/banff-weather-in-february,weather-month,banff,february,no,0,0,,REVIEW*,"NOT reported in capped export — status unknown, may be missing due to 1,000-row cap"
https://www.gotript.com/banff-weather-in-january,weather-month,banff,january,no,0,0,,REVIEW*,"NOT reported in capped export — status unknown, may be missing due to 1,000-row cap"
https://www.gotript.com/banff-weather-in-july,weather-month,banff,july,no,0,0,,REVIEW*,"NOT reported in capped export — status unknown, may be missing due to 1,000-row cap"
https://www.gotript.com/banff-weather-in-june,weather-month,banff,june,no,0,0,,REVIEW*,"NOT reported in capped export — status unknown, may be missing due to 1,000-row cap"
https://www.gotript.com/banff-weather-in-march,weather-month,banff,march,no,0,0,,REVIEW*,"NOT reported in capped export — status unknown, may be missing due to 1,000-row cap"
https://www.gotript.com/banff-weather-in-may,weather-month,banff,may,no,0,0,,REVIEW*,"NOT reported in capped export — status unknown, may be missing due to 1,000-row cap"
https://www.gotript.com/banff-weather-in-november,weather-month,banff,november,no,0,0,,REVIEW*,"NOT reported in capped export — status unknown, may be missing due to 1,000-row cap"
https://www.gotript.com/banff-weather-in-october,weather-month,banff,october,no,0,0,,REVIEW*,"NOT reported in capped export — status unknown, may be missing due to 1,000-row cap"
https://www.gotript.com/banff-weather-in-september,weather-month,banff,september,no,0,0,,REVIEW*,"NOT reported in capped export — status unknown, may be missing due to 1,000-row cap"
https://www.gotript.com/bangkok-weather-in-april,weather-month,bangkok,april,no,0,0,,REVIEW*,"NOT reported in capped export — status unknown, may be missing due to 1,000-row cap"
https://www.gotript.com/bangkok-weather-in-august,weather-month,bangkok,august,no,0,0,,REVIEW*,"NOT reported in capped export — status unknown, may be missing due to 1,000-row cap"
https://www.gotript.com/bangkok-weather-in-december,weather-month,bangkok,december,no,0,0,,REVIEW*,"NOT reported in capped export — status unknown, may be missing due to 1,000-row cap"
https://www.gotript.com/bangkok-weather-in-february,weather-month,bangkok,february,no,0,0,,REVIEW*,"NOT reported in capped export — status unknown, may be missing due to 1,000-row cap"
https://www.gotript.com/bangkok-weather-in-january,weather-month,bangkok,january,no,0,0,,REVIEW*,"NOT reported in capped export — status unknown, may be missing due to 1,000-row cap"
https://www.gotript.com/bangkok-weather-in-july,weather-month,bangkok,july,no,0,0,,REVIEW*,"NOT reported in capped export — status unknown, may be missing due to 1,000-row cap"
https://www.gotript.com/bangkok-weather-in-june,weather-month,bangkok,june,no,0,0,,REVIEW*,"NOT reported in capped export — status unknown, may be missing due to 1,000-row cap"
https://www.gotript.com/bangkok-weather-in-march,weather-month,bangkok,march,no,0,0,,REVIEW*,"NOT reported in capped export — status unknown, may be missing due to 1,000-row cap"
https://www.gotript.com/bangkok-weather-in-may,weather-month,bangkok,may,no,0,0,,REVIEW*,"NOT reported in capped export — status unknown, may be missing due to 1,000-row cap"
https://www.gotript.com/bangkok-weather-in-november,weather-month,bangkok,november,no,0,0,,REVIEW*,"NOT reported in capped export — status unknown, may be missing due to 1,000-row cap"
https://www.gotript.com/bangkok-weather-in-october,weather-month,bangkok,october,no,0,0,,REVIEW*,"NOT reported in capped export — status unknown, may be missing due to 1,000-row cap"
https://www.gotript.com/bangkok-weather-in-september,weather-month,bangkok,september,no,0,0,,REVIEW*,"NOT reported in capped export — status unknown, may be missing due to 1,000-row cap"
https://www.gotript.com/barcelona-weather-in-april,weather-month,barcelona,april,no,0,0,,REVIEW*,"NOT reported in capped export — status unknown, may be missing due to 1,000-row cap"
https://www.gotript.com/barcelona-weather-in-august,weather-month,barcelona,august,no,0,0,,REVIEW*,"NOT reported in capped export — status unknown, may be missing due to 1,000-row cap"
https://www.gotript.com/barcelona-weather-in-december,weather-month,barcelona,december,no,0,0,,REVIEW*,"NOT reported in capped export — status unknown, may be missing due to 1,000-row cap"
https://www.gotript.com/barcelona-weather-in-february,weather-month,barcelona,february,no,0,0,,REVIEW*,"NOT reported in capped export — status unknown, may be missing due to 1,000-row cap"
https://www.gotript.com/barcelona-weather-in-june,weather-month,barcelona,june,no,0,0,,REVIEW*,"NOT reported in capped export — status unknown, may be missing due to 1,000-row cap"
https://www.gotript.com/barcelona-weather-in-march,weather-month,barcelona,march,no,0,0,,REVIEW*,"NOT reported in capped export — status unknown, may be missing due to 1,000-row cap"
https://www.gotript.com/barcelona-weather-in-may,weather-month,barcelona,may,no,0,0,,REVIEW*,"NOT reported in capped export — status unknown, may be missing due to 1,000-row cap"
https://www.gotript.com/barcelona-weather-in-november,weather-month,barcelona,november,no,0,0,,REVIEW*,"NOT reported in capped export — status unknown, may be missing due to 1,000-row cap"
https://www.gotript.com/barcelona-weather-in-october,weather-month,barcelona,october,no,0,0,,REVIEW*,"NOT reported in capped export — status unknown, may be missing due to 1,000-row cap"
https://www.gotript.com/barcelona-weather-in-september,weather-month,barcelona,september,no,0,0,,REVIEW*,"NOT reported in capped export — status unknown, may be missing due to 1,000-row cap"
https://www.gotript.com/basel-weather-in-april,weather-month,basel,april,no,0,0,,REVIEW*,"NOT reported in capped export — status unknown, may be missing due to 1,000-row cap"
https://www.gotript.com/basel-weather-in-august,weather-month,basel,august,no,0,0,,REVIEW*,"NOT reported in capped export — status unknown, may be missing due to 1,000-row cap"
https://www.gotript.com/basel-weather-in-december,weather-month,basel,december,no,0,0,,REVIEW*,"NOT reported in capped export — status unknown, may be missing due to 1,000-row cap"
https://www.gotript.com/basel-weather-in-february,weather-month,basel,february,no,0,0,,REVIEW*,"NOT reported in capped export — status unknown, may be missing due to 1,000-row cap"
https://www.gotript.com/basel-weather-in-january,weather-month,basel,january,no,0,0,,REVIEW*,"NOT reported in capped export — status unknown, may be missing due to 1,000-row cap"
https://www.gotript.com/basel-weather-in-july,weather-month,basel,july,no,0,0,,REVIEW*,"NOT reported in capped export — status unknown, may be missing due to 1,000-row cap"
https://www.gotript.com/basel-weather-in-june,weather-month,basel,june,no,0,0,,REVIEW*,"NOT reported in capped export — status unknown, may be missing due to 1,000-row cap"
https://www.gotript.com/basel-weather-in-march,weather-month,basel,march,no,0,0,,REVIEW*,"NOT reported in capped export — status unknown, may be missing due to 1,000-row cap"
https://www.gotript.com/basel-weather-in-may,weather-month,basel,may,no,0,0,,REVIEW*,"NOT reported in capped export — status unknown, may be missing due to 1,000-row cap"
https://www.gotript.com/basel-weather-in-november,weather-month,basel,november,no,0,0,,REVIEW*,"NOT reported in capped export — status unknown, may be missing due to 1,000-row cap"
https://www.gotript.com/basel-weather-in-october,weather-month,basel,october,no,0,0,,REVIEW*,"NOT reported in capped export — status unknown, may be missing due to 1,000-row cap"
https://www.gotript.com/basel-weather-in-september,weather-month,basel,september,no,0,0,,REVIEW*,"NOT reported in capped export — status unknown, may be missing due to 1,000-row cap"
https://www.gotript.com/beijing-weather-in-april,weather-month,beijing,april,no,0,0,,REVIEW*,"NOT reported in capped export — status unknown, may be missing due to 1,000-row cap"
https://www.gotript.com/beijing-weather-in-august,weather-month,beijing,august,no,0,0,,REVIEW*,"NOT reported in capped export — status unknown, may be missing due to 1,000-row cap"
https://www.gotript.com/beijing-weather-in-february,weather-month,beijing,february,no,0,0,,REVIEW*,"NOT reported in capped export — status unknown, may be missing due to 1,000-row cap"
https://www.gotript.com/beijing-weather-in-january,weather-month,beijing,january,no,0,0,,REVIEW*,"NOT reported in capped export — status unknown, may be missing due to 1,000-row cap"
https://www.gotript.com/beijing-weather-in-july,weather-month,beijing,july,no,0,0,,REVIEW*,"NOT reported in capped export — status unknown, may be missing due to 1,000-row cap"
https://www.gotript.com/beijing-weather-in-june,weather-month,beijing,june,no,0,0,,REVIEW*,"NOT reported in capped export — status unknown, may be missing due to 1,000-row cap"
https://www.gotript.com/beijing-weather-in-march,weather-month,beijing,march,no,0,0,,REVIEW*,"NOT reported in capped export — status unknown, may be missing due to 1,000-row cap"
https://www.gotript.com/beijing-weather-in-may,weather-month,beijing,may,no,0,0,,REVIEW*,"NOT reported in capped export — status unknown, may be missing due to 1,000-row cap"
https://www.gotript.com/beijing-weather-in-november,weather-month,beijing,november,no,0,0,,REVIEW*,"NOT reported in capped export — status unknown, may be missing due to 1,000-row cap"
https://www.gotript.com/beijing-weather-in-october,weather-month,beijing,october,no,0,0,,REVIEW*,"NOT reported in capped export — status unknown, may be missing due to 1,000-row cap"
https://www.gotript.com/beijing-weather-in-september,weather-month,beijing,september,no,0,0,,REVIEW*,"NOT reported in capped export — status unknown, may be missing due to 1,000-row cap"
https://www.gotript.com/bergen-weather-in-april,weather-month,bergen,april,no,0,0,,REVIEW*,"NOT reported in capped export — status unknown, may be missing due to 1,000-row cap"
https://www.gotript.com/bergen-weather-in-august,weather-month,bergen,august,no,0,0,,REVIEW*,"NOT reported in capped export — status unknown, may be missing due to 1,000-row cap"
https://www.gotript.com/bergen-weather-in-december,weather-month,bergen,december,no,0,0,,REVIEW*,"NOT reported in capped export — status unknown, may be missing due to 1,000-row cap"
https://www.gotript.com/bergen-weather-in-february,weather-month,bergen,february,no,0,0,,REVIEW*,"NOT reported in capped export — status unknown, may be missing due to 1,000-row cap"
https://www.gotript.com/bergen-weather-in-january,weather-month,bergen,january,no,0,0,,REVIEW*,"NOT reported in capped export — status unknown, may be missing due to 1,000-row cap"
https://www.gotript.com/bergen-weather-in-july,weather-month,bergen,july,no,0,0,,REVIEW*,"NOT reported in capped export — status unknown, may be missing due to 1,000-row cap"
https://www.gotript.com/bergen-weather-in-june,weather-month,bergen,june,no,0,0,,REVIEW*,"NOT reported in capped export — status unknown, may be missing due to 1,000-row cap"
https://www.gotript.com/bergen-weather-in-may,weather-month,bergen,may,no,0,0,,REVIEW*,"NOT reported in capped export — status unknown, may be missing due to 1,000-row cap"
https://www.gotript.com/bergen-weather-in-november,weather-month,bergen,november,no,0,0,,REVIEW*,"NOT reported in capped export — status unknown, may be missing due to 1,000-row cap"
https://www.gotript.com/bergen-weather-in-october,weather-month,bergen,october,no,0,0,,REVIEW*,"NOT reported in capped export — status unknown, may be missing due to 1,000-row cap"
https://www.gotript.com/bergen-weather-in-september,weather-month,bergen,september,no,0,0,,REVIEW*,"NOT reported in capped export — status unknown, may be missing due to 1,000-row cap"
https://www.gotript.com/berlin-weather-in-april,weather-month,berlin,april,no,0,0,,REVIEW*,"NOT reported in capped export — status unknown, may be missing due to 1,000-row cap"
https://www.gotript.com/berlin-weather-in-august,weather-month,berlin,august,no,0,0,,REVIEW*,"NOT reported in capped export — status unknown, may be missing due to 1,000-row cap"
https://www.gotript.com/berlin-weather-in-december,weather-month,berlin,december,no,0,0,,REVIEW*,"NOT reported in capped export — status unknown, may be missing due to 1,000-row cap"
https://www.gotript.com/berlin-weather-in-february,weather-month,berlin,february,no,0,0,,REVIEW*,"NOT reported in capped export — status unknown, may be missing due to 1,000-row cap"
https://www.gotript.com/berlin-weather-in-january,weather-month,berlin,january,no,0,0,,REVIEW*,"NOT reported in capped export — status unknown, may be missing due to 1,000-row cap"
https://www.gotript.com/berlin-weather-in-june,weather-month,berlin,june,no,0,0,,REVIEW*,"NOT reported in capped export — status unknown, may be missing due to 1,000-row cap"
https://www.gotript.com/berlin-weather-in-march,weather-month,berlin,march,no,0,0,,REVIEW*,"NOT reported in capped export — status unknown, may be missing due to 1,000-row cap"
https://www.gotript.com/berlin-weather-in-may,weather-month,berlin,may,no,0,0,,REVIEW*,"NOT reported in capped export — status unknown, may be missing due to 1,000-row cap"
https://www.gotript.com/berlin-weather-in-november,weather-month,berlin,november,no,0,0,,REVIEW*,"NOT reported in capped export — status unknown, may be missing due to 1,000-row cap"
https://www.gotript.com/berlin-weather-in-september,weather-month,berlin,september,no,0,0,,REVIEW*,"NOT reported in capped export — status unknown, may be missing due to 1,000-row cap"
https://www.gotript.com/bern-weather-in-april,weather-month,bern,april,no,0,0,,REVIEW*,"NOT reported in capped export — status unknown, may be missing due to 1,000-row cap"
https://www.gotript.com/bern-weather-in-august,weather-month,bern,august,no,0,0,,REVIEW*,"NOT reported in capped export — status unknown, may be missing due to 1,000-row cap"
https://www.gotript.com/bern-weather-in-december,weather-month,bern,december,no,0,0,,REVIEW*,"NOT reported in capped export — status unknown, may be missing due to 1,000-row cap"
https://www.gotript.com/bern-weather-in-february,weather-month,bern,february,no,0,0,,REVIEW*,"NOT reported in capped export — status unknown, may be missing due to 1,000-row cap"
https://www.gotript.com/bern-weather-in-january,weather-month,bern,january,no,0,0,,REVIEW*,"NOT reported in capped export — status unknown, may be missing due to 1,000-row cap"
https://www.gotript.com/bern-weather-in-july,weather-month,bern,july,no,0,0,,REVIEW*,"NOT reported in capped export — status unknown, may be missing due to 1,000-row cap"
https://www.gotript.com/bern-weather-in-june,weather-month,bern,june,no,0,0,,REVIEW*,"NOT reported in capped export — status unknown, may be missing due to 1,000-row cap"
https://www.gotript.com/bern-weather-in-march,weather-month,bern,march,no,0,0,,REVIEW*,"NOT reported in capped export — status unknown, may be missing due to 1,000-row cap"
https://www.gotript.com/bern-weather-in-may,weather-month,bern,may,no,0,0,,REVIEW*,"NOT reported in capped export — status unknown, may be missing due to 1,000-row cap"
https://www.gotript.com/bern-weather-in-november,weather-month,bern,november,no,0,0,,REVIEW*,"NOT reported in capped export — status unknown, may be missing due to 1,000-row cap"
https://www.gotript.com/bern-weather-in-october,weather-month,bern,october,no,0,0,,REVIEW*,"NOT reported in capped export — status unknown, may be missing due to 1,000-row cap"
https://www.gotript.com/bern-weather-in-september,weather-month,bern,september,no,0,0,,REVIEW*,"NOT reported in capped export — status unknown, may be missing due to 1,000-row cap"
https://www.gotript.com/best-time-to-visit-agra,best-time,agra,,no,0,0,,REVIEW*,"NOT reported in capped export — status unknown, may be missing due to 1,000-row cap"
https://www.gotript.com/best-time-to-visit-amman,best-time,amman,,no,0,0,,REVIEW*,"NOT reported in capped export — status unknown, may be missing due to 1,000-row cap"
https://www.gotript.com/best-time-to-visit-amsterdam,best-time,amsterdam,,no,0,0,,REVIEW*,"NOT reported in capped export — status unknown, may be missing due to 1,000-row cap"
https://www.gotript.com/best-time-to-visit-antwerp,best-time,antwerp,,no,0,0,,REVIEW*,"NOT reported in capped export — status unknown, may be missing due to 1,000-row cap"
https://www.gotript.com/best-time-to-visit-auckland,best-time,auckland,,no,0,0,,REVIEW*,"NOT reported in capped export — status unknown, may be missing due to 1,000-row cap"
https://www.gotript.com/best-time-to-visit-austin,best-time,austin,,no,0,0,,REVIEW*,"NOT reported in capped export — status unknown, may be missing due to 1,000-row cap"
https://www.gotript.com/best-time-to-visit-bali,best-time,bali,,no,0,0,,REVIEW*,"NOT reported in capped export — status unknown, may be missing due to 1,000-row cap"
https://www.gotript.com/best-time-to-visit-banff,best-time,banff,,no,0,0,,REVIEW*,"NOT reported in capped export — status unknown, may be missing due to 1,000-row cap"
https://www.gotript.com/best-time-to-visit-bangkok,best-time,bangkok,,no,0,0,,REVIEW*,"NOT reported in capped export — status unknown, may be missing due to 1,000-row cap"
https://www.gotript.com/best-time-to-visit-barcelona,best-time,barcelona,,no,0,0,,REVIEW*,"NOT reported in capped export — status unknown, may be missing due to 1,000-row cap"
https://www.gotript.com/best-time-to-visit-basel,best-time,basel,,no,0,0,,REVIEW*,"NOT reported in capped export — status unknown, may be missing due to 1,000-row cap"
https://www.gotript.com/best-time-to-visit-beijing,best-time,beijing,,no,0,0,,REVIEW*,"NOT reported in capped export — status unknown, may be missing due to 1,000-row cap"
https://www.gotript.com/best-time-to-visit-bergen,best-time,bergen,,no,0,0,,REVIEW*,"NOT reported in capped export — status unknown, may be missing due to 1,000-row cap"
https://www.gotript.com/best-time-to-visit-berlin,best-time,berlin,,no,0,0,,REVIEW*,"NOT reported in capped export — status unknown, may be missing due to 1,000-row cap"
https://www.gotript.com/best-time-to-visit-bern,best-time,bern,,no,0,0,,REVIEW*,"NOT reported in capped export — status unknown, may be missing due to 1,000-row cap"
https://www.gotript.com/best-time-to-visit-bogota,best-time,bogota,,no,0,0,,REVIEW*,"NOT reported in capped export — status unknown, may be missing due to 1,000-row cap"
https://www.gotript.com/best-time-to-visit-bologna,best-time,bologna,,no,0,0,,REVIEW*,"NOT reported in capped export — status unknown, may be missing due to 1,000-row cap"
https://www.gotript.com/best-time-to-visit-bora-bora,best-time,bora-bora,,no,0,0,,REVIEW*,"NOT reported in capped export — status unknown, may be missing due to 1,000-row cap"
https://www.gotript.com/best-time-to-visit-boracay,best-time,boracay,,no,0,0,,REVIEW*,"NOT reported in capped export — status unknown, may be missing due to 1,000-row cap"
https://www.gotript.com/best-time-to-visit-bordeaux,best-time,bordeaux,,no,0,0,,REVIEW*,"NOT reported in capped export — status unknown, may be missing due to 1,000-row cap"
https://www.gotript.com/best-time-to-visit-boston,best-time,boston,,no,0,0,,REVIEW*,"NOT reported in capped export — status unknown, may be missing due to 1,000-row cap"
https://www.gotript.com/best-time-to-visit-brisbane,best-time,brisbane,,no,0,0,,REVIEW*,"NOT reported in capped export — status unknown, may be missing due to 1,000-row cap"
https://www.gotript.com/best-time-to-visit-bruges,best-time,bruges,,no,0,0,,REVIEW*,"NOT reported in capped export — status unknown, may be missing due to 1,000-row cap"
https://www.gotript.com/best-time-to-visit-brussels,best-time,brussels,,no,0,0,,REVIEW*,"NOT reported in capped export — status unknown, may be missing due to 1,000-row cap"
https://www.gotript.com/best-time-to-visit-bucharest,best-time,bucharest,,no,0,0,,REVIEW*,"NOT reported in capped export — status unknown, may be missing due to 1,000-row cap"
https://www.gotript.com/best-time-to-visit-buenos-aires,best-time,buenos-aires,,no,0,0,,REVIEW*,"NOT reported in capped export — status unknown, may be missing due to 1,000-row cap"
https://www.gotript.com/best-time-to-visit-busan,best-time,busan,,no,0,0,,REVIEW*,"NOT reported in capped export — status unknown, may be missing due to 1,000-row cap"
https://www.gotript.com/best-time-to-visit-cabo-san-lucas,best-time,cabo-san-lucas,,no,0,0,,REVIEW*,"NOT reported in capped export — status unknown, may be missing due to 1,000-row cap"
https://www.gotript.com/best-time-to-visit-cairns,best-time,cairns,,no,0,0,,REVIEW*,"NOT reported in capped export — status unknown, may be missing due to 1,000-row cap"
https://www.gotript.com/best-time-to-visit-cairo,best-time,cairo,,no,0,0,,REVIEW*,"NOT reported in capped export — status unknown, may be missing due to 1,000-row cap"
https://www.gotript.com/best-time-to-visit-cancun,best-time,cancun,,no,0,0,,REVIEW*,"NOT reported in capped export — status unknown, may be missing due to 1,000-row cap"
https://www.gotript.com/best-time-to-visit-cape-town,best-time,cape-town,,no,0,0,,REVIEW*,"NOT reported in capped export — status unknown, may be missing due to 1,000-row cap"
https://www.gotript.com/best-time-to-visit-cappadocia,best-time,cappadocia,,no,0,0,,REVIEW*,"NOT reported in capped export — status unknown, may be missing due to 1,000-row cap"
https://www.gotript.com/best-time-to-visit-cartagena,best-time,cartagena,,no,0,0,,REVIEW*,"NOT reported in capped export — status unknown, may be missing due to 1,000-row cap"
https://www.gotript.com/best-time-to-visit-casablanca,best-time,casablanca,,no,0,0,,REVIEW*,"NOT reported in capped export — status unknown, may be missing due to 1,000-row cap"
https://www.gotript.com/best-time-to-visit-cebu,best-time,cebu,,no,0,0,,REVIEW*,"NOT reported in capped export — status unknown, may be missing due to 1,000-row cap"
https://www.gotript.com/best-time-to-visit-charleston,best-time,charleston,,no,0,0,,REVIEW*,"NOT reported in capped export — status unknown, may be missing due to 1,000-row cap"
https://www.gotript.com/best-time-to-visit-chefchaouen,best-time,chefchaouen,,no,0,0,,REVIEW*,"NOT reported in capped export — status unknown, may be missing due to 1,000-row cap"
https://www.gotript.com/best-time-to-visit-chiang-mai,best-time,chiang-mai,,no,0,0,,REVIEW*,"NOT reported in capped export — status unknown, may be missing due to 1,000-row cap"
https://www.gotript.com/best-time-to-visit-chicago,best-time,chicago,,no,0,0,,REVIEW*,"NOT reported in capped export — status unknown, may be missing due to 1,000-row cap"
https://www.gotript.com/best-time-to-visit-cinque-terre,best-time,cinque-terre,,no,0,0,,REVIEW*,"NOT reported in capped export — status unknown, may be missing due to 1,000-row cap"
https://www.gotript.com/best-time-to-visit-cologne,best-time,cologne,,no,0,0,,REVIEW*,"NOT reported in capped export — status unknown, may be missing due to 1,000-row cap"
https://www.gotript.com/best-time-to-visit-copenhagen,best-time,copenhagen,,no,0,0,,REVIEW*,"NOT reported in capped export — status unknown, may be missing due to 1,000-row cap"
https://www.gotript.com/best-time-to-visit-corfu,best-time,corfu,,no,0,0,,REVIEW*,"NOT reported in capped export — status unknown, may be missing due to 1,000-row cap"
https://www.gotript.com/best-time-to-visit-crete,best-time,crete,,no,0,0,,REVIEW*,"NOT reported in capped export — status unknown, may be missing due to 1,000-row cap"
https://www.gotript.com/best-time-to-visit-cusco,best-time,cusco,,no,0,0,,REVIEW*,"NOT reported in capped export — status unknown, may be missing due to 1,000-row cap"
https://www.gotript.com/best-time-to-visit-da-nang,best-time,da-nang,,no,0,0,,REVIEW*,"NOT reported in capped export — status unknown, may be missing due to 1,000-row cap"
https://www.gotript.com/best-time-to-visit-delhi,best-time,delhi,,no,0,0,,REVIEW*,"NOT reported in capped export — status unknown, may be missing due to 1,000-row cap"
https://www.gotript.com/best-time-to-visit-denver,best-time,denver,,no,0,0,,REVIEW*,"NOT reported in capped export — status unknown, may be missing due to 1,000-row cap"
https://www.gotript.com/best-time-to-visit-doha,best-time,doha,,no,0,0,,REVIEW*,"NOT reported in capped export — status unknown, may be missing due to 1,000-row cap"
https://www.gotript.com/best-time-to-visit-dubai,best-time,dubai,,no,0,0,,REVIEW*,"NOT reported in capped export — status unknown, may be missing due to 1,000-row cap"
https://www.gotript.com/best-time-to-visit-dublin,best-time,dublin,,no,0,0,,REVIEW*,"NOT reported in capped export — status unknown, may be missing due to 1,000-row cap"
https://www.gotript.com/best-time-to-visit-dubrovnik,best-time,dubrovnik,,no,0,0,,REVIEW*,"NOT reported in capped export — status unknown, may be missing due to 1,000-row cap"
https://www.gotript.com/best-time-to-visit-edinburgh,best-time,edinburgh,,no,0,0,,REVIEW*,"NOT reported in capped export — status unknown, may be missing due to 1,000-row cap"
https://www.gotript.com/best-time-to-visit-el-nido,best-time,el-nido,,no,0,0,,REVIEW*,"NOT reported in capped export — status unknown, may be missing due to 1,000-row cap"
https://www.gotript.com/best-time-to-visit-fes,best-time,fes,,no,0,0,,REVIEW*,"NOT reported in capped export — status unknown, may be missing due to 1,000-row cap"
https://www.gotript.com/best-time-to-visit-florence,best-time,florence,,no,0,0,,REVIEW*,"NOT reported in capped export — status unknown, may be missing due to 1,000-row cap"
https://www.gotript.com/best-time-to-visit-fukuoka,best-time,fukuoka,,no,0,0,,REVIEW*,"NOT reported in capped export — status unknown, may be missing due to 1,000-row cap"
https://www.gotript.com/best-time-to-visit-geneva,best-time,geneva,,no,0,0,,REVIEW*,"NOT reported in capped export — status unknown, may be missing due to 1,000-row cap"
https://www.gotript.com/best-time-to-visit-goa,best-time,goa,,no,0,0,,REVIEW*,"NOT reported in capped export — status unknown, may be missing due to 1,000-row cap"
https://www.gotript.com/best-time-to-visit-gold-coast,best-time,gold-coast,,no,0,0,,REVIEW*,"NOT reported in capped export — status unknown, may be missing due to 1,000-row cap"
https://www.gotript.com/best-time-to-visit-granada,best-time,granada,,no,0,0,,REVIEW*,"NOT reported in capped export — status unknown, may be missing due to 1,000-row cap"
https://www.gotript.com/best-time-to-visit-grindelwald,best-time,grindelwald,,no,0,0,,REVIEW*,"NOT reported in capped export — status unknown, may be missing due to 1,000-row cap"
https://www.gotript.com/best-time-to-visit-hakone,best-time,hakone,,no,0,0,,REVIEW*,"NOT reported in capped export — status unknown, may be missing due to 1,000-row cap"
https://www.gotript.com/best-time-to-visit-hallstatt,best-time,hallstatt,,no,0,0,,REVIEW*,"NOT reported in capped export — status unknown, may be missing due to 1,000-row cap"
https://www.gotript.com/best-time-to-visit-hamburg,best-time,hamburg,,no,0,0,,REVIEW*,"NOT reported in capped export — status unknown, may be missing due to 1,000-row cap"
https://www.gotript.com/best-time-to-visit-hanoi,best-time,hanoi,,no,0,0,,REVIEW*,"NOT reported in capped export — status unknown, may be missing due to 1,000-row cap"
https://www.gotript.com/best-time-to-visit-havana,best-time,havana,,no,0,0,,REVIEW*,"NOT reported in capped export — status unknown, may be missing due to 1,000-row cap"
https://www.gotript.com/best-time-to-visit-helsinki,best-time,helsinki,,no,0,0,,REVIEW*,"NOT reported in capped export — status unknown, may be missing due to 1,000-row cap"
https://www.gotript.com/best-time-to-visit-hiroshima,best-time,hiroshima,,no,0,0,,REVIEW*,"NOT reported in capped export — status unknown, may be missing due to 1,000-row cap"
https://www.gotript.com/best-time-to-visit-ho-chi-minh-city,best-time,ho-chi-minh-city,,no,0,0,,REVIEW*,"NOT reported in capped export — status unknown, may be missing due to 1,000-row cap"
https://www.gotript.com/best-time-to-visit-hoi-an,best-time,hoi-an,,no,0,0,,REVIEW*,"NOT reported in capped export — status unknown, may be missing due to 1,000-row cap"
https://www.gotript.com/best-time-to-visit-hong-kong,best-time,hong-kong,,no,0,0,,REVIEW*,"NOT reported in capped export — status unknown, may be missing due to 1,000-row cap"
https://www.gotript.com/best-time-to-visit-honolulu,best-time,honolulu,,no,0,0,,REVIEW*,"NOT reported in capped export — status unknown, may be missing due to 1,000-row cap"
https://www.gotript.com/best-time-to-visit-hue,best-time,hue,,no,0,0,,REVIEW*,"NOT reported in capped export — status unknown, may be missing due to 1,000-row cap"
https://www.gotript.com/best-time-to-visit-innsbruck,best-time,innsbruck,,no,0,0,,REVIEW*,"NOT reported in capped export — status unknown, may be missing due to 1,000-row cap"
https://www.gotript.com/best-time-to-visit-interlaken,best-time,interlaken,,no,0,0,,REVIEW*,"NOT reported in capped export — status unknown, may be missing due to 1,000-row cap"
https://www.gotript.com/best-time-to-visit-istanbul,best-time,istanbul,,no,0,0,,REVIEW*,"NOT reported in capped export — status unknown, may be missing due to 1,000-row cap"
https://www.gotript.com/best-time-to-visit-jaipur,best-time,jaipur,,no,0,0,,REVIEW*,"NOT reported in capped export — status unknown, may be missing due to 1,000-row cap"
https://www.gotript.com/best-time-to-visit-jeju,best-time,jeju,,no,0,0,,REVIEW*,"NOT reported in capped export — status unknown, may be missing due to 1,000-row cap"
https://www.gotript.com/best-time-to-visit-jodhpur,best-time,jodhpur,,no,0,0,,REVIEW*,"NOT reported in capped export — status unknown, may be missing due to 1,000-row cap"
https://www.gotript.com/best-time-to-visit-johannesburg,best-time,johannesburg,,no,0,0,,REVIEW*,"NOT reported in capped export — status unknown, may be missing due to 1,000-row cap"
https://www.gotript.com/best-time-to-visit-kanazawa,best-time,kanazawa,,no,0,0,,REVIEW*,"NOT reported in capped export — status unknown, may be missing due to 1,000-row cap"
https://www.gotript.com/best-time-to-visit-kandy,best-time,kandy,,no,0,0,,REVIEW*,"NOT reported in capped export — status unknown, may be missing due to 1,000-row cap"
https://www.gotript.com/best-time-to-visit-kathmandu,best-time,kathmandu,,no,0,0,,REVIEW*,"NOT reported in capped export — status unknown, may be missing due to 1,000-row cap"
https://www.gotript.com/best-time-to-visit-koh-samui,best-time,koh-samui,,no,0,0,,REVIEW*,"NOT reported in capped export — status unknown, may be missing due to 1,000-row cap"
https://www.gotript.com/best-time-to-visit-krabi,best-time,krabi,,no,0,0,,REVIEW*,"NOT reported in capped export — status unknown, may be missing due to 1,000-row cap"
https://www.gotript.com/best-time-to-visit-krakow,best-time,krakow,,no,0,0,,REVIEW*,"NOT reported in capped export — status unknown, may be missing due to 1,000-row cap"
https://www.gotript.com/best-time-to-visit-kuala-lumpur,best-time,kuala-lumpur,,no,0,0,,REVIEW*,"NOT reported in capped export — status unknown, may be missing due to 1,000-row cap"
https://www.gotript.com/best-time-to-visit-kyoto,best-time,kyoto,,no,0,0,,REVIEW*,"NOT reported in capped export — status unknown, may be missing due to 1,000-row cap"
https://www.gotript.com/best-time-to-visit-lake-bled,best-time,lake-bled,,no,0,0,,REVIEW*,"NOT reported in capped export — status unknown, may be missing due to 1,000-row cap"
https://www.gotript.com/best-time-to-visit-lake-como,best-time,lake-como,,no,0,0,,REVIEW*,"NOT reported in capped export — status unknown, may be missing due to 1,000-row cap"
https://www.gotript.com/best-time-to-visit-las-vegas,best-time,las-vegas,,no,0,0,,REVIEW*,"NOT reported in capped export — status unknown, may be missing due to 1,000-row cap"
https://www.gotript.com/best-time-to-visit-lauterbrunnen,best-time,lauterbrunnen,,no,0,0,,REVIEW*,"NOT reported in capped export — status unknown, may be missing due to 1,000-row cap"
https://www.gotript.com/best-time-to-visit-lima,best-time,lima,,no,0,0,,REVIEW*,"NOT reported in capped export — status unknown, may be missing due to 1,000-row cap"
https://www.gotript.com/best-time-to-visit-lisbon,best-time,lisbon,,no,0,0,,REVIEW*,"NOT reported in capped export — status unknown, may be missing due to 1,000-row cap"
https://www.gotript.com/best-time-to-visit-london,best-time,london,,no,0,0,,REVIEW*,"NOT reported in capped export — status unknown, may be missing due to 1,000-row cap"
https://www.gotript.com/best-time-to-visit-luang-prabang,best-time,luang-prabang,,no,0,0,,REVIEW*,"NOT reported in capped export — status unknown, may be missing due to 1,000-row cap"
https://www.gotript.com/best-time-to-visit-lucerne,best-time,lucerne,,no,0,0,,REVIEW*,"NOT reported in capped export — status unknown, may be missing due to 1,000-row cap"
https://www.gotript.com/best-time-to-visit-lugano,best-time,lugano,,no,0,0,,REVIEW*,"NOT reported in capped export — status unknown, may be missing due to 1,000-row cap"
https://www.gotript.com/best-time-to-visit-luxor,best-time,luxor,,no,0,0,,REVIEW*,"NOT reported in capped export — status unknown, may be missing due to 1,000-row cap"
https://www.gotript.com/best-time-to-visit-lyon,best-time,lyon,,no,0,0,,REVIEW*,"NOT reported in capped export — status unknown, may be missing due to 1,000-row cap"
https://www.gotript.com/best-time-to-visit-madeira,best-time,madeira,,no,0,0,,REVIEW*,"NOT reported in capped export — status unknown, may be missing due to 1,000-row cap"
https://www.gotript.com/best-time-to-visit-madrid,best-time,madrid,,no,0,0,,REVIEW*,"NOT reported in capped export — status unknown, may be missing due to 1,000-row cap"
https://www.gotript.com/best-time-to-visit-malaga,best-time,malaga,,no,0,0,,REVIEW*,"NOT reported in capped export — status unknown, may be missing due to 1,000-row cap"
https://www.gotript.com/best-time-to-visit-maldives,best-time,maldives,,no,0,0,,REVIEW*,"NOT reported in capped export — status unknown, may be missing due to 1,000-row cap"
https://www.gotript.com/best-time-to-visit-mallorca,best-time,mallorca,,no,0,0,,REVIEW*,"NOT reported in capped export — status unknown, may be missing due to 1,000-row cap"
https://www.gotript.com/best-time-to-visit-manila,best-time,manila,,no,0,0,,REVIEW*,"NOT reported in capped export — status unknown, may be missing due to 1,000-row cap"
https://www.gotript.com/best-time-to-visit-marrakech,best-time,marrakech,,no,0,0,,REVIEW*,"NOT reported in capped export — status unknown, may be missing due to 1,000-row cap"
https://www.gotript.com/best-time-to-visit-marseille,best-time,marseille,,no,0,0,,REVIEW*,"NOT reported in capped export — status unknown, may be missing due to 1,000-row cap"
https://www.gotript.com/best-time-to-visit-matera,best-time,matera,,no,0,0,,REVIEW*,"NOT reported in capped export — status unknown, may be missing due to 1,000-row cap"
https://www.gotript.com/best-time-to-visit-maui,best-time,maui,,no,0,0,,REVIEW*,"NOT reported in capped export — status unknown, may be missing due to 1,000-row cap"
https://www.gotript.com/best-time-to-visit-mauritius,best-time,mauritius,,no,0,0,,REVIEW*,"NOT reported in capped export — status unknown, may be missing due to 1,000-row cap"
https://www.gotript.com/best-time-to-visit-medellin,best-time,medellin,,no,0,0,,REVIEW*,"NOT reported in capped export — status unknown, may be missing due to 1,000-row cap"
https://www.gotript.com/best-time-to-visit-melbourne,best-time,melbourne,,no,0,0,,REVIEW*,"NOT reported in capped export — status unknown, may be missing due to 1,000-row cap"
https://www.gotript.com/best-time-to-visit-merida,best-time,merida,,no,0,0,,REVIEW*,"NOT reported in capped export — status unknown, may be missing due to 1,000-row cap"
https://www.gotript.com/best-time-to-visit-mexico-city,best-time,mexico-city,,no,0,0,,REVIEW*,"NOT reported in capped export — status unknown, may be missing due to 1,000-row cap"
https://www.gotript.com/best-time-to-visit-miami,best-time,miami,,no,0,0,,REVIEW*,"NOT reported in capped export — status unknown, may be missing due to 1,000-row cap"
https://www.gotript.com/best-time-to-visit-milan,best-time,milan,,no,0,0,,REVIEW*,"NOT reported in capped export — status unknown, may be missing due to 1,000-row cap"
https://www.gotript.com/best-time-to-visit-montreux,best-time,montreux,,no,0,0,,REVIEW*,"NOT reported in capped export — status unknown, may be missing due to 1,000-row cap"
https://www.gotript.com/best-time-to-visit-mumbai,best-time,mumbai,,no,0,0,,REVIEW*,"NOT reported in capped export — status unknown, may be missing due to 1,000-row cap"
https://www.gotript.com/best-time-to-visit-munich,best-time,munich,,no,0,0,,REVIEW*,"NOT reported in capped export — status unknown, may be missing due to 1,000-row cap"
https://www.gotript.com/best-time-to-visit-muscat,best-time,muscat,,no,0,0,,REVIEW*,"NOT reported in capped export — status unknown, may be missing due to 1,000-row cap"
https://www.gotript.com/best-time-to-visit-mykonos,best-time,mykonos,,no,0,0,,REVIEW*,"NOT reported in capped export — status unknown, may be missing due to 1,000-row cap"
https://www.gotript.com/best-time-to-visit-nadi,best-time,nadi,,no,0,0,,REVIEW*,"NOT reported in capped export — status unknown, may be missing due to 1,000-row cap"
https://www.gotript.com/best-time-to-visit-nairobi,best-time,nairobi,,no,0,0,,REVIEW*,"NOT reported in capped export — status unknown, may be missing due to 1,000-row cap"
https://www.gotript.com/best-time-to-visit-naples,best-time,naples,,no,0,0,,REVIEW*,"NOT reported in capped export — status unknown, may be missing due to 1,000-row cap"
https://www.gotript.com/best-time-to-visit-nara,best-time,nara,,no,0,0,,REVIEW*,"NOT reported in capped export — status unknown, may be missing due to 1,000-row cap"
https://www.gotript.com/best-time-to-visit-new-orleans,best-time,new-orleans,,no,0,0,,REVIEW*,"NOT reported in capped export — status unknown, may be missing due to 1,000-row cap"
https://www.gotript.com/best-time-to-visit-new-york,best-time,new-york,,no,0,0,,REVIEW*,"NOT reported in capped export — status unknown, may be missing due to 1,000-row cap"
https://www.gotript.com/best-time-to-visit-nice,best-time,nice,,no,0,0,,REVIEW*,"NOT reported in capped export — status unknown, may be missing due to 1,000-row cap"
https://www.gotript.com/best-time-to-visit-oaxaca,best-time,oaxaca,,no,0,0,,REVIEW*,"NOT reported in capped export — status unknown, may be missing due to 1,000-row cap"
https://www.gotript.com/best-time-to-visit-okinawa,best-time,okinawa,,no,0,0,,REVIEW*,"NOT reported in capped export — status unknown, may be missing due to 1,000-row cap"
https://www.gotript.com/best-time-to-visit-orlando,best-time,orlando,,no,0,0,,REVIEW*,"NOT reported in capped export — status unknown, may be missing due to 1,000-row cap"
https://www.gotript.com/best-time-to-visit-osaka,best-time,osaka,,no,0,0,,REVIEW*,"NOT reported in capped export — status unknown, may be missing due to 1,000-row cap"
https://www.gotript.com/best-time-to-visit-oslo,best-time,oslo,,no,0,0,,REVIEW*,"NOT reported in capped export — status unknown, may be missing due to 1,000-row cap"
https://www.gotript.com/best-time-to-visit-palermo,best-time,palermo,,no,0,0,,REVIEW*,"NOT reported in capped export — status unknown, may be missing due to 1,000-row cap"
https://www.gotript.com/best-time-to-visit-panama-city,best-time,panama-city,,no,0,0,,REVIEW*,"NOT reported in capped export — status unknown, may be missing due to 1,000-row cap"
https://www.gotript.com/best-time-to-visit-paris,best-time,paris,,no,0,0,,REVIEW*,"NOT reported in capped export — status unknown, may be missing due to 1,000-row cap"
https://www.gotript.com/best-time-to-visit-pattaya,best-time,pattaya,,no,0,0,,REVIEW*,"NOT reported in capped export — status unknown, may be missing due to 1,000-row cap"
https://www.gotript.com/best-time-to-visit-perth,best-time,perth,,no,0,0,,REVIEW*,"NOT reported in capped export — status unknown, may be missing due to 1,000-row cap"
https://www.gotript.com/best-time-to-visit-petra,best-time,petra,,no,0,0,,REVIEW*,"NOT reported in capped export — status unknown, may be missing due to 1,000-row cap"
https://www.gotript.com/best-time-to-visit-phuket,best-time,phuket,,no,0,0,,REVIEW*,"NOT reported in capped export — status unknown, may be missing due to 1,000-row cap"
https://www.gotript.com/best-time-to-visit-playa-del-carmen,best-time,playa-del-carmen,,no,0,0,,REVIEW*,"NOT reported in capped export — status unknown, may be missing due to 1,000-row cap"
https://www.gotript.com/best-time-to-visit-pokhara,best-time,pokhara,,no,0,0,,REVIEW*,"NOT reported in capped export — status unknown, may be missing due to 1,000-row cap"
https://www.gotript.com/best-time-to-visit-porto,best-time,porto,,no,0,0,,REVIEW*,"NOT reported in capped export — status unknown, may be missing due to 1,000-row cap"
https://www.gotript.com/best-time-to-visit-positano,best-time,positano,,no,0,0,,REVIEW*,"NOT reported in capped export — status unknown, may be missing due to 1,000-row cap"
https://www.gotript.com/best-time-to-visit-prague,best-time,prague,,no,0,0,,REVIEW*,"NOT reported in capped export — status unknown, may be missing due to 1,000-row cap"
https://www.gotript.com/best-time-to-visit-puerto-vallarta,best-time,puerto-vallarta,,no,0,0,,REVIEW*,"NOT reported in capped export — status unknown, may be missing due to 1,000-row cap"
https://www.gotript.com/best-time-to-visit-quebec-city,best-time,quebec-city,,no,0,0,,REVIEW*,"NOT reported in capped export — status unknown, may be missing due to 1,000-row cap"
https://www.gotript.com/best-time-to-visit-queenstown,best-time,queenstown,,no,0,0,,REVIEW*,"NOT reported in capped export — status unknown, may be missing due to 1,000-row cap"
https://www.gotript.com/best-time-to-visit-quito,best-time,quito,,no,0,0,,REVIEW*,"NOT reported in capped export — status unknown, may be missing due to 1,000-row cap"
https://www.gotript.com/best-time-to-visit-reykjavik,best-time,reykjavik,,no,0,0,,REVIEW*,"NOT reported in capped export — status unknown, may be missing due to 1,000-row cap"
https://www.gotript.com/best-time-to-visit-rhodes,best-time,rhodes,,no,0,0,,REVIEW*,"NOT reported in capped export — status unknown, may be missing due to 1,000-row cap"
https://www.gotript.com/best-time-to-visit-rio-de-janeiro,best-time,rio-de-janeiro,,no,0,0,,REVIEW*,"NOT reported in capped export — status unknown, may be missing due to 1,000-row cap"
https://www.gotript.com/best-time-to-visit-rome,best-time,rome,,no,0,0,,REVIEW*,"NOT reported in capped export — status unknown, may be missing due to 1,000-row cap"
https://www.gotript.com/best-time-to-visit-salzburg,best-time,salzburg,,no,0,0,,REVIEW*,"NOT reported in capped export — status unknown, may be missing due to 1,000-row cap"
https://www.gotript.com/best-time-to-visit-san-diego,best-time,san-diego,,no,0,0,,REVIEW*,"NOT reported in capped export — status unknown, may be missing due to 1,000-row cap"
https://www.gotript.com/best-time-to-visit-san-francisco,best-time,san-francisco,,no,0,0,,REVIEW*,"NOT reported in capped export — status unknown, may be missing due to 1,000-row cap"
https://www.gotript.com/best-time-to-visit-san-juan,best-time,san-juan,,no,0,0,,REVIEW*,"NOT reported in capped export — status unknown, may be missing due to 1,000-row cap"
https://www.gotript.com/best-time-to-visit-san-miguel-de-allende,best-time,san-miguel-de-allende,,no,0,0,,REVIEW*,"NOT reported in capped export — status unknown, may be missing due to 1,000-row cap"
https://www.gotript.com/best-time-to-visit-san-sebastian,best-time,san-sebastian,,no,0,0,,REVIEW*,"NOT reported in capped export — status unknown, may be missing due to 1,000-row cap"
https://www.gotript.com/best-time-to-visit-santiago,best-time,santiago,,no,0,0,,REVIEW*,"NOT reported in capped export — status unknown, may be missing due to 1,000-row cap"
https://www.gotript.com/best-time-to-visit-santorini,best-time,santorini,,no,0,0,,REVIEW*,"NOT reported in capped export — status unknown, may be missing due to 1,000-row cap"
https://www.gotript.com/best-time-to-visit-sapporo,best-time,sapporo,,no,0,0,,REVIEW*,"NOT reported in capped export — status unknown, may be missing due to 1,000-row cap"
https://www.gotript.com/best-time-to-visit-savannah,best-time,savannah,,no,0,0,,REVIEW*,"NOT reported in capped export — status unknown, may be missing due to 1,000-row cap"
https://www.gotript.com/best-time-to-visit-seattle,best-time,seattle,,no,0,0,,REVIEW*,"NOT reported in capped export — status unknown, may be missing due to 1,000-row cap"
https://www.gotript.com/best-time-to-visit-seoul,best-time,seoul,,no,0,0,,REVIEW*,"NOT reported in capped export — status unknown, may be missing due to 1,000-row cap"
https://www.gotript.com/best-time-to-visit-seville,best-time,seville,,no,0,0,,REVIEW*,"NOT reported in capped export — status unknown, may be missing due to 1,000-row cap"
https://www.gotript.com/best-time-to-visit-shanghai,best-time,shanghai,,no,0,0,,REVIEW*,"NOT reported in capped export — status unknown, may be missing due to 1,000-row cap"
https://www.gotript.com/best-time-to-visit-sharm-el-sheikh,best-time,sharm-el-sheikh,,no,0,0,,REVIEW*,"NOT reported in capped export — status unknown, may be missing due to 1,000-row cap"
https://www.gotript.com/best-time-to-visit-siem-reap,best-time,siem-reap,,no,0,0,,REVIEW*,"NOT reported in capped export — status unknown, may be missing due to 1,000-row cap"
https://www.gotript.com/best-time-to-visit-singapore,best-time,singapore,,no,0,0,,REVIEW*,"NOT reported in capped export — status unknown, may be missing due to 1,000-row cap"
https://www.gotript.com/best-time-to-visit-sintra,best-time,sintra,,no,0,0,,REVIEW*,"NOT reported in capped export — status unknown, may be missing due to 1,000-row cap"
https://www.gotript.com/best-time-to-visit-sorrento,best-time,sorrento,,no,0,0,,REVIEW*,"NOT reported in capped export — status unknown, may be missing due to 1,000-row cap"
https://www.gotript.com/best-time-to-visit-split,best-time,split,,no,0,0,,REVIEW*,"NOT reported in capped export — status unknown, may be missing due to 1,000-row cap"
https://www.gotript.com/best-time-to-visit-st-moritz,best-time,st-moritz,,no,0,0,,REVIEW*,"NOT reported in capped export — status unknown, may be missing due to 1,000-row cap"
https://www.gotript.com/best-time-to-visit-stockholm,best-time,stockholm,,no,0,0,,REVIEW*,"NOT reported in capped export — status unknown, may be missing due to 1,000-row cap"
https://www.gotript.com/best-time-to-visit-strasbourg,best-time,strasbourg,,no,0,0,,REVIEW*,"NOT reported in capped export — status unknown, may be missing due to 1,000-row cap"
https://www.gotript.com/best-time-to-visit-taipei,best-time,taipei,,no,0,0,,REVIEW*,"NOT reported in capped export — status unknown, may be missing due to 1,000-row cap"
https://www.gotript.com/best-time-to-visit-tallinn,best-time,tallinn,,no,0,0,,REVIEW*,"NOT reported in capped export — status unknown, may be missing due to 1,000-row cap"
https://www.gotript.com/best-time-to-visit-tel-aviv,best-time,tel-aviv,,no,0,0,,REVIEW*,"NOT reported in capped export — status unknown, may be missing due to 1,000-row cap"
https://www.gotript.com/best-time-to-visit-tokyo,best-time,tokyo,,no,0,0,,REVIEW*,"NOT reported in capped export — status unknown, may be missing due to 1,000-row cap"
https://www.gotript.com/best-time-to-visit-toronto,best-time,toronto,,no,0,0,,REVIEW*,"NOT reported in capped export — status unknown, may be missing due to 1,000-row cap"
https://www.gotript.com/best-time-to-visit-tulum,best-time,tulum,,no,0,0,,REVIEW*,"NOT reported in capped export — status unknown, may be missing due to 1,000-row cap"
https://www.gotript.com/best-time-to-visit-udaipur,best-time,udaipur,,no,0,0,,REVIEW*,"NOT reported in capped export — status unknown, may be missing due to 1,000-row cap"
https://www.gotript.com/best-time-to-visit-ushuaia,best-time,ushuaia,,no,0,0,,REVIEW*,"NOT reported in capped export — status unknown, may be missing due to 1,000-row cap"
https://www.gotript.com/best-time-to-visit-valencia,best-time,valencia,,no,0,0,,REVIEW*,"NOT reported in capped export — status unknown, may be missing due to 1,000-row cap"
https://www.gotript.com/best-time-to-visit-vancouver,best-time,vancouver,,no,0,0,,REVIEW*,"NOT reported in capped export — status unknown, may be missing due to 1,000-row cap"
https://www.gotript.com/best-time-to-visit-varanasi,best-time,varanasi,,no,0,0,,REVIEW*,"NOT reported in capped export — status unknown, may be missing due to 1,000-row cap"
https://www.gotript.com/best-time-to-visit-venice,best-time,venice,,no,0,0,,REVIEW*,"NOT reported in capped export — status unknown, may be missing due to 1,000-row cap"
https://www.gotript.com/best-time-to-visit-verona,best-time,verona,,no,0,0,,REVIEW*,"NOT reported in capped export — status unknown, may be missing due to 1,000-row cap"
https://www.gotript.com/best-time-to-visit-victoria-falls,best-time,victoria-falls,,no,0,0,,REVIEW*,"NOT reported in capped export — status unknown, may be missing due to 1,000-row cap"
https://www.gotript.com/best-time-to-visit-vienna,best-time,vienna,,no,0,0,,REVIEW*,"NOT reported in capped export — status unknown, may be missing due to 1,000-row cap"
https://www.gotript.com/best-time-to-visit-warsaw,best-time,warsaw,,no,0,0,,REVIEW*,"NOT reported in capped export — status unknown, may be missing due to 1,000-row cap"
https://www.gotript.com/best-time-to-visit-washington-dc,best-time,washington-dc,,no,0,0,,REVIEW*,"NOT reported in capped export — status unknown, may be missing due to 1,000-row cap"
https://www.gotript.com/best-time-to-visit-wellington,best-time,wellington,,no,0,0,,REVIEW*,"NOT reported in capped export — status unknown, may be missing due to 1,000-row cap"
https://www.gotript.com/best-time-to-visit-wengen,best-time,wengen,,no,0,0,,REVIEW*,"NOT reported in capped export — status unknown, may be missing due to 1,000-row cap"
https://www.gotript.com/best-time-to-visit-whistler,best-time,whistler,,no,0,0,,REVIEW*,"NOT reported in capped export — status unknown, may be missing due to 1,000-row cap"
https://www.gotript.com/best-time-to-visit-yogyakarta,best-time,yogyakarta,,no,0,0,,REVIEW*,"NOT reported in capped export — status unknown, may be missing due to 1,000-row cap"
https://www.gotript.com/best-time-to-visit-zermatt,best-time,zermatt,,no,0,0,,REVIEW*,"NOT reported in capped export — status unknown, may be missing due to 1,000-row cap"
https://www.gotript.com/best-time-to-visit-zurich,best-time,zurich,,no,0,0,,REVIEW*,"NOT reported in capped export — status unknown, may be missing due to 1,000-row cap"
https://www.gotript.com/bogota-weather-in-april,weather-month,bogota,april,no,0,0,,REVIEW*,"NOT reported in capped export — status unknown, may be missing due to 1,000-row cap"
https://www.gotript.com/bogota-weather-in-august,weather-month,bogota,august,no,0,0,,REVIEW*,"NOT reported in capped export — status unknown, may be missing due to 1,000-row cap"
https://www.gotript.com/bogota-weather-in-december,weather-month,bogota,december,no,0,0,,REVIEW*,"NOT reported in capped export — status unknown, may be missing due to 1,000-row cap"
https://www.gotript.com/bogota-weather-in-february,weather-month,bogota,february,no,0,0,,REVIEW*,"NOT reported in capped export — status unknown, may be missing due to 1,000-row cap"
https://www.gotript.com/bogota-weather-in-january,weather-month,bogota,january,no,0,0,,REVIEW*,"NOT reported in capped export — status unknown, may be missing due to 1,000-row cap"
https://www.gotript.com/bogota-weather-in-july,weather-month,bogota,july,no,0,0,,REVIEW*,"NOT reported in capped export — status unknown, may be missing due to 1,000-row cap"
https://www.gotript.com/bogota-weather-in-june,weather-month,bogota,june,no,0,0,,REVIEW*,"NOT reported in capped export — status unknown, may be missing due to 1,000-row cap"
https://www.gotript.com/bogota-weather-in-march,weather-month,bogota,march,no,0,0,,REVIEW*,"NOT reported in capped export — status unknown, may be missing due to 1,000-row cap"
https://www.gotript.com/bogota-weather-in-may,weather-month,bogota,may,no,0,0,,REVIEW*,"NOT reported in capped export — status unknown, may be missing due to 1,000-row cap"
https://www.gotript.com/bogota-weather-in-november,weather-month,bogota,november,no,0,0,,REVIEW*,"NOT reported in capped export — status unknown, may be missing due to 1,000-row cap"
https://www.gotript.com/bogota-weather-in-october,weather-month,bogota,october,no,0,0,,REVIEW*,"NOT reported in capped export — status unknown, may be missing due to 1,000-row cap"
https://www.gotript.com/bogota-weather-in-september,weather-month,bogota,september,no,0,0,,REVIEW*,"NOT reported in capped export — status unknown, may be missing due to 1,000-row cap"
https://www.gotript.com/bologna-weather-in-april,weather-month,bologna,april,no,0,0,,REVIEW*,"NOT reported in capped export — status unknown, may be missing due to 1,000-row cap"
https://www.gotript.com/bologna-weather-in-august,weather-month,bologna,august,no,0,0,,REVIEW*,"NOT reported in capped export — status unknown, may be missing due to 1,000-row cap"
https://www.gotript.com/bologna-weather-in-december,weather-month,bologna,december,no,0,0,,REVIEW*,"NOT reported in capped export — status unknown, may be missing due to 1,000-row cap"
https://www.gotript.com/bologna-weather-in-february,weather-month,bologna,february,no,0,0,,REVIEW*,"NOT reported in capped export — status unknown, may be missing due to 1,000-row cap"
https://www.gotript.com/bologna-weather-in-january,weather-month,bologna,january,no,0,0,,REVIEW*,"NOT reported in capped export — status unknown, may be missing due to 1,000-row cap"
https://www.gotript.com/bologna-weather-in-july,weather-month,bologna,july,no,0,0,,REVIEW*,"NOT reported in capped export — status unknown, may be missing due to 1,000-row cap"
https://www.gotript.com/bologna-weather-in-june,weather-month,bologna,june,no,0,0,,REVIEW*,"NOT reported in capped export — status unknown, may be missing due to 1,000-row cap"
https://www.gotript.com/bologna-weather-in-march,weather-month,bologna,march,no,0,0,,REVIEW*,"NOT reported in capped export — status unknown, may be missing due to 1,000-row cap"
https://www.gotript.com/bologna-weather-in-may,weather-month,bologna,may,no,0,0,,REVIEW*,"NOT reported in capped export — status unknown, may be missing due to 1,000-row cap"
https://www.gotript.com/bologna-weather-in-october,weather-month,bologna,october,no,0,0,,REVIEW*,"NOT reported in capped export — status unknown, may be missing due to 1,000-row cap"
https://www.gotript.com/bologna-weather-in-september,weather-month,bologna,september,no,0,0,,REVIEW*,"NOT reported in capped export — status unknown, may be missing due to 1,000-row cap"
https://www.gotript.com/bora-bora-weather-in-april,weather-month,bora-bora,april,no,0,0,,REVIEW*,"NOT reported in capped export — status unknown, may be missing due to 1,000-row cap"
https://www.gotript.com/bora-bora-weather-in-august,weather-month,bora-bora,august,no,0,0,,REVIEW*,"NOT reported in capped export — status unknown, may be missing due to 1,000-row cap"
https://www.gotript.com/bora-bora-weather-in-december,weather-month,bora-bora,december,no,0,0,,REVIEW*,"NOT reported in capped export — status unknown, may be missing due to 1,000-row cap"
https://www.gotript.com/bora-bora-weather-in-february,weather-month,bora-bora,february,no,0,0,,REVIEW*,"NOT reported in capped export — status unknown, may be missing due to 1,000-row cap"
https://www.gotript.com/bora-bora-weather-in-january,weather-month,bora-bora,january,no,0,0,,REVIEW*,"NOT reported in capped export — status unknown, may be missing due to 1,000-row cap"
https://www.gotript.com/bora-bora-weather-in-july,weather-month,bora-bora,july,no,0,0,,REVIEW*,"NOT reported in capped export — status unknown, may be missing due to 1,000-row cap"
https://www.gotript.com/bora-bora-weather-in-june,weather-month,bora-bora,june,no,0,0,,REVIEW*,"NOT reported in capped export — status unknown, may be missing due to 1,000-row cap"
https://www.gotript.com/bora-bora-weather-in-march,weather-month,bora-bora,march,no,0,0,,REVIEW*,"NOT reported in capped export — status unknown, may be missing due to 1,000-row cap"
https://www.gotript.com/bora-bora-weather-in-may,weather-month,bora-bora,may,no,0,0,,REVIEW*,"NOT reported in capped export — status unknown, may be missing due to 1,000-row cap"
https://www.gotript.com/bora-bora-weather-in-november,weather-month,bora-bora,november,no,0,0,,REVIEW*,"NOT reported in capped export — status unknown, may be missing due to 1,000-row cap"
https://www.gotript.com/bora-bora-weather-in-october,weather-month,bora-bora,october,no,0,0,,REVIEW*,"NOT reported in capped export — status unknown, may be missing due to 1,000-row cap"
https://www.gotript.com/bora-bora-weather-in-september,weather-month,bora-bora,september,no,0,0,,REVIEW*,"NOT reported in capped export — status unknown, may be missing due to 1,000-row cap"
https://www.gotript.com/boracay-weather-in-april,weather-month,boracay,april,no,0,0,,REVIEW*,"NOT reported in capped export — status unknown, may be missing due to 1,000-row cap"
https://www.gotript.com/boracay-weather-in-august,weather-month,boracay,august,no,0,0,,REVIEW*,"NOT reported in capped export — status unknown, may be missing due to 1,000-row cap"
https://www.gotript.com/boracay-weather-in-december,weather-month,boracay,december,no,0,0,,REVIEW*,"NOT reported in capped export — status unknown, may be missing due to 1,000-row cap"
https://www.gotript.com/boracay-weather-in-february,weather-month,boracay,february,no,0,0,,REVIEW*,"NOT reported in capped export — status unknown, may be missing due to 1,000-row cap"
https://www.gotript.com/boracay-weather-in-january,weather-month,boracay,january,no,0,0,,REVIEW*,"NOT reported in capped export — status unknown, may be missing due to 1,000-row cap"
https://www.gotript.com/boracay-weather-in-july,weather-month,boracay,july,no,0,0,,REVIEW*,"NOT reported in capped export — status unknown, may be missing due to 1,000-row cap"
https://www.gotript.com/boracay-weather-in-june,weather-month,boracay,june,no,0,0,,REVIEW*,"NOT reported in capped export — status unknown, may be missing due to 1,000-row cap"
https://www.gotript.com/boracay-weather-in-march,weather-month,boracay,march,no,0,0,,REVIEW*,"NOT reported in capped export — status unknown, may be missing due to 1,000-row cap"
https://www.gotript.com/boracay-weather-in-may,weather-month,boracay,may,no,0,0,,REVIEW*,"NOT reported in capped export — status unknown, may be missing due to 1,000-row cap"
https://www.gotript.com/boracay-weather-in-november,weather-month,boracay,november,no,0,0,,REVIEW*,"NOT reported in capped export — status unknown, may be missing due to 1,000-row cap"
https://www.gotript.com/boracay-weather-in-october,weather-month,boracay,october,no,0,0,,REVIEW*,"NOT reported in capped export — status unknown, may be missing due to 1,000-row cap"
https://www.gotript.com/boracay-weather-in-september,weather-month,boracay,september,no,0,0,,REVIEW*,"NOT reported in capped export — status unknown, may be missing due to 1,000-row cap"
https://www.gotript.com/bordeaux-weather-in-april,weather-month,bordeaux,april,no,0,0,,REVIEW*,"NOT reported in capped export — status unknown, may be missing due to 1,000-row cap"
https://www.gotript.com/bordeaux-weather-in-august,weather-month,bordeaux,august,no,0,0,,REVIEW*,"NOT reported in capped export — status unknown, may be missing due to 1,000-row cap"
https://www.gotript.com/bordeaux-weather-in-december,weather-month,bordeaux,december,no,0,0,,REVIEW*,"NOT reported in capped export — status unknown, may be missing due to 1,000-row cap"
https://www.gotript.com/bordeaux-weather-in-february,weather-month,bordeaux,february,no,0,0,,REVIEW*,"NOT reported in capped export — status unknown, may be missing due to 1,000-row cap"
https://www.gotript.com/bordeaux-weather-in-january,weather-month,bordeaux,january,no,0,0,,REVIEW*,"NOT reported in capped export — status unknown, may be missing due to 1,000-row cap"
https://www.gotript.com/bordeaux-weather-in-july,weather-month,bordeaux,july,no,0,0,,REVIEW*,"NOT reported in capped export — status unknown, may be missing due to 1,000-row cap"
https://www.gotript.com/bordeaux-weather-in-june,weather-month,bordeaux,june,no,0,0,,REVIEW*,"NOT reported in capped export — status unknown, may be missing due to 1,000-row cap"
https://www.gotript.com/bordeaux-weather-in-march,weather-month,bordeaux,march,no,0,0,,REVIEW*,"NOT reported in capped export — status unknown, may be missing due to 1,000-row cap"
https://www.gotript.com/bordeaux-weather-in-may,weather-month,bordeaux,may,no,0,0,,REVIEW*,"NOT reported in capped export — status unknown, may be missing due to 1,000-row cap"
https://www.gotript.com/bordeaux-weather-in-november,weather-month,bordeaux,november,no,0,0,,REVIEW*,"NOT reported in capped export — status unknown, may be missing due to 1,000-row cap"
https://www.gotript.com/bordeaux-weather-in-october,weather-month,bordeaux,october,no,0,0,,REVIEW*,"NOT reported in capped export — status unknown, may be missing due to 1,000-row cap"
https://www.gotript.com/bordeaux-weather-in-september,weather-month,bordeaux,september,no,0,0,,REVIEW*,"NOT reported in capped export — status unknown, may be missing due to 1,000-row cap"
https://www.gotript.com/boston-weather-in-april,weather-month,boston,april,no,0,0,,REVIEW*,"NOT reported in capped export — status unknown, may be missing due to 1,000-row cap"
https://www.gotript.com/boston-weather-in-august,weather-month,boston,august,no,0,0,,REVIEW*,"NOT reported in capped export — status unknown, may be missing due to 1,000-row cap"
https://www.gotript.com/boston-weather-in-december,weather-month,boston,december,no,0,0,,REVIEW*,"NOT reported in capped export — status unknown, may be missing due to 1,000-row cap"
https://www.gotript.com/boston-weather-in-february,weather-month,boston,february,no,0,0,,REVIEW*,"NOT reported in capped export — status unknown, may be missing due to 1,000-row cap"
https://www.gotript.com/boston-weather-in-january,weather-month,boston,january,no,0,0,,REVIEW*,"NOT reported in capped export — status unknown, may be missing due to 1,000-row cap"
https://www.gotript.com/boston-weather-in-july,weather-month,boston,july,no,0,0,,REVIEW*,"NOT reported in capped export — status unknown, may be missing due to 1,000-row cap"
https://www.gotript.com/boston-weather-in-june,weather-month,boston,june,no,0,0,,REVIEW*,"NOT reported in capped export — status unknown, may be missing due to 1,000-row cap"
https://www.gotript.com/boston-weather-in-march,weather-month,boston,march,no,0,0,,REVIEW*,"NOT reported in capped export — status unknown, may be missing due to 1,000-row cap"
https://www.gotript.com/boston-weather-in-may,weather-month,boston,may,no,0,0,,REVIEW*,"NOT reported in capped export — status unknown, may be missing due to 1,000-row cap"
https://www.gotript.com/boston-weather-in-november,weather-month,boston,november,no,0,0,,REVIEW*,"NOT reported in capped export — status unknown, may be missing due to 1,000-row cap"
https://www.gotript.com/boston-weather-in-october,weather-month,boston,october,no,0,0,,REVIEW*,"NOT reported in capped export — status unknown, may be missing due to 1,000-row cap"
https://www.gotript.com/boston-weather-in-september,weather-month,boston,september,no,0,0,,REVIEW*,"NOT reported in capped export — status unknown, may be missing due to 1,000-row cap"
https://www.gotript.com/brisbane-weather-in-april,weather-month,brisbane,april,no,0,0,,REVIEW*,"NOT reported in capped export — status unknown, may be missing due to 1,000-row cap"
https://www.gotript.com/brisbane-weather-in-august,weather-month,brisbane,august,no,0,0,,REVIEW*,"NOT reported in capped export — status unknown, may be missing due to 1,000-row cap"
https://www.gotript.com/brisbane-weather-in-december,weather-month,brisbane,december,no,0,0,,REVIEW*,"NOT reported in capped export — status unknown, may be missing due to 1,000-row cap"
https://www.gotript.com/brisbane-weather-in-february,weather-month,brisbane,february,no,0,0,,REVIEW*,"NOT reported in capped export — status unknown, may be missing due to 1,000-row cap"
https://www.gotript.com/brisbane-weather-in-january,weather-month,brisbane,january,no,0,0,,REVIEW*,"NOT reported in capped export — status unknown, may be missing due to 1,000-row cap"
https://www.gotript.com/brisbane-weather-in-june,weather-month,brisbane,june,no,0,0,,REVIEW*,"NOT reported in capped export — status unknown, may be missing due to 1,000-row cap"
https://www.gotript.com/brisbane-weather-in-march,weather-month,brisbane,march,no,0,0,,REVIEW*,"NOT reported in capped export — status unknown, may be missing due to 1,000-row cap"
https://www.gotript.com/brisbane-weather-in-may,weather-month,brisbane,may,no,0,0,,REVIEW*,"NOT reported in capped export — status unknown, may be missing due to 1,000-row cap"
https://www.gotript.com/brisbane-weather-in-november,weather-month,brisbane,november,no,0,0,,REVIEW*,"NOT reported in capped export — status unknown, may be missing due to 1,000-row cap"
https://www.gotript.com/brisbane-weather-in-october,weather-month,brisbane,october,no,0,0,,REVIEW*,"NOT reported in capped export — status unknown, may be missing due to 1,000-row cap"
https://www.gotript.com/brisbane-weather-in-september,weather-month,brisbane,september,no,0,0,,REVIEW*,"NOT reported in capped export — status unknown, may be missing due to 1,000-row cap"
https://www.gotript.com/bruges-weather-in-april,weather-month,bruges,april,no,0,0,,REVIEW*,"NOT reported in capped export — status unknown, may be missing due to 1,000-row cap"
https://www.gotript.com/bruges-weather-in-august,weather-month,bruges,august,no,0,0,,REVIEW*,"NOT reported in capped export — status unknown, may be missing due to 1,000-row cap"
https://www.gotript.com/bruges-weather-in-december,weather-month,bruges,december,no,0,0,,REVIEW*,"NOT reported in capped export — status unknown, may be missing due to 1,000-row cap"
https://www.gotript.com/bruges-weather-in-february,weather-month,bruges,february,no,0,0,,REVIEW*,"NOT reported in capped export — status unknown, may be missing due to 1,000-row cap"
https://www.gotript.com/bruges-weather-in-january,weather-month,bruges,january,no,0,0,,REVIEW*,"NOT reported in capped export — status unknown, may be missing due to 1,000-row cap"
https://www.gotript.com/bruges-weather-in-july,weather-month,bruges,july,no,0,0,,REVIEW*,"NOT reported in capped export — status unknown, may be missing due to 1,000-row cap"
https://www.gotript.com/bruges-weather-in-june,weather-month,bruges,june,no,0,0,,REVIEW*,"NOT reported in capped export — status unknown, may be missing due to 1,000-row cap"
https://www.gotript.com/bruges-weather-in-march,weather-month,bruges,march,no,0,0,,REVIEW*,"NOT reported in capped export — status unknown, may be missing due to 1,000-row cap"
https://www.gotript.com/bruges-weather-in-may,weather-month,bruges,may,no,0,0,,REVIEW*,"NOT reported in capped export — status unknown, may be missing due to 1,000-row cap"
https://www.gotript.com/bruges-weather-in-november,weather-month,bruges,november,no,0,0,,REVIEW*,"NOT reported in capped export — status unknown, may be missing due to 1,000-row cap"
https://www.gotript.com/bruges-weather-in-october,weather-month,bruges,october,no,0,0,,REVIEW*,"NOT reported in capped export — status unknown, may be missing due to 1,000-row cap"
https://www.gotript.com/bruges-weather-in-september,weather-month,bruges,september,no,0,0,,REVIEW*,"NOT reported in capped export — status unknown, may be missing due to 1,000-row cap"
https://www.gotript.com/brussels-weather-in-april,weather-month,brussels,april,no,0,0,,REVIEW*,"NOT reported in capped export — status unknown, may be missing due to 1,000-row cap"
https://www.gotript.com/brussels-weather-in-august,weather-month,brussels,august,no,0,0,,REVIEW*,"NOT reported in capped export — status unknown, may be missing due to 1,000-row cap"
https://www.gotript.com/brussels-weather-in-february,weather-month,brussels,february,no,0,0,,REVIEW*,"NOT reported in capped export — status unknown, may be missing due to 1,000-row cap"
https://www.gotript.com/brussels-weather-in-january,weather-month,brussels,january,no,0,0,,REVIEW*,"NOT reported in capped export — status unknown, may be missing due to 1,000-row cap"
https://www.gotript.com/brussels-weather-in-july,weather-month,brussels,july,no,0,0,,REVIEW*,"NOT reported in capped export — status unknown, may be missing due to 1,000-row cap"
https://www.gotript.com/brussels-weather-in-june,weather-month,brussels,june,no,0,0,,REVIEW*,"NOT reported in capped export — status unknown, may be missing due to 1,000-row cap"
https://www.gotript.com/brussels-weather-in-march,weather-month,brussels,march,no,0,0,,REVIEW*,"NOT reported in capped export — status unknown, may be missing due to 1,000-row cap"
https://www.gotript.com/brussels-weather-in-may,weather-month,brussels,may,no,0,0,,REVIEW*,"NOT reported in capped export — status unknown, may be missing due to 1,000-row cap"
https://www.gotript.com/brussels-weather-in-november,weather-month,brussels,november,no,0,0,,REVIEW*,"NOT reported in capped export — status unknown, may be missing due to 1,000-row cap"
https://www.gotript.com/brussels-weather-in-october,weather-month,brussels,october,no,0,0,,REVIEW*,"NOT reported in capped export — status unknown, may be missing due to 1,000-row cap"
https://www.gotript.com/brussels-weather-in-september,weather-month,brussels,september,no,0,0,,REVIEW*,"NOT reported in capped export — status unknown, may be missing due to 1,000-row cap"
https://www.gotript.com/bucharest-weather-in-april,weather-month,bucharest,april,no,0,0,,REVIEW*,"NOT reported in capped export — status unknown, may be missing due to 1,000-row cap"
https://www.gotript.com/bucharest-weather-in-august,weather-month,bucharest,august,no,0,0,,REVIEW*,"NOT reported in capped export — status unknown, may be missing due to 1,000-row cap"
https://www.gotript.com/bucharest-weather-in-december,weather-month,bucharest,december,no,0,0,,REVIEW*,"NOT reported in capped export — status unknown, may be missing due to 1,000-row cap"
https://www.gotript.com/bucharest-weather-in-february,weather-month,bucharest,february,no,0,0,,REVIEW*,"NOT reported in capped export — status unknown, may be missing due to 1,000-row cap"
https://www.gotript.com/bucharest-weather-in-january,weather-month,bucharest,january,no,0,0,,REVIEW*,"NOT reported in capped export — status unknown, may be missing due to 1,000-row cap"
https://www.gotript.com/bucharest-weather-in-july,weather-month,bucharest,july,no,0,0,,REVIEW*,"NOT reported in capped export — status unknown, may be missing due to 1,000-row cap"
https://www.gotript.com/bucharest-weather-in-june,weather-month,bucharest,june,no,0,0,,REVIEW*,"NOT reported in capped export — status unknown, may be missing due to 1,000-row cap"
https://www.gotript.com/bucharest-weather-in-march,weather-month,bucharest,march,no,0,0,,REVIEW*,"NOT reported in capped export — status unknown, may be missing due to 1,000-row cap"
https://www.gotript.com/bucharest-weather-in-may,weather-month,bucharest,may,no,0,0,,REVIEW*,"NOT reported in capped export — status unknown, may be missing due to 1,000-row cap"
https://www.gotript.com/bucharest-weather-in-november,weather-month,bucharest,november,no,0,0,,REVIEW*,"NOT reported in capped export — status unknown, may be missing due to 1,000-row cap"
https://www.gotript.com/bucharest-weather-in-october,weather-month,bucharest,october,no,0,0,,REVIEW*,"NOT reported in capped export — status unknown, may be missing due to 1,000-row cap"
https://www.gotript.com/bucharest-weather-in-september,weather-month,bucharest,september,no,0,0,,REVIEW*,"NOT reported in capped export — status unknown, may be missing due to 1,000-row cap"
https://www.gotript.com/budapest-weather-in-april,weather-month,budapest,april,no,0,0,,REVIEW*,"NOT reported in capped export — status unknown, may be missing due to 1,000-row cap"
https://www.gotript.com/budapest-weather-in-august,weather-month,budapest,august,no,0,0,,REVIEW*,"NOT reported in capped export — status unknown, may be missing due to 1,000-row cap"
https://www.gotript.com/budapest-weather-in-december,weather-month,budapest,december,no,0,0,,REVIEW*,"NOT reported in capped export — status unknown, may be missing due to 1,000-row cap"
https://www.gotript.com/budapest-weather-in-february,weather-month,budapest,february,no,0,0,,REVIEW*,"NOT reported in capped export — status unknown, may be missing due to 1,000-row cap"
https://www.gotript.com/budapest-weather-in-january,weather-month,budapest,january,no,0,0,,REVIEW*,"NOT reported in capped export — status unknown, may be missing due to 1,000-row cap"
https://www.gotript.com/budapest-weather-in-july,weather-month,budapest,july,no,0,0,,REVIEW*,"NOT reported in capped export — status unknown, may be missing due to 1,000-row cap"
https://www.gotript.com/budapest-weather-in-june,weather-month,budapest,june,no,0,0,,REVIEW*,"NOT reported in capped export — status unknown, may be missing due to 1,000-row cap"
https://www.gotript.com/budapest-weather-in-march,weather-month,budapest,march,no,0,0,,REVIEW*,"NOT reported in capped export — status unknown, may be missing due to 1,000-row cap"
https://www.gotript.com/budapest-weather-in-may,weather-month,budapest,may,no,0,0,,REVIEW*,"NOT reported in capped export — status unknown, may be missing due to 1,000-row cap"
https://www.gotript.com/budapest-weather-in-november,weather-month,budapest,november,no,0,0,,REVIEW*,"NOT reported in capped export — status unknown, may be missing due to 1,000-row cap"
https://www.gotript.com/budapest-weather-in-september,weather-month,budapest,september,no,0,0,,REVIEW*,"NOT reported in capped export — status unknown, may be missing due to 1,000-row cap"
https://www.gotript.com/buenos-aires-weather-in-april,weather-month,buenos-aires,april,no,0,0,,REVIEW*,"NOT reported in capped export — status unknown, may be missing due to 1,000-row cap"
https://www.gotript.com/buenos-aires-weather-in-august,weather-month,buenos-aires,august,no,0,0,,REVIEW*,"NOT reported in capped export — status unknown, may be missing due to 1,000-row cap"
https://www.gotript.com/buenos-aires-weather-in-december,weather-month,buenos-aires,december,no,0,0,,REVIEW*,"NOT reported in capped export — status unknown, may be missing due to 1,000-row cap"
https://www.gotript.com/buenos-aires-weather-in-february,weather-month,buenos-aires,february,no,0,0,,REVIEW*,"NOT reported in capped export — status unknown, may be missing due to 1,000-row cap"
https://www.gotript.com/buenos-aires-weather-in-january,weather-month,buenos-aires,january,no,0,0,,REVIEW*,"NOT reported in capped export — status unknown, may be missing due to 1,000-row cap"
https://www.gotript.com/buenos-aires-weather-in-july,weather-month,buenos-aires,july,no,0,0,,REVIEW*,"NOT reported in capped export — status unknown, may be missing due to 1,000-row cap"
https://www.gotript.com/buenos-aires-weather-in-june,weather-month,buenos-aires,june,no,0,0,,REVIEW*,"NOT reported in capped export — status unknown, may be missing due to 1,000-row cap"
https://www.gotript.com/buenos-aires-weather-in-march,weather-month,buenos-aires,march,no,0,0,,REVIEW*,"NOT reported in capped export — status unknown, may be missing due to 1,000-row cap"
https://www.gotript.com/buenos-aires-weather-in-may,weather-month,buenos-aires,may,no,0,0,,REVIEW*,"NOT reported in capped export — status unknown, may be missing due to 1,000-row cap"
https://www.gotript.com/buenos-aires-weather-in-november,weather-month,buenos-aires,november,no,0,0,,REVIEW*,"NOT reported in capped export — status unknown, may be missing due to 1,000-row cap"
https://www.gotript.com/buenos-aires-weather-in-october,weather-month,buenos-aires,october,no,0,0,,REVIEW*,"NOT reported in capped export — status unknown, may be missing due to 1,000-row cap"
https://www.gotript.com/busan-weather-in-april,weather-month,busan,april,no,0,0,,REVIEW*,"NOT reported in capped export — status unknown, may be missing due to 1,000-row cap"
https://www.gotript.com/busan-weather-in-august,weather-month,busan,august,no,0,0,,REVIEW*,"NOT reported in capped export — status unknown, may be missing due to 1,000-row cap"
https://www.gotript.com/busan-weather-in-december,weather-month,busan,december,no,0,0,,REVIEW*,"NOT reported in capped export — status unknown, may be missing due to 1,000-row cap"
https://www.gotript.com/busan-weather-in-february,weather-month,busan,february,no,0,0,,REVIEW*,"NOT reported in capped export — status unknown, may be missing due to 1,000-row cap"
https://www.gotript.com/busan-weather-in-january,weather-month,busan,january,no,0,0,,REVIEW*,"NOT reported in capped export — status unknown, may be missing due to 1,000-row cap"
https://www.gotript.com/busan-weather-in-july,weather-month,busan,july,no,0,0,,REVIEW*,"NOT reported in capped export — status unknown, may be missing due to 1,000-row cap"
https://www.gotript.com/busan-weather-in-june,weather-month,busan,june,no,0,0,,REVIEW*,"NOT reported in capped export — status unknown, may be missing due to 1,000-row cap"
https://www.gotript.com/busan-weather-in-march,weather-month,busan,march,no,0,0,,REVIEW*,"NOT reported in capped export — status unknown, may be missing due to 1,000-row cap"
https://www.gotript.com/busan-weather-in-may,weather-month,busan,may,no,0,0,,REVIEW*,"NOT reported in capped export — status unknown, may be missing due to 1,000-row cap"
https://www.gotript.com/busan-weather-in-november,weather-month,busan,november,no,0,0,,REVIEW*,"NOT reported in capped export — status unknown, may be missing due to 1,000-row cap"
https://www.gotript.com/busan-weather-in-october,weather-month,busan,october,no,0,0,,REVIEW*,"NOT reported in capped export — status unknown, may be missing due to 1,000-row cap"
https://www.gotript.com/busan-weather-in-september,weather-month,busan,september,no,0,0,,REVIEW*,"NOT reported in capped export — status unknown, may be missing due to 1,000-row cap"
https://www.gotript.com/cabo-san-lucas-weather-in-april,weather-month,cabo-san-lucas,april,no,0,0,,REVIEW*,"NOT reported in capped export — status unknown, may be missing due to 1,000-row cap"
https://www.gotript.com/cabo-san-lucas-weather-in-august,weather-month,cabo-san-lucas,august,no,0,0,,REVIEW*,"NOT reported in capped export — status unknown, may be missing due to 1,000-row cap"
https://www.gotript.com/cabo-san-lucas-weather-in-december,weather-month,cabo-san-lucas,december,no,0,0,,REVIEW*,"NOT reported in capped export — status unknown, may be missing due to 1,000-row cap"
https://www.gotript.com/cabo-san-lucas-weather-in-february,weather-month,cabo-san-lucas,february,no,0,0,,REVIEW*,"NOT reported in capped export — status unknown, may be missing due to 1,000-row cap"
https://www.gotript.com/cabo-san-lucas-weather-in-january,weather-month,cabo-san-lucas,january,no,0,0,,REVIEW*,"NOT reported in capped export — status unknown, may be missing due to 1,000-row cap"
https://www.gotript.com/cabo-san-lucas-weather-in-july,weather-month,cabo-san-lucas,july,no,0,0,,REVIEW*,"NOT reported in capped export — status unknown, may be missing due to 1,000-row cap"
https://www.gotript.com/cabo-san-lucas-weather-in-june,weather-month,cabo-san-lucas,june,no,0,0,,REVIEW*,"NOT reported in capped export — status unknown, may be missing due to 1,000-row cap"
https://www.gotript.com/cabo-san-lucas-weather-in-march,weather-month,cabo-san-lucas,march,no,0,0,,REVIEW*,"NOT reported in capped export — status unknown, may be missing due to 1,000-row cap"
https://www.gotript.com/cabo-san-lucas-weather-in-may,weather-month,cabo-san-lucas,may,no,0,0,,REVIEW*,"NOT reported in capped export — status unknown, may be missing due to 1,000-row cap"
https://www.gotript.com/cabo-san-lucas-weather-in-november,weather-month,cabo-san-lucas,november,no,0,0,,REVIEW*,"NOT reported in capped export — status unknown, may be missing due to 1,000-row cap"
https://www.gotript.com/cabo-san-lucas-weather-in-october,weather-month,cabo-san-lucas,october,no,0,0,,REVIEW*,"NOT reported in capped export — status unknown, may be missing due to 1,000-row cap"
https://www.gotript.com/cabo-san-lucas-weather-in-september,weather-month,cabo-san-lucas,september,no,0,0,,REVIEW*,"NOT reported in capped export — status unknown, may be missing due to 1,000-row cap"
https://www.gotript.com/cairns-weather-in-april,weather-month,cairns,april,no,0,0,,REVIEW*,"NOT reported in capped export — status unknown, may be missing due to 1,000-row cap"
https://www.gotript.com/cairns-weather-in-august,weather-month,cairns,august,no,0,0,,REVIEW*,"NOT reported in capped export — status unknown, may be missing due to 1,000-row cap"
https://www.gotript.com/cairns-weather-in-december,weather-month,cairns,december,no,0,0,,REVIEW*,"NOT reported in capped export — status unknown, may be missing due to 1,000-row cap"
https://www.gotript.com/cairns-weather-in-february,weather-month,cairns,february,no,0,0,,REVIEW*,"NOT reported in capped export — status unknown, may be missing due to 1,000-row cap"
https://www.gotript.com/cairns-weather-in-january,weather-month,cairns,january,no,0,0,,REVIEW*,"NOT reported in capped export — status unknown, may be missing due to 1,000-row cap"
https://www.gotript.com/cairns-weather-in-july,weather-month,cairns,july,no,0,0,,REVIEW*,"NOT reported in capped export — status unknown, may be missing due to 1,000-row cap"
https://www.gotript.com/cairns-weather-in-june,weather-month,cairns,june,no,0,0,,REVIEW*,"NOT reported in capped export — status unknown, may be missing due to 1,000-row cap"
https://www.gotript.com/cairns-weather-in-march,weather-month,cairns,march,no,0,0,,REVIEW*,"NOT reported in capped export — status unknown, may be missing due to 1,000-row cap"
https://www.gotript.com/cairns-weather-in-may,weather-month,cairns,may,no,0,0,,REVIEW*,"NOT reported in capped export — status unknown, may be missing due to 1,000-row cap"
https://www.gotript.com/cairns-weather-in-november,weather-month,cairns,november,no,0,0,,REVIEW*,"NOT reported in capped export — status unknown, may be missing due to 1,000-row cap"
https://www.gotript.com/cairns-weather-in-october,weather-month,cairns,october,no,0,0,,REVIEW*,"NOT reported in capped export — status unknown, may be missing due to 1,000-row cap"
https://www.gotript.com/cairns-weather-in-september,weather-month,cairns,september,no,0,0,,REVIEW*,"NOT reported in capped export — status unknown, may be missing due to 1,000-row cap"
https://www.gotript.com/cairo-weather-in-april,weather-month,cairo,april,no,0,0,,REVIEW*,"NOT reported in capped export — status unknown, may be missing due to 1,000-row cap"
https://www.gotript.com/cairo-weather-in-august,weather-month,cairo,august,no,0,0,,REVIEW*,"NOT reported in capped export — status unknown, may be missing due to 1,000-row cap"
https://www.gotript.com/cairo-weather-in-december,weather-month,cairo,december,no,0,0,,REVIEW*,"NOT reported in capped export — status unknown, may be missing due to 1,000-row cap"
https://www.gotript.com/cairo-weather-in-february,weather-month,cairo,february,no,0,0,,REVIEW*,"NOT reported in capped export — status unknown, may be missing due to 1,000-row cap"
https://www.gotript.com/cairo-weather-in-january,weather-month,cairo,january,no,0,0,,REVIEW*,"NOT reported in capped export — status unknown, may be missing due to 1,000-row cap"
https://www.gotript.com/cairo-weather-in-july,weather-month,cairo,july,no,0,0,,REVIEW*,"NOT reported in capped export — status unknown, may be missing due to 1,000-row cap"
https://www.gotript.com/cairo-weather-in-june,weather-month,cairo,june,no,0,0,,REVIEW*,"NOT reported in capped export — status unknown, may be missing due to 1,000-row cap"
https://www.gotript.com/cairo-weather-in-march,weather-month,cairo,march,no,0,0,,REVIEW*,"NOT reported in capped export — status unknown, may be missing due to 1,000-row cap"
https://www.gotript.com/cairo-weather-in-may,weather-month,cairo,may,no,0,0,,REVIEW*,"NOT reported in capped export — status unknown, may be missing due to 1,000-row cap"
https://www.gotript.com/cairo-weather-in-november,weather-month,cairo,november,no,0,0,,REVIEW*,"NOT reported in capped export — status unknown, may be missing due to 1,000-row cap"
https://www.gotript.com/cairo-weather-in-october,weather-month,cairo,october,no,0,0,,REVIEW*,"NOT reported in capped export — status unknown, may be missing due to 1,000-row cap"
https://www.gotript.com/cairo-weather-in-september,weather-month,cairo,september,no,0,0,,REVIEW*,"NOT reported in capped export — status unknown, may be missing due to 1,000-row cap"
https://www.gotript.com/cancun-weather-in-april,weather-month,cancun,april,no,0,0,,REVIEW*,"NOT reported in capped export — status unknown, may be missing due to 1,000-row cap"
https://www.gotript.com/cancun-weather-in-december,weather-month,cancun,december,no,0,0,,REVIEW*,"NOT reported in capped export — status unknown, may be missing due to 1,000-row cap"
https://www.gotript.com/cancun-weather-in-february,weather-month,cancun,february,no,0,0,,REVIEW*,"NOT reported in capped export — status unknown, may be missing due to 1,000-row cap"
https://www.gotript.com/cancun-weather-in-january,weather-month,cancun,january,no,0,0,,REVIEW*,"NOT reported in capped export — status unknown, may be missing due to 1,000-row cap"
https://www.gotript.com/cancun-weather-in-july,weather-month,cancun,july,no,0,0,,REVIEW*,"NOT reported in capped export — status unknown, may be missing due to 1,000-row cap"
https://www.gotript.com/cancun-weather-in-june,weather-month,cancun,june,no,0,0,,REVIEW*,"NOT reported in capped export — status unknown, may be missing due to 1,000-row cap"
https://www.gotript.com/cancun-weather-in-march,weather-month,cancun,march,no,0,0,,REVIEW*,"NOT reported in capped export — status unknown, may be missing due to 1,000-row cap"
https://www.gotript.com/cancun-weather-in-may,weather-month,cancun,may,no,0,0,,REVIEW*,"NOT reported in capped export — status unknown, may be missing due to 1,000-row cap"
https://www.gotript.com/cancun-weather-in-november,weather-month,cancun,november,no,0,0,,REVIEW*,"NOT reported in capped export — status unknown, may be missing due to 1,000-row cap"
https://www.gotript.com/cancun-weather-in-october,weather-month,cancun,october,no,0,0,,REVIEW*,"NOT reported in capped export — status unknown, may be missing due to 1,000-row cap"
https://www.gotript.com/cancun-weather-in-september,weather-month,cancun,september,no,0,0,,REVIEW*,"NOT reported in capped export — status unknown, may be missing due to 1,000-row cap"
https://www.gotript.com/cape-town-weather-in-august,weather-month,cape-town,august,no,0,0,,REVIEW*,"NOT reported in capped export — status unknown, may be missing due to 1,000-row cap"
https://www.gotript.com/cape-town-weather-in-december,weather-month,cape-town,december,no,0,0,,REVIEW*,"NOT reported in capped export — status unknown, may be missing due to 1,000-row cap"
https://www.gotript.com/cape-town-weather-in-february,weather-month,cape-town,february,no,0,0,,REVIEW*,"NOT reported in capped export — status unknown, may be missing due to 1,000-row cap"
https://www.gotript.com/cape-town-weather-in-january,weather-month,cape-town,january,no,0,0,,REVIEW*,"NOT reported in capped export — status unknown, may be missing due to 1,000-row cap"
https://www.gotript.com/cape-town-weather-in-july,weather-month,cape-town,july,no,0,0,,REVIEW*,"NOT reported in capped export — status unknown, may be missing due to 1,000-row cap"
https://www.gotript.com/cape-town-weather-in-june,weather-month,cape-town,june,no,0,0,,REVIEW*,"NOT reported in capped export — status unknown, may be missing due to 1,000-row cap"
https://www.gotript.com/cape-town-weather-in-may,weather-month,cape-town,may,no,0,0,,REVIEW*,"NOT reported in capped export — status unknown, may be missing due to 1,000-row cap"
https://www.gotript.com/cape-town-weather-in-november,weather-month,cape-town,november,no,0,0,,REVIEW*,"NOT reported in capped export — status unknown, may be missing due to 1,000-row cap"
https://www.gotript.com/cape-town-weather-in-october,weather-month,cape-town,october,no,0,0,,REVIEW*,"NOT reported in capped export — status unknown, may be missing due to 1,000-row cap"
https://www.gotript.com/cape-town-weather-in-september,weather-month,cape-town,september,no,0,0,,REVIEW*,"NOT reported in capped export — status unknown, may be missing due to 1,000-row cap"
https://www.gotript.com/cappadocia-weather-in-april,weather-month,cappadocia,april,no,0,0,,REVIEW*,"NOT reported in capped export — status unknown, may be missing due to 1,000-row cap"
https://www.gotript.com/cappadocia-weather-in-august,weather-month,cappadocia,august,no,0,0,,REVIEW*,"NOT reported in capped export — status unknown, may be missing due to 1,000-row cap"
https://www.gotript.com/cappadocia-weather-in-february,weather-month,cappadocia,february,no,0,0,,REVIEW*,"NOT reported in capped export — status unknown, may be missing due to 1,000-row cap"
https://www.gotript.com/cappadocia-weather-in-january,weather-month,cappadocia,january,no,0,0,,REVIEW*,"NOT reported in capped export — status unknown, may be missing due to 1,000-row cap"
https://www.gotript.com/cappadocia-weather-in-july,weather-month,cappadocia,july,no,0,0,,REVIEW*,"NOT reported in capped export — status unknown, may be missing due to 1,000-row cap"
https://www.gotript.com/cappadocia-weather-in-june,weather-month,cappadocia,june,no,0,0,,REVIEW*,"NOT reported in capped export — status unknown, may be missing due to 1,000-row cap"
https://www.gotript.com/cappadocia-weather-in-march,weather-month,cappadocia,march,no,0,0,,REVIEW*,"NOT reported in capped export — status unknown, may be missing due to 1,000-row cap"
https://www.gotript.com/cappadocia-weather-in-may,weather-month,cappadocia,may,no,0,0,,REVIEW*,"NOT reported in capped export — status unknown, may be missing due to 1,000-row cap"
https://www.gotript.com/cappadocia-weather-in-november,weather-month,cappadocia,november,no,0,0,,REVIEW*,"NOT reported in capped export — status unknown, may be missing due to 1,000-row cap"
https://www.gotript.com/cappadocia-weather-in-october,weather-month,cappadocia,october,no,0,0,,REVIEW*,"NOT reported in capped export — status unknown, may be missing due to 1,000-row cap"
https://www.gotript.com/cappadocia-weather-in-september,weather-month,cappadocia,september,no,0,0,,REVIEW*,"NOT reported in capped export — status unknown, may be missing due to 1,000-row cap"
https://www.gotript.com/cartagena-weather-in-april,weather-month,cartagena,april,no,0,0,,REVIEW*,"NOT reported in capped export — status unknown, may be missing due to 1,000-row cap"
https://www.gotript.com/cartagena-weather-in-august,weather-month,cartagena,august,no,0,0,,REVIEW*,"NOT reported in capped export — status unknown, may be missing due to 1,000-row cap"
https://www.gotript.com/cartagena-weather-in-december,weather-month,cartagena,december,no,0,0,,REVIEW*,"NOT reported in capped export — status unknown, may be missing due to 1,000-row cap"
https://www.gotript.com/cartagena-weather-in-february,weather-month,cartagena,february,no,0,0,,REVIEW*,"NOT reported in capped export — status unknown, may be missing due to 1,000-row cap"
https://www.gotript.com/cartagena-weather-in-january,weather-month,cartagena,january,no,0,0,,REVIEW*,"NOT reported in capped export — status unknown, may be missing due to 1,000-row cap"
https://www.gotript.com/cartagena-weather-in-july,weather-month,cartagena,july,no,0,0,,REVIEW*,"NOT reported in capped export — status unknown, may be missing due to 1,000-row cap"
https://www.gotript.com/cartagena-weather-in-june,weather-month,cartagena,june,no,0,0,,REVIEW*,"NOT reported in capped export — status unknown, may be missing due to 1,000-row cap"
https://www.gotript.com/cartagena-weather-in-march,weather-month,cartagena,march,no,0,0,,REVIEW*,"NOT reported in capped export — status unknown, may be missing due to 1,000-row cap"
https://www.gotript.com/cartagena-weather-in-may,weather-month,cartagena,may,no,0,0,,REVIEW*,"NOT reported in capped export — status unknown, may be missing due to 1,000-row cap"
https://www.gotript.com/cartagena-weather-in-november,weather-month,cartagena,november,no,0,0,,REVIEW*,"NOT reported in capped export — status unknown, may be missing due to 1,000-row cap"
https://www.gotript.com/cartagena-weather-in-october,weather-month,cartagena,october,no,0,0,,REVIEW*,"NOT reported in capped export — status unknown, may be missing due to 1,000-row cap"
https://www.gotript.com/cartagena-weather-in-september,weather-month,cartagena,september,no,0,0,,REVIEW*,"NOT reported in capped export — status unknown, may be missing due to 1,000-row cap"
https://www.gotript.com/casablanca-weather-in-april,weather-month,casablanca,april,no,0,0,,REVIEW*,"NOT reported in capped export — status unknown, may be missing due to 1,000-row cap"
https://www.gotript.com/casablanca-weather-in-august,weather-month,casablanca,august,no,0,0,,REVIEW*,"NOT reported in capped export — status unknown, may be missing due to 1,000-row cap"
https://www.gotript.com/casablanca-weather-in-december,weather-month,casablanca,december,no,0,0,,REVIEW*,"NOT reported in capped export — status unknown, may be missing due to 1,000-row cap"
https://www.gotript.com/casablanca-weather-in-february,weather-month,casablanca,february,no,0,0,,REVIEW*,"NOT reported in capped export — status unknown, may be missing due to 1,000-row cap"
https://www.gotript.com/casablanca-weather-in-july,weather-month,casablanca,july,no,0,0,,REVIEW*,"NOT reported in capped export — status unknown, may be missing due to 1,000-row cap"
https://www.gotript.com/casablanca-weather-in-june,weather-month,casablanca,june,no,0,0,,REVIEW*,"NOT reported in capped export — status unknown, may be missing due to 1,000-row cap"
https://www.gotript.com/casablanca-weather-in-march,weather-month,casablanca,march,no,0,0,,REVIEW*,"NOT reported in capped export — status unknown, may be missing due to 1,000-row cap"
https://www.gotript.com/casablanca-weather-in-may,weather-month,casablanca,may,no,0,0,,REVIEW*,"NOT reported in capped export — status unknown, may be missing due to 1,000-row cap"
https://www.gotript.com/casablanca-weather-in-november,weather-month,casablanca,november,no,0,0,,REVIEW*,"NOT reported in capped export — status unknown, may be missing due to 1,000-row cap"
https://www.gotript.com/casablanca-weather-in-october,weather-month,casablanca,october,no,0,0,,REVIEW*,"NOT reported in capped export — status unknown, may be missing due to 1,000-row cap"
https://www.gotript.com/casablanca-weather-in-september,weather-month,casablanca,september,no,0,0,,REVIEW*,"NOT reported in capped export — status unknown, may be missing due to 1,000-row cap"
https://www.gotript.com/cebu-weather-in-april,weather-month,cebu,april,no,0,0,,REVIEW*,"NOT reported in capped export — status unknown, may be missing due to 1,000-row cap"
https://www.gotript.com/cebu-weather-in-august,weather-month,cebu,august,no,0,0,,REVIEW*,"NOT reported in capped export — status unknown, may be missing due to 1,000-row cap"
https://www.gotript.com/cebu-weather-in-december,weather-month,cebu,december,no,0,0,,REVIEW*,"NOT reported in capped export — status unknown, may be missing due to 1,000-row cap"
https://www.gotript.com/cebu-weather-in-february,weather-month,cebu,february,no,0,0,,REVIEW*,"NOT reported in capped export — status unknown, may be missing due to 1,000-row cap"
https://www.gotript.com/cebu-weather-in-january,weather-month,cebu,january,no,0,0,,REVIEW*,"NOT reported in capped export — status unknown, may be missing due to 1,000-row cap"
https://www.gotript.com/cebu-weather-in-july,weather-month,cebu,july,no,0,0,,REVIEW*,"NOT reported in capped export — status unknown, may be missing due to 1,000-row cap"
https://www.gotript.com/cebu-weather-in-june,weather-month,cebu,june,no,0,0,,REVIEW*,"NOT reported in capped export — status unknown, may be missing due to 1,000-row cap"
https://www.gotript.com/cebu-weather-in-march,weather-month,cebu,march,no,0,0,,REVIEW*,"NOT reported in capped export — status unknown, may be missing due to 1,000-row cap"
https://www.gotript.com/cebu-weather-in-may,weather-month,cebu,may,no,0,0,,REVIEW*,"NOT reported in capped export — status unknown, may be missing due to 1,000-row cap"
https://www.gotript.com/cebu-weather-in-november,weather-month,cebu,november,no,0,0,,REVIEW*,"NOT reported in capped export — status unknown, may be missing due to 1,000-row cap"
https://www.gotript.com/cebu-weather-in-october,weather-month,cebu,october,no,0,0,,REVIEW*,"NOT reported in capped export — status unknown, may be missing due to 1,000-row cap"
https://www.gotript.com/charleston-weather-in-april,weather-month,charleston,april,no,0,0,,REVIEW*,"NOT reported in capped export — status unknown, may be missing due to 1,000-row cap"
https://www.gotript.com/charleston-weather-in-december,weather-month,charleston,december,no,0,0,,REVIEW*,"NOT reported in capped export — status unknown, may be missing due to 1,000-row cap"
https://www.gotript.com/charleston-weather-in-february,weather-month,charleston,february,no,0,0,,REVIEW*,"NOT reported in capped export — status unknown, may be missing due to 1,000-row cap"
https://www.gotript.com/charleston-weather-in-january,weather-month,charleston,january,no,0,0,,REVIEW*,"NOT reported in capped export — status unknown, may be missing due to 1,000-row cap"
https://www.gotript.com/charleston-weather-in-july,weather-month,charleston,july,no,0,0,,REVIEW*,"NOT reported in capped export — status unknown, may be missing due to 1,000-row cap"
https://www.gotript.com/charleston-weather-in-june,weather-month,charleston,june,no,0,0,,REVIEW*,"NOT reported in capped export — status unknown, may be missing due to 1,000-row cap"
https://www.gotript.com/charleston-weather-in-march,weather-month,charleston,march,no,0,0,,REVIEW*,"NOT reported in capped export — status unknown, may be missing due to 1,000-row cap"
https://www.gotript.com/charleston-weather-in-may,weather-month,charleston,may,no,0,0,,REVIEW*,"NOT reported in capped export — status unknown, may be missing due to 1,000-row cap"
https://www.gotript.com/charleston-weather-in-november,weather-month,charleston,november,no,0,0,,REVIEW*,"NOT reported in capped export — status unknown, may be missing due to 1,000-row cap"
https://www.gotript.com/charleston-weather-in-september,weather-month,charleston,september,no,0,0,,REVIEW*,"NOT reported in capped export — status unknown, may be missing due to 1,000-row cap"
https://www.gotript.com/chefchaouen-weather-in-april,weather-month,chefchaouen,april,no,0,0,,REVIEW*,"NOT reported in capped export — status unknown, may be missing due to 1,000-row cap"
https://www.gotript.com/chefchaouen-weather-in-august,weather-month,chefchaouen,august,no,0,0,,REVIEW*,"NOT reported in capped export — status unknown, may be missing due to 1,000-row cap"
https://www.gotript.com/chefchaouen-weather-in-december,weather-month,chefchaouen,december,no,0,0,,REVIEW*,"NOT reported in capped export — status unknown, may be missing due to 1,000-row cap"
https://www.gotript.com/chefchaouen-weather-in-february,weather-month,chefchaouen,february,no,0,0,,REVIEW*,"NOT reported in capped export — status unknown, may be missing due to 1,000-row cap"
https://www.gotript.com/chefchaouen-weather-in-january,weather-month,chefchaouen,january,no,0,0,,REVIEW*,"NOT reported in capped export — status unknown, may be missing due to 1,000-row cap"
https://www.gotript.com/chefchaouen-weather-in-july,weather-month,chefchaouen,july,no,0,0,,REVIEW*,"NOT reported in capped export — status unknown, may be missing due to 1,000-row cap"
https://www.gotript.com/chefchaouen-weather-in-june,weather-month,chefchaouen,june,no,0,0,,REVIEW*,"NOT reported in capped export — status unknown, may be missing due to 1,000-row cap"
https://www.gotript.com/chefchaouen-weather-in-march,weather-month,chefchaouen,march,no,0,0,,REVIEW*,"NOT reported in capped export — status unknown, may be missing due to 1,000-row cap"
https://www.gotript.com/chefchaouen-weather-in-may,weather-month,chefchaouen,may,no,0,0,,REVIEW*,"NOT reported in capped export — status unknown, may be missing due to 1,000-row cap"
https://www.gotript.com/chefchaouen-weather-in-november,weather-month,chefchaouen,november,no,0,0,,REVIEW*,"NOT reported in capped export — status unknown, may be missing due to 1,000-row cap"
https://www.gotript.com/chefchaouen-weather-in-october,weather-month,chefchaouen,october,no,0,0,,REVIEW*,"NOT reported in capped export — status unknown, may be missing due to 1,000-row cap"
https://www.gotript.com/chefchaouen-weather-in-september,weather-month,chefchaouen,september,no,0,0,,REVIEW*,"NOT reported in capped export — status unknown, may be missing due to 1,000-row cap"
https://www.gotript.com/chiang-mai-weather-in-april,weather-month,chiang-mai,april,no,0,0,,REVIEW*,"NOT reported in capped export — status unknown, may be missing due to 1,000-row cap"
https://www.gotript.com/chiang-mai-weather-in-august,weather-month,chiang-mai,august,no,0,0,,REVIEW*,"NOT reported in capped export — status unknown, may be missing due to 1,000-row cap"
https://www.gotript.com/chiang-mai-weather-in-december,weather-month,chiang-mai,december,no,0,0,,REVIEW*,"NOT reported in capped export — status unknown, may be missing due to 1,000-row cap"
https://www.gotript.com/chiang-mai-weather-in-february,weather-month,chiang-mai,february,no,0,0,,REVIEW*,"NOT reported in capped export — status unknown, may be missing due to 1,000-row cap"
https://www.gotript.com/chiang-mai-weather-in-january,weather-month,chiang-mai,january,no,0,0,,REVIEW*,"NOT reported in capped export — status unknown, may be missing due to 1,000-row cap"
https://www.gotript.com/chiang-mai-weather-in-june,weather-month,chiang-mai,june,no,0,0,,REVIEW*,"NOT reported in capped export — status unknown, may be missing due to 1,000-row cap"
https://www.gotript.com/chiang-mai-weather-in-may,weather-month,chiang-mai,may,no,0,0,,REVIEW*,"NOT reported in capped export — status unknown, may be missing due to 1,000-row cap"
https://www.gotript.com/chiang-mai-weather-in-november,weather-month,chiang-mai,november,no,0,0,,REVIEW*,"NOT reported in capped export — status unknown, may be missing due to 1,000-row cap"
https://www.gotript.com/chiang-mai-weather-in-october,weather-month,chiang-mai,october,no,0,0,,REVIEW*,"NOT reported in capped export — status unknown, may be missing due to 1,000-row cap"
https://www.gotript.com/chiang-mai-weather-in-september,weather-month,chiang-mai,september,no,0,0,,REVIEW*,"NOT reported in capped export — status unknown, may be missing due to 1,000-row cap"
https://www.gotript.com/chicago-weather-in-august,weather-month,chicago,august,no,0,0,,REVIEW*,"NOT reported in capped export — status unknown, may be missing due to 1,000-row cap"
https://www.gotript.com/chicago-weather-in-february,weather-month,chicago,february,no,0,0,,REVIEW*,"NOT reported in capped export — status unknown, may be missing due to 1,000-row cap"
https://www.gotript.com/chicago-weather-in-july,weather-month,chicago,july,no,0,0,,REVIEW*,"NOT reported in capped export — status unknown, may be missing due to 1,000-row cap"
https://www.gotript.com/chicago-weather-in-june,weather-month,chicago,june,no,0,0,,REVIEW*,"NOT reported in capped export — status unknown, may be missing due to 1,000-row cap"
https://www.gotript.com/chicago-weather-in-may,weather-month,chicago,may,no,0,0,,REVIEW*,"NOT reported in capped export — status unknown, may be missing due to 1,000-row cap"
https://www.gotript.com/chicago-weather-in-november,weather-month,chicago,november,no,0,0,,REVIEW*,"NOT reported in capped export — status unknown, may be missing due to 1,000-row cap"
https://www.gotript.com/chicago-weather-in-october,weather-month,chicago,october,no,0,0,,REVIEW*,"NOT reported in capped export — status unknown, may be missing due to 1,000-row cap"
https://www.gotript.com/chicago-weather-in-september,weather-month,chicago,september,no,0,0,,REVIEW*,"NOT reported in capped export — status unknown, may be missing due to 1,000-row cap"
https://www.gotript.com/cinque-terre-weather-in-april,weather-month,cinque-terre,april,no,0,0,,REVIEW*,"NOT reported in capped export — status unknown, may be missing due to 1,000-row cap"
https://www.gotript.com/cinque-terre-weather-in-august,weather-month,cinque-terre,august,no,0,0,,REVIEW*,"NOT reported in capped export — status unknown, may be missing due to 1,000-row cap"
https://www.gotript.com/cinque-terre-weather-in-december,weather-month,cinque-terre,december,no,0,0,,REVIEW*,"NOT reported in capped export — status unknown, may be missing due to 1,000-row cap"
https://www.gotript.com/cinque-terre-weather-in-february,weather-month,cinque-terre,february,no,0,0,,REVIEW*,"NOT reported in capped export — status unknown, may be missing due to 1,000-row cap"
https://www.gotript.com/cinque-terre-weather-in-january,weather-month,cinque-terre,january,no,0,0,,REVIEW*,"NOT reported in capped export — status unknown, may be missing due to 1,000-row cap"
https://www.gotript.com/cinque-terre-weather-in-july,weather-month,cinque-terre,july,no,0,0,,REVIEW*,"NOT reported in capped export — status unknown, may be missing due to 1,000-row cap"
https://www.gotript.com/cinque-terre-weather-in-june,weather-month,cinque-terre,june,no,0,0,,REVIEW*,"NOT reported in capped export — status unknown, may be missing due to 1,000-row cap"
https://www.gotript.com/cinque-terre-weather-in-march,weather-month,cinque-terre,march,no,0,0,,REVIEW*,"NOT reported in capped export — status unknown, may be missing due to 1,000-row cap"
https://www.gotript.com/cinque-terre-weather-in-may,weather-month,cinque-terre,may,no,0,0,,REVIEW*,"NOT reported in capped export — status unknown, may be missing due to 1,000-row cap"
https://www.gotript.com/cinque-terre-weather-in-november,weather-month,cinque-terre,november,no,0,0,,REVIEW*,"NOT reported in capped export — status unknown, may be missing due to 1,000-row cap"
https://www.gotript.com/cinque-terre-weather-in-september,weather-month,cinque-terre,september,no,0,0,,REVIEW*,"NOT reported in capped export — status unknown, may be missing due to 1,000-row cap"
https://www.gotript.com/cologne-weather-in-april,weather-month,cologne,april,no,0,0,,REVIEW*,"NOT reported in capped export — status unknown, may be missing due to 1,000-row cap"
https://www.gotript.com/cologne-weather-in-august,weather-month,cologne,august,no,0,0,,REVIEW*,"NOT reported in capped export — status unknown, may be missing due to 1,000-row cap"
https://www.gotript.com/cologne-weather-in-february,weather-month,cologne,february,no,0,0,,REVIEW*,"NOT reported in capped export — status unknown, may be missing due to 1,000-row cap"
https://www.gotript.com/cologne-weather-in-january,weather-month,cologne,january,no,0,0,,REVIEW*,"NOT reported in capped export — status unknown, may be missing due to 1,000-row cap"
https://www.gotript.com/cologne-weather-in-july,weather-month,cologne,july,no,0,0,,REVIEW*,"NOT reported in capped export — status unknown, may be missing due to 1,000-row cap"
https://www.gotript.com/cologne-weather-in-june,weather-month,cologne,june,no,0,0,,REVIEW*,"NOT reported in capped export — status unknown, may be missing due to 1,000-row cap"
https://www.gotript.com/cologne-weather-in-march,weather-month,cologne,march,no,0,0,,REVIEW*,"NOT reported in capped export — status unknown, may be missing due to 1,000-row cap"
https://www.gotript.com/cologne-weather-in-may,weather-month,cologne,may,no,0,0,,REVIEW*,"NOT reported in capped export — status unknown, may be missing due to 1,000-row cap"
https://www.gotript.com/cologne-weather-in-november,weather-month,cologne,november,no,0,0,,REVIEW*,"NOT reported in capped export — status unknown, may be missing due to 1,000-row cap"
https://www.gotript.com/cologne-weather-in-october,weather-month,cologne,october,no,0,0,,REVIEW*,"NOT reported in capped export — status unknown, may be missing due to 1,000-row cap"
https://www.gotript.com/cologne-weather-in-september,weather-month,cologne,september,no,0,0,,REVIEW*,"NOT reported in capped export — status unknown, may be missing due to 1,000-row cap"
https://www.gotript.com/colombo-weather-in-april,weather-month,colombo,april,no,0,0,,REVIEW*,"NOT reported in capped export — status unknown, may be missing due to 1,000-row cap"
https://www.gotript.com/colombo-weather-in-december,weather-month,colombo,december,no,0,0,,REVIEW*,"NOT reported in capped export — status unknown, may be missing due to 1,000-row cap"
https://www.gotript.com/colombo-weather-in-february,weather-month,colombo,february,no,0,0,,REVIEW*,"NOT reported in capped export — status unknown, may be missing due to 1,000-row cap"
https://www.gotript.com/colombo-weather-in-july,weather-month,colombo,july,no,0,0,,REVIEW*,"NOT reported in capped export — status unknown, may be missing due to 1,000-row cap"
https://www.gotript.com/colombo-weather-in-june,weather-month,colombo,june,no,0,0,,REVIEW*,"NOT reported in capped export — status unknown, may be missing due to 1,000-row cap"
https://www.gotript.com/colombo-weather-in-march,weather-month,colombo,march,no,0,0,,REVIEW*,"NOT reported in capped export — status unknown, may be missing due to 1,000-row cap"
https://www.gotript.com/colombo-weather-in-may,weather-month,colombo,may,no,0,0,,REVIEW*,"NOT reported in capped export — status unknown, may be missing due to 1,000-row cap"
https://www.gotript.com/colombo-weather-in-october,weather-month,colombo,october,no,0,0,,REVIEW*,"NOT reported in capped export — status unknown, may be missing due to 1,000-row cap"
https://www.gotript.com/colombo-weather-in-september,weather-month,colombo,september,no,0,0,,REVIEW*,"NOT reported in capped export — status unknown, may be missing due to 1,000-row cap"
https://www.gotript.com/copenhagen-weather-in-april,weather-month,copenhagen,april,no,0,0,,REVIEW*,"NOT reported in capped export — status unknown, may be missing due to 1,000-row cap"
https://www.gotript.com/copenhagen-weather-in-august,weather-month,copenhagen,august,no,0,0,,REVIEW*,"NOT reported in capped export — status unknown, may be missing due to 1,000-row cap"
https://www.gotript.com/copenhagen-weather-in-december,weather-month,copenhagen,december,no,0,0,,REVIEW*,"NOT reported in capped export — status unknown, may be missing due to 1,000-row cap"
https://www.gotript.com/copenhagen-weather-in-february,weather-month,copenhagen,february,no,0,0,,REVIEW*,"NOT reported in capped export — status unknown, may be missing due to 1,000-row cap"
https://www.gotript.com/copenhagen-weather-in-january,weather-month,copenhagen,january,no,0,0,,REVIEW*,"NOT reported in capped export — status unknown, may be missing due to 1,000-row cap"
https://www.gotript.com/copenhagen-weather-in-july,weather-month,copenhagen,july,no,0,0,,REVIEW*,"NOT reported in capped export — status unknown, may be missing due to 1,000-row cap"
https://www.gotript.com/copenhagen-weather-in-june,weather-month,copenhagen,june,no,0,0,,REVIEW*,"NOT reported in capped export — status unknown, may be missing due to 1,000-row cap"
https://www.gotript.com/copenhagen-weather-in-march,weather-month,copenhagen,march,no,0,0,,REVIEW*,"NOT reported in capped export — status unknown, may be missing due to 1,000-row cap"
https://www.gotript.com/copenhagen-weather-in-may,weather-month,copenhagen,may,no,0,0,,REVIEW*,"NOT reported in capped export — status unknown, may be missing due to 1,000-row cap"
https://www.gotript.com/copenhagen-weather-in-november,weather-month,copenhagen,november,no,0,0,,REVIEW*,"NOT reported in capped export — status unknown, may be missing due to 1,000-row cap"
https://www.gotript.com/copenhagen-weather-in-october,weather-month,copenhagen,october,no,0,0,,REVIEW*,"NOT reported in capped export — status unknown, may be missing due to 1,000-row cap"
https://www.gotript.com/corfu-weather-in-april,weather-month,corfu,april,no,0,0,,REVIEW*,"NOT reported in capped export — status unknown, may be missing due to 1,000-row cap"
https://www.gotript.com/corfu-weather-in-december,weather-month,corfu,december,no,0,0,,REVIEW*,"NOT reported in capped export — status unknown, may be missing due to 1,000-row cap"
https://www.gotript.com/corfu-weather-in-february,weather-month,corfu,february,no,0,0,,REVIEW*,"NOT reported in capped export — status unknown, may be missing due to 1,000-row cap"
https://www.gotript.com/corfu-weather-in-january,weather-month,corfu,january,no,0,0,,REVIEW*,"NOT reported in capped export — status unknown, may be missing due to 1,000-row cap"
https://www.gotript.com/corfu-weather-in-july,weather-month,corfu,july,no,0,0,,REVIEW*,"NOT reported in capped export — status unknown, may be missing due to 1,000-row cap"
https://www.gotript.com/corfu-weather-in-march,weather-month,corfu,march,no,0,0,,REVIEW*,"NOT reported in capped export — status unknown, may be missing due to 1,000-row cap"
https://www.gotript.com/corfu-weather-in-may,weather-month,corfu,may,no,0,0,,REVIEW*,"NOT reported in capped export — status unknown, may be missing due to 1,000-row cap"
https://www.gotript.com/corfu-weather-in-november,weather-month,corfu,november,no,0,0,,REVIEW*,"NOT reported in capped export — status unknown, may be missing due to 1,000-row cap"
https://www.gotript.com/corfu-weather-in-october,weather-month,corfu,october,no,0,0,,REVIEW*,"NOT reported in capped export — status unknown, may be missing due to 1,000-row cap"
https://www.gotript.com/crete-weather-in-august,weather-month,crete,august,no,0,0,,REVIEW*,"NOT reported in capped export — status unknown, may be missing due to 1,000-row cap"
https://www.gotript.com/crete-weather-in-december,weather-month,crete,december,no,0,0,,REVIEW*,"NOT reported in capped export — status unknown, may be missing due to 1,000-row cap"
https://www.gotript.com/crete-weather-in-february,weather-month,crete,february,no,0,0,,REVIEW*,"NOT reported in capped export — status unknown, may be missing due to 1,000-row cap"
https://www.gotript.com/crete-weather-in-june,weather-month,crete,june,no,0,0,,REVIEW*,"NOT reported in capped export — status unknown, may be missing due to 1,000-row cap"
https://www.gotript.com/crete-weather-in-march,weather-month,crete,march,no,0,0,,REVIEW*,"NOT reported in capped export — status unknown, may be missing due to 1,000-row cap"
https://www.gotript.com/crete-weather-in-may,weather-month,crete,may,no,0,0,,REVIEW*,"NOT reported in capped export — status unknown, may be missing due to 1,000-row cap"
https://www.gotript.com/crete-weather-in-october,weather-month,crete,october,no,0,0,,REVIEW*,"NOT reported in capped export — status unknown, may be missing due to 1,000-row cap"
https://www.gotript.com/cusco-weather-in-april,weather-month,cusco,april,no,0,0,,REVIEW*,"NOT reported in capped export — status unknown, may be missing due to 1,000-row cap"
https://www.gotript.com/cusco-weather-in-december,weather-month,cusco,december,no,0,0,,REVIEW*,"NOT reported in capped export — status unknown, may be missing due to 1,000-row cap"
https://www.gotript.com/cusco-weather-in-february,weather-month,cusco,february,no,0,0,,REVIEW*,"NOT reported in capped export — status unknown, may be missing due to 1,000-row cap"
https://www.gotript.com/cusco-weather-in-january,weather-month,cusco,january,no,0,0,,REVIEW*,"NOT reported in capped export — status unknown, may be missing due to 1,000-row cap"
https://www.gotript.com/cusco-weather-in-july,weather-month,cusco,july,no,0,0,,REVIEW*,"NOT reported in capped export — status unknown, may be missing due to 1,000-row cap"
https://www.gotript.com/cusco-weather-in-june,weather-month,cusco,june,no,0,0,,REVIEW*,"NOT reported in capped export — status unknown, may be missing due to 1,000-row cap"
https://www.gotript.com/cusco-weather-in-march,weather-month,cusco,march,no,0,0,,REVIEW*,"NOT reported in capped export — status unknown, may be missing due to 1,000-row cap"
https://www.gotript.com/cusco-weather-in-may,weather-month,cusco,may,no,0,0,,REVIEW*,"NOT reported in capped export — status unknown, may be missing due to 1,000-row cap"
https://www.gotript.com/cusco-weather-in-november,weather-month,cusco,november,no,0,0,,REVIEW*,"NOT reported in capped export — status unknown, may be missing due to 1,000-row cap"
https://www.gotript.com/cusco-weather-in-october,weather-month,cusco,october,no,0,0,,REVIEW*,"NOT reported in capped export — status unknown, may be missing due to 1,000-row cap"
https://www.gotript.com/cusco-weather-in-september,weather-month,cusco,september,no,0,0,,REVIEW*,"NOT reported in capped export — status unknown, may be missing due to 1,000-row cap"
https://www.gotript.com/da-nang-weather-in-april,weather-month,da-nang,april,no,0,0,,REVIEW*,"NOT reported in capped export — status unknown, may be missing due to 1,000-row cap"
https://www.gotript.com/da-nang-weather-in-august,weather-month,da-nang,august,no,0,0,,REVIEW*,"NOT reported in capped export — status unknown, may be missing due to 1,000-row cap"
https://www.gotript.com/da-nang-weather-in-december,weather-month,da-nang,december,no,0,0,,REVIEW*,"NOT reported in capped export — status unknown, may be missing due to 1,000-row cap"
https://www.gotript.com/da-nang-weather-in-february,weather-month,da-nang,february,no,0,0,,REVIEW*,"NOT reported in capped export — status unknown, may be missing due to 1,000-row cap"
https://www.gotript.com/da-nang-weather-in-january,weather-month,da-nang,january,no,0,0,,REVIEW*,"NOT reported in capped export — status unknown, may be missing due to 1,000-row cap"
https://www.gotript.com/da-nang-weather-in-july,weather-month,da-nang,july,no,0,0,,REVIEW*,"NOT reported in capped export — status unknown, may be missing due to 1,000-row cap"
https://www.gotript.com/da-nang-weather-in-june,weather-month,da-nang,june,no,0,0,,REVIEW*,"NOT reported in capped export — status unknown, may be missing due to 1,000-row cap"
https://www.gotript.com/da-nang-weather-in-march,weather-month,da-nang,march,no,0,0,,REVIEW*,"NOT reported in capped export — status unknown, may be missing due to 1,000-row cap"
https://www.gotript.com/da-nang-weather-in-may,weather-month,da-nang,may,no,0,0,,REVIEW*,"NOT reported in capped export — status unknown, may be missing due to 1,000-row cap"
https://www.gotript.com/da-nang-weather-in-november,weather-month,da-nang,november,no,0,0,,REVIEW*,"NOT reported in capped export — status unknown, may be missing due to 1,000-row cap"
https://www.gotript.com/da-nang-weather-in-october,weather-month,da-nang,october,no,0,0,,REVIEW*,"NOT reported in capped export — status unknown, may be missing due to 1,000-row cap"
https://www.gotript.com/da-nang-weather-in-september,weather-month,da-nang,september,no,0,0,,REVIEW*,"NOT reported in capped export — status unknown, may be missing due to 1,000-row cap"
https://www.gotript.com/delhi-weather-in-april,weather-month,delhi,april,no,0,0,,REVIEW*,"NOT reported in capped export — status unknown, may be missing due to 1,000-row cap"
https://www.gotript.com/delhi-weather-in-august,weather-month,delhi,august,no,0,0,,REVIEW*,"NOT reported in capped export — status unknown, may be missing due to 1,000-row cap"
https://www.gotript.com/delhi-weather-in-december,weather-month,delhi,december,no,0,0,,REVIEW*,"NOT reported in capped export — status unknown, may be missing due to 1,000-row cap"
https://www.gotript.com/delhi-weather-in-february,weather-month,delhi,february,no,0,0,,REVIEW*,"NOT reported in capped export — status unknown, may be missing due to 1,000-row cap"
https://www.gotript.com/delhi-weather-in-january,weather-month,delhi,january,no,0,0,,REVIEW*,"NOT reported in capped export — status unknown, may be missing due to 1,000-row cap"
https://www.gotript.com/delhi-weather-in-july,weather-month,delhi,july,no,0,0,,REVIEW*,"NOT reported in capped export — status unknown, may be missing due to 1,000-row cap"
https://www.gotript.com/delhi-weather-in-march,weather-month,delhi,march,no,0,0,,REVIEW*,"NOT reported in capped export — status unknown, may be missing due to 1,000-row cap"
https://www.gotript.com/delhi-weather-in-may,weather-month,delhi,may,no,0,0,,REVIEW*,"NOT reported in capped export — status unknown, may be missing due to 1,000-row cap"
https://www.gotript.com/delhi-weather-in-november,weather-month,delhi,november,no,0,0,,REVIEW*,"NOT reported in capped export — status unknown, may be missing due to 1,000-row cap"
https://www.gotript.com/delhi-weather-in-october,weather-month,delhi,october,no,0,0,,REVIEW*,"NOT reported in capped export — status unknown, may be missing due to 1,000-row cap"
https://www.gotript.com/delhi-weather-in-september,weather-month,delhi,september,no,0,0,,REVIEW*,"NOT reported in capped export — status unknown, may be missing due to 1,000-row cap"
https://www.gotript.com/denver-weather-in-april,weather-month,denver,april,no,0,0,,REVIEW*,"NOT reported in capped export — status unknown, may be missing due to 1,000-row cap"
https://www.gotript.com/denver-weather-in-august,weather-month,denver,august,no,0,0,,REVIEW*,"NOT reported in capped export — status unknown, may be missing due to 1,000-row cap"
https://www.gotript.com/denver-weather-in-december,weather-month,denver,december,no,0,0,,REVIEW*,"NOT reported in capped export — status unknown, may be missing due to 1,000-row cap"
https://www.gotript.com/denver-weather-in-february,weather-month,denver,february,no,0,0,,REVIEW*,"NOT reported in capped export — status unknown, may be missing due to 1,000-row cap"
https://www.gotript.com/denver-weather-in-january,weather-month,denver,january,no,0,0,,REVIEW*,"NOT reported in capped export — status unknown, may be missing due to 1,000-row cap"
https://www.gotript.com/denver-weather-in-july,weather-month,denver,july,no,0,0,,REVIEW*,"NOT reported in capped export — status unknown, may be missing due to 1,000-row cap"
https://www.gotript.com/denver-weather-in-june,weather-month,denver,june,no,0,0,,REVIEW*,"NOT reported in capped export — status unknown, may be missing due to 1,000-row cap"
https://www.gotript.com/denver-weather-in-march,weather-month,denver,march,no,0,0,,REVIEW*,"NOT reported in capped export — status unknown, may be missing due to 1,000-row cap"
https://www.gotript.com/denver-weather-in-may,weather-month,denver,may,no,0,0,,REVIEW*,"NOT reported in capped export — status unknown, may be missing due to 1,000-row cap"
https://www.gotript.com/denver-weather-in-november,weather-month,denver,november,no,0,0,,REVIEW*,"NOT reported in capped export — status unknown, may be missing due to 1,000-row cap"
https://www.gotript.com/denver-weather-in-october,weather-month,denver,october,no,0,0,,REVIEW*,"NOT reported in capped export — status unknown, may be missing due to 1,000-row cap"
https://www.gotript.com/denver-weather-in-september,weather-month,denver,september,no,0,0,,REVIEW*,"NOT reported in capped export — status unknown, may be missing due to 1,000-row cap"
https://www.gotript.com/doha-weather-in-april,weather-month,doha,april,no,0,0,,REVIEW*,"NOT reported in capped export — status unknown, may be missing due to 1,000-row cap"
https://www.gotript.com/doha-weather-in-august,weather-month,doha,august,no,0,0,,REVIEW*,"NOT reported in capped export — status unknown, may be missing due to 1,000-row cap"
https://www.gotript.com/doha-weather-in-december,weather-month,doha,december,no,0,0,,REVIEW*,"NOT reported in capped export — status unknown, may be missing due to 1,000-row cap"
https://www.gotript.com/doha-weather-in-february,weather-month,doha,february,no,0,0,,REVIEW*,"NOT reported in capped export — status unknown, may be missing due to 1,000-row cap"
https://www.gotript.com/doha-weather-in-january,weather-month,doha,january,no,0,0,,REVIEW*,"NOT reported in capped export — status unknown, may be missing due to 1,000-row cap"
https://www.gotript.com/doha-weather-in-july,weather-month,doha,july,no,0,0,,REVIEW*,"NOT reported in capped export — status unknown, may be missing due to 1,000-row cap"
https://www.gotript.com/doha-weather-in-june,weather-month,doha,june,no,0,0,,REVIEW*,"NOT reported in capped export — status unknown, may be missing due to 1,000-row cap"
https://www.gotript.com/doha-weather-in-march,weather-month,doha,march,no,0,0,,REVIEW*,"NOT reported in capped export — status unknown, may be missing due to 1,000-row cap"
https://www.gotript.com/doha-weather-in-may,weather-month,doha,may,no,0,0,,REVIEW*,"NOT reported in capped export — status unknown, may be missing due to 1,000-row cap"
https://www.gotript.com/doha-weather-in-november,weather-month,doha,november,no,0,0,,REVIEW*,"NOT reported in capped export — status unknown, may be missing due to 1,000-row cap"
https://www.gotript.com/doha-weather-in-october,weather-month,doha,october,no,0,0,,REVIEW*,"NOT reported in capped export — status unknown, may be missing due to 1,000-row cap"
https://www.gotript.com/doha-weather-in-september,weather-month,doha,september,no,0,0,,REVIEW*,"NOT reported in capped export — status unknown, may be missing due to 1,000-row cap"
https://www.gotript.com/dubai-weather-in-august,weather-month,dubai,august,no,0,0,,REVIEW*,"NOT reported in capped export — status unknown, may be missing due to 1,000-row cap"
https://www.gotript.com/dubai-weather-in-december,weather-month,dubai,december,no,0,0,,REVIEW*,"NOT reported in capped export — status unknown, may be missing due to 1,000-row cap"
https://www.gotript.com/dubai-weather-in-february,weather-month,dubai,february,no,0,0,,REVIEW*,"NOT reported in capped export — status unknown, may be missing due to 1,000-row cap"
https://www.gotript.com/dubai-weather-in-january,weather-month,dubai,january,no,0,0,,REVIEW*,"NOT reported in capped export — status unknown, may be missing due to 1,000-row cap"
https://www.gotript.com/dubai-weather-in-july,weather-month,dubai,july,no,0,0,,REVIEW*,"NOT reported in capped export — status unknown, may be missing due to 1,000-row cap"
https://www.gotript.com/dubai-weather-in-june,weather-month,dubai,june,no,0,0,,REVIEW*,"NOT reported in capped export — status unknown, may be missing due to 1,000-row cap"
https://www.gotript.com/dubai-weather-in-march,weather-month,dubai,march,no,0,0,,REVIEW*,"NOT reported in capped export — status unknown, may be missing due to 1,000-row cap"
https://www.gotript.com/dubai-weather-in-may,weather-month,dubai,may,no,0,0,,REVIEW*,"NOT reported in capped export — status unknown, may be missing due to 1,000-row cap"
https://www.gotript.com/dubai-weather-in-november,weather-month,dubai,november,no,0,0,,REVIEW*,"NOT reported in capped export — status unknown, may be missing due to 1,000-row cap"
https://www.gotript.com/dubai-weather-in-october,weather-month,dubai,october,no,0,0,,REVIEW*,"NOT reported in capped export — status unknown, may be missing due to 1,000-row cap"
https://www.gotript.com/dubai-weather-in-september,weather-month,dubai,september,no,0,0,,REVIEW*,"NOT reported in capped export — status unknown, may be missing due to 1,000-row cap"
https://www.gotript.com/dublin-weather-in-april,weather-month,dublin,april,no,0,0,,REVIEW*,"NOT reported in capped export — status unknown, may be missing due to 1,000-row cap"
https://www.gotript.com/dublin-weather-in-february,weather-month,dublin,february,no,0,0,,REVIEW*,"NOT reported in capped export — status unknown, may be missing due to 1,000-row cap"
https://www.gotript.com/dublin-weather-in-july,weather-month,dublin,july,no,0,0,,REVIEW*,"NOT reported in capped export — status unknown, may be missing due to 1,000-row cap"
https://www.gotript.com/dublin-weather-in-june,weather-month,dublin,june,no,0,0,,REVIEW*,"NOT reported in capped export — status unknown, may be missing due to 1,000-row cap"
https://www.gotript.com/dublin-weather-in-may,weather-month,dublin,may,no,0,0,,REVIEW*,"NOT reported in capped export — status unknown, may be missing due to 1,000-row cap"
https://www.gotript.com/dublin-weather-in-september,weather-month,dublin,september,no,0,0,,REVIEW*,"NOT reported in capped export — status unknown, may be missing due to 1,000-row cap"
https://www.gotript.com/dubrovnik-weather-in-april,weather-month,dubrovnik,april,no,0,0,,REVIEW*,"NOT reported in capped export — status unknown, may be missing due to 1,000-row cap"
https://www.gotript.com/dubrovnik-weather-in-august,weather-month,dubrovnik,august,no,0,0,,REVIEW*,"NOT reported in capped export — status unknown, may be missing due to 1,000-row cap"
https://www.gotript.com/dubrovnik-weather-in-december,weather-month,dubrovnik,december,no,0,0,,REVIEW*,"NOT reported in capped export — status unknown, may be missing due to 1,000-row cap"
https://www.gotript.com/dubrovnik-weather-in-february,weather-month,dubrovnik,february,no,0,0,,REVIEW*,"NOT reported in capped export — status unknown, may be missing due to 1,000-row cap"
https://www.gotript.com/dubrovnik-weather-in-january,weather-month,dubrovnik,january,no,0,0,,REVIEW*,"NOT reported in capped export — status unknown, may be missing due to 1,000-row cap"
https://www.gotript.com/dubrovnik-weather-in-june,weather-month,dubrovnik,june,no,0,0,,REVIEW*,"NOT reported in capped export — status unknown, may be missing due to 1,000-row cap"
https://www.gotript.com/dubrovnik-weather-in-march,weather-month,dubrovnik,march,no,0,0,,REVIEW*,"NOT reported in capped export — status unknown, may be missing due to 1,000-row cap"
https://www.gotript.com/dubrovnik-weather-in-may,weather-month,dubrovnik,may,no,0,0,,REVIEW*,"NOT reported in capped export — status unknown, may be missing due to 1,000-row cap"
https://www.gotript.com/dubrovnik-weather-in-november,weather-month,dubrovnik,november,no,0,0,,REVIEW*,"NOT reported in capped export — status unknown, may be missing due to 1,000-row cap"
https://www.gotript.com/dubrovnik-weather-in-october,weather-month,dubrovnik,october,no,0,0,,REVIEW*,"NOT reported in capped export — status unknown, may be missing due to 1,000-row cap"
https://www.gotript.com/dubrovnik-weather-in-september,weather-month,dubrovnik,september,no,0,0,,REVIEW*,"NOT reported in capped export — status unknown, may be missing due to 1,000-row cap"
https://www.gotript.com/edinburgh-weather-in-april,weather-month,edinburgh,april,no,0,0,,REVIEW*,"NOT reported in capped export — status unknown, may be missing due to 1,000-row cap"
https://www.gotript.com/edinburgh-weather-in-august,weather-month,edinburgh,august,no,0,0,,REVIEW*,"NOT reported in capped export — status unknown, may be missing due to 1,000-row cap"
https://www.gotript.com/edinburgh-weather-in-december,weather-month,edinburgh,december,no,0,0,,REVIEW*,"NOT reported in capped export — status unknown, may be missing due to 1,000-row cap"
https://www.gotript.com/edinburgh-weather-in-february,weather-month,edinburgh,february,no,0,0,,REVIEW*,"NOT reported in capped export — status unknown, may be missing due to 1,000-row cap"
https://www.gotript.com/edinburgh-weather-in-january,weather-month,edinburgh,january,no,0,0,,REVIEW*,"NOT reported in capped export — status unknown, may be missing due to 1,000-row cap"
https://www.gotript.com/edinburgh-weather-in-july,weather-month,edinburgh,july,no,0,0,,REVIEW*,"NOT reported in capped export — status unknown, may be missing due to 1,000-row cap"
https://www.gotript.com/edinburgh-weather-in-june,weather-month,edinburgh,june,no,0,0,,REVIEW*,"NOT reported in capped export — status unknown, may be missing due to 1,000-row cap"
https://www.gotript.com/edinburgh-weather-in-march,weather-month,edinburgh,march,no,0,0,,REVIEW*,"NOT reported in capped export — status unknown, may be missing due to 1,000-row cap"
https://www.gotript.com/edinburgh-weather-in-may,weather-month,edinburgh,may,no,0,0,,REVIEW*,"NOT reported in capped export — status unknown, may be missing due to 1,000-row cap"
https://www.gotript.com/edinburgh-weather-in-november,weather-month,edinburgh,november,no,0,0,,REVIEW*,"NOT reported in capped export — status unknown, may be missing due to 1,000-row cap"
https://www.gotript.com/edinburgh-weather-in-october,weather-month,edinburgh,october,no,0,0,,REVIEW*,"NOT reported in capped export — status unknown, may be missing due to 1,000-row cap"
https://www.gotript.com/edinburgh-weather-in-september,weather-month,edinburgh,september,no,0,0,,REVIEW*,"NOT reported in capped export — status unknown, may be missing due to 1,000-row cap"
https://www.gotript.com/el-nido-weather-in-april,weather-month,el-nido,april,no,0,0,,REVIEW*,"NOT reported in capped export — status unknown, may be missing due to 1,000-row cap"
https://www.gotript.com/el-nido-weather-in-august,weather-month,el-nido,august,no,0,0,,REVIEW*,"NOT reported in capped export — status unknown, may be missing due to 1,000-row cap"
https://www.gotript.com/el-nido-weather-in-december,weather-month,el-nido,december,no,0,0,,REVIEW*,"NOT reported in capped export — status unknown, may be missing due to 1,000-row cap"
https://www.gotript.com/el-nido-weather-in-february,weather-month,el-nido,february,no,0,0,,REVIEW*,"NOT reported in capped export — status unknown, may be missing due to 1,000-row cap"
https://www.gotript.com/el-nido-weather-in-january,weather-month,el-nido,january,no,0,0,,REVIEW*,"NOT reported in capped export — status unknown, may be missing due to 1,000-row cap"
https://www.gotript.com/el-nido-weather-in-july,weather-month,el-nido,july,no,0,0,,REVIEW*,"NOT reported in capped export — status unknown, may be missing due to 1,000-row cap"
https://www.gotript.com/el-nido-weather-in-june,weather-month,el-nido,june,no,0,0,,REVIEW*,"NOT reported in capped export — status unknown, may be missing due to 1,000-row cap"
https://www.gotript.com/el-nido-weather-in-march,weather-month,el-nido,march,no,0,0,,REVIEW*,"NOT reported in capped export — status unknown, may be missing due to 1,000-row cap"
https://www.gotript.com/el-nido-weather-in-may,weather-month,el-nido,may,no,0,0,,REVIEW*,"NOT reported in capped export — status unknown, may be missing due to 1,000-row cap"
https://www.gotript.com/el-nido-weather-in-november,weather-month,el-nido,november,no,0,0,,REVIEW*,"NOT reported in capped export — status unknown, may be missing due to 1,000-row cap"
https://www.gotript.com/el-nido-weather-in-october,weather-month,el-nido,october,no,0,0,,REVIEW*,"NOT reported in capped export — status unknown, may be missing due to 1,000-row cap"
https://www.gotript.com/el-nido-weather-in-september,weather-month,el-nido,september,no,0,0,,REVIEW*,"NOT reported in capped export — status unknown, may be missing due to 1,000-row cap"
https://www.gotript.com/fes-weather-in-april,weather-month,fes,april,no,0,0,,REVIEW*,"NOT reported in capped export — status unknown, may be missing due to 1,000-row cap"
https://www.gotript.com/fes-weather-in-august,weather-month,fes,august,no,0,0,,REVIEW*,"NOT reported in capped export — status unknown, may be missing due to 1,000-row cap"
https://www.gotript.com/fes-weather-in-december,weather-month,fes,december,no,0,0,,REVIEW*,"NOT reported in capped export — status unknown, may be missing due to 1,000-row cap"
https://www.gotript.com/fes-weather-in-february,weather-month,fes,february,no,0,0,,REVIEW*,"NOT reported in capped export — status unknown, may be missing due to 1,000-row cap"
https://www.gotript.com/fes-weather-in-january,weather-month,fes,january,no,0,0,,REVIEW*,"NOT reported in capped export — status unknown, may be missing due to 1,000-row cap"
https://www.gotript.com/fes-weather-in-july,weather-month,fes,july,no,0,0,,REVIEW*,"NOT reported in capped export — status unknown, may be missing due to 1,000-row cap"
https://www.gotript.com/fes-weather-in-june,weather-month,fes,june,no,0,0,,REVIEW*,"NOT reported in capped export — status unknown, may be missing due to 1,000-row cap"
https://www.gotript.com/fes-weather-in-march,weather-month,fes,march,no,0,0,,REVIEW*,"NOT reported in capped export — status unknown, may be missing due to 1,000-row cap"
https://www.gotript.com/fes-weather-in-may,weather-month,fes,may,no,0,0,,REVIEW*,"NOT reported in capped export — status unknown, may be missing due to 1,000-row cap"
https://www.gotript.com/fes-weather-in-november,weather-month,fes,november,no,0,0,,REVIEW*,"NOT reported in capped export — status unknown, may be missing due to 1,000-row cap"
https://www.gotript.com/fes-weather-in-october,weather-month,fes,october,no,0,0,,REVIEW*,"NOT reported in capped export — status unknown, may be missing due to 1,000-row cap"
https://www.gotript.com/fes-weather-in-september,weather-month,fes,september,no,0,0,,REVIEW*,"NOT reported in capped export — status unknown, may be missing due to 1,000-row cap"
https://www.gotript.com/florence-weather-in-april,weather-month,florence,april,no,0,0,,REVIEW*,"NOT reported in capped export — status unknown, may be missing due to 1,000-row cap"
https://www.gotript.com/florence-weather-in-august,weather-month,florence,august,no,0,0,,REVIEW*,"NOT reported in capped export — status unknown, may be missing due to 1,000-row cap"
https://www.gotript.com/florence-weather-in-december,weather-month,florence,december,no,0,0,,REVIEW*,"NOT reported in capped export — status unknown, may be missing due to 1,000-row cap"
https://www.gotript.com/florence-weather-in-february,weather-month,florence,february,no,0,0,,REVIEW*,"NOT reported in capped export — status unknown, may be missing due to 1,000-row cap"
https://www.gotript.com/florence-weather-in-january,weather-month,florence,january,no,0,0,,REVIEW*,"NOT reported in capped export — status unknown, may be missing due to 1,000-row cap"
https://www.gotript.com/florence-weather-in-july,weather-month,florence,july,no,0,0,,REVIEW*,"NOT reported in capped export — status unknown, may be missing due to 1,000-row cap"
https://www.gotript.com/florence-weather-in-june,weather-month,florence,june,no,0,0,,REVIEW*,"NOT reported in capped export — status unknown, may be missing due to 1,000-row cap"
https://www.gotript.com/florence-weather-in-march,weather-month,florence,march,no,0,0,,REVIEW*,"NOT reported in capped export — status unknown, may be missing due to 1,000-row cap"
https://www.gotript.com/florence-weather-in-may,weather-month,florence,may,no,0,0,,REVIEW*,"NOT reported in capped export — status unknown, may be missing due to 1,000-row cap"
https://www.gotript.com/florence-weather-in-november,weather-month,florence,november,no,0,0,,REVIEW*,"NOT reported in capped export — status unknown, may be missing due to 1,000-row cap"
https://www.gotript.com/florence-weather-in-october,weather-month,florence,october,no,0,0,,REVIEW*,"NOT reported in capped export — status unknown, may be missing due to 1,000-row cap"
https://www.gotript.com/florence-weather-in-september,weather-month,florence,september,no,0,0,,REVIEW*,"NOT reported in capped export — status unknown, may be missing due to 1,000-row cap"
https://www.gotript.com/fukuoka-weather-in-april,weather-month,fukuoka,april,no,0,0,,REVIEW*,"NOT reported in capped export — status unknown, may be missing due to 1,000-row cap"
https://www.gotript.com/fukuoka-weather-in-december,weather-month,fukuoka,december,no,0,0,,REVIEW*,"NOT reported in capped export — status unknown, may be missing due to 1,000-row cap"
https://www.gotript.com/fukuoka-weather-in-february,weather-month,fukuoka,february,no,0,0,,REVIEW*,"NOT reported in capped export — status unknown, may be missing due to 1,000-row cap"
https://www.gotript.com/fukuoka-weather-in-january,weather-month,fukuoka,january,no,0,0,,REVIEW*,"NOT reported in capped export — status unknown, may be missing due to 1,000-row cap"
https://www.gotript.com/fukuoka-weather-in-july,weather-month,fukuoka,july,no,0,0,,REVIEW*,"NOT reported in capped export — status unknown, may be missing due to 1,000-row cap"
https://www.gotript.com/fukuoka-weather-in-june,weather-month,fukuoka,june,no,0,0,,REVIEW*,"NOT reported in capped export — status unknown, may be missing due to 1,000-row cap"
https://www.gotript.com/fukuoka-weather-in-march,weather-month,fukuoka,march,no,0,0,,REVIEW*,"NOT reported in capped export — status unknown, may be missing due to 1,000-row cap"
https://www.gotript.com/fukuoka-weather-in-may,weather-month,fukuoka,may,no,0,0,,REVIEW*,"NOT reported in capped export — status unknown, may be missing due to 1,000-row cap"
https://www.gotript.com/fukuoka-weather-in-november,weather-month,fukuoka,november,no,0,0,,REVIEW*,"NOT reported in capped export — status unknown, may be missing due to 1,000-row cap"
https://www.gotript.com/fukuoka-weather-in-october,weather-month,fukuoka,october,no,0,0,,REVIEW*,"NOT reported in capped export — status unknown, may be missing due to 1,000-row cap"
https://www.gotript.com/fukuoka-weather-in-september,weather-month,fukuoka,september,no,0,0,,REVIEW*,"NOT reported in capped export — status unknown, may be missing due to 1,000-row cap"
https://www.gotript.com/geneva-weather-in-april,weather-month,geneva,april,no,0,0,,REVIEW*,"NOT reported in capped export — status unknown, may be missing due to 1,000-row cap"
https://www.gotript.com/geneva-weather-in-august,weather-month,geneva,august,no,0,0,,REVIEW*,"NOT reported in capped export — status unknown, may be missing due to 1,000-row cap"
https://www.gotript.com/geneva-weather-in-december,weather-month,geneva,december,no,0,0,,REVIEW*,"NOT reported in capped export — status unknown, may be missing due to 1,000-row cap"
https://www.gotript.com/geneva-weather-in-february,weather-month,geneva,february,no,0,0,,REVIEW*,"NOT reported in capped export — status unknown, may be missing due to 1,000-row cap"
https://www.gotript.com/geneva-weather-in-january,weather-month,geneva,january,no,0,0,,REVIEW*,"NOT reported in capped export — status unknown, may be missing due to 1,000-row cap"
https://www.gotript.com/geneva-weather-in-july,weather-month,geneva,july,no,0,0,,REVIEW*,"NOT reported in capped export — status unknown, may be missing due to 1,000-row cap"
https://www.gotript.com/geneva-weather-in-june,weather-month,geneva,june,no,0,0,,REVIEW*,"NOT reported in capped export — status unknown, may be missing due to 1,000-row cap"
https://www.gotript.com/geneva-weather-in-march,weather-month,geneva,march,no,0,0,,REVIEW*,"NOT reported in capped export — status unknown, may be missing due to 1,000-row cap"
https://www.gotript.com/geneva-weather-in-may,weather-month,geneva,may,no,0,0,,REVIEW*,"NOT reported in capped export — status unknown, may be missing due to 1,000-row cap"
https://www.gotript.com/geneva-weather-in-november,weather-month,geneva,november,no,0,0,,REVIEW*,"NOT reported in capped export — status unknown, may be missing due to 1,000-row cap"
https://www.gotript.com/geneva-weather-in-october,weather-month,geneva,october,no,0,0,,REVIEW*,"NOT reported in capped export — status unknown, may be missing due to 1,000-row cap"
https://www.gotript.com/geneva-weather-in-september,weather-month,geneva,september,no,0,0,,REVIEW*,"NOT reported in capped export — status unknown, may be missing due to 1,000-row cap"
https://www.gotript.com/goa-weather-in-april,weather-month,goa,april,no,0,0,,REVIEW*,"NOT reported in capped export — status unknown, may be missing due to 1,000-row cap"
https://www.gotript.com/goa-weather-in-february,weather-month,goa,february,no,0,0,,REVIEW*,"NOT reported in capped export — status unknown, may be missing due to 1,000-row cap"
https://www.gotript.com/goa-weather-in-july,weather-month,goa,july,no,0,0,,REVIEW*,"NOT reported in capped export — status unknown, may be missing due to 1,000-row cap"
https://www.gotript.com/goa-weather-in-june,weather-month,goa,june,no,0,0,,REVIEW*,"NOT reported in capped export — status unknown, may be missing due to 1,000-row cap"
https://www.gotript.com/goa-weather-in-october,weather-month,goa,october,no,0,0,,REVIEW*,"NOT reported in capped export — status unknown, may be missing due to 1,000-row cap"
https://www.gotript.com/goa-weather-in-september,weather-month,goa,september,no,0,0,,REVIEW*,"NOT reported in capped export — status unknown, may be missing due to 1,000-row cap"
https://www.gotript.com/gold-coast-weather-in-april,weather-month,gold-coast,april,no,0,0,,REVIEW*,"NOT reported in capped export — status unknown, may be missing due to 1,000-row cap"
https://www.gotript.com/gold-coast-weather-in-december,weather-month,gold-coast,december,no,0,0,,REVIEW*,"NOT reported in capped export — status unknown, may be missing due to 1,000-row cap"
https://www.gotript.com/gold-coast-weather-in-february,weather-month,gold-coast,february,no,0,0,,REVIEW*,"NOT reported in capped export — status unknown, may be missing due to 1,000-row cap"
https://www.gotript.com/gold-coast-weather-in-january,weather-month,gold-coast,january,no,0,0,,REVIEW*,"NOT reported in capped export — status unknown, may be missing due to 1,000-row cap"
https://www.gotript.com/gold-coast-weather-in-july,weather-month,gold-coast,july,no,0,0,,REVIEW*,"NOT reported in capped export — status unknown, may be missing due to 1,000-row cap"
https://www.gotript.com/gold-coast-weather-in-june,weather-month,gold-coast,june,no,0,0,,REVIEW*,"NOT reported in capped export — status unknown, may be missing due to 1,000-row cap"
https://www.gotript.com/gold-coast-weather-in-march,weather-month,gold-coast,march,no,0,0,,REVIEW*,"NOT reported in capped export — status unknown, may be missing due to 1,000-row cap"
https://www.gotript.com/gold-coast-weather-in-may,weather-month,gold-coast,may,no,0,0,,REVIEW*,"NOT reported in capped export — status unknown, may be missing due to 1,000-row cap"
https://www.gotript.com/gold-coast-weather-in-november,weather-month,gold-coast,november,no,0,0,,REVIEW*,"NOT reported in capped export — status unknown, may be missing due to 1,000-row cap"
https://www.gotript.com/gold-coast-weather-in-october,weather-month,gold-coast,october,no,0,0,,REVIEW*,"NOT reported in capped export — status unknown, may be missing due to 1,000-row cap"
https://www.gotript.com/gold-coast-weather-in-september,weather-month,gold-coast,september,no,0,0,,REVIEW*,"NOT reported in capped export — status unknown, may be missing due to 1,000-row cap"
https://www.gotript.com/granada-weather-in-april,weather-month,granada,april,no,0,0,,REVIEW*,"NOT reported in capped export — status unknown, may be missing due to 1,000-row cap"
https://www.gotript.com/granada-weather-in-august,weather-month,granada,august,no,0,0,,REVIEW*,"NOT reported in capped export — status unknown, may be missing due to 1,000-row cap"
https://www.gotript.com/granada-weather-in-december,weather-month,granada,december,no,0,0,,REVIEW*,"NOT reported in capped export — status unknown, may be missing due to 1,000-row cap"
https://www.gotript.com/granada-weather-in-february,weather-month,granada,february,no,0,0,,REVIEW*,"NOT reported in capped export — status unknown, may be missing due to 1,000-row cap"
https://www.gotript.com/granada-weather-in-january,weather-month,granada,january,no,0,0,,REVIEW*,"NOT reported in capped export — status unknown, may be missing due to 1,000-row cap"
https://www.gotript.com/granada-weather-in-july,weather-month,granada,july,no,0,0,,REVIEW*,"NOT reported in capped export — status unknown, may be missing due to 1,000-row cap"
https://www.gotript.com/granada-weather-in-june,weather-month,granada,june,no,0,0,,REVIEW*,"NOT reported in capped export — status unknown, may be missing due to 1,000-row cap"
https://www.gotript.com/granada-weather-in-march,weather-month,granada,march,no,0,0,,REVIEW*,"NOT reported in capped export — status unknown, may be missing due to 1,000-row cap"
https://www.gotript.com/granada-weather-in-may,weather-month,granada,may,no,0,0,,REVIEW*,"NOT reported in capped export — status unknown, may be missing due to 1,000-row cap"
https://www.gotript.com/granada-weather-in-november,weather-month,granada,november,no,0,0,,REVIEW*,"NOT reported in capped export — status unknown, may be missing due to 1,000-row cap"
https://www.gotript.com/granada-weather-in-october,weather-month,granada,october,no,0,0,,REVIEW*,"NOT reported in capped export — status unknown, may be missing due to 1,000-row cap"
https://www.gotript.com/grindelwald-weather-in-april,weather-month,grindelwald,april,no,0,0,,REVIEW*,"NOT reported in capped export — status unknown, may be missing due to 1,000-row cap"
https://www.gotript.com/grindelwald-weather-in-august,weather-month,grindelwald,august,no,0,0,,REVIEW*,"NOT reported in capped export — status unknown, may be missing due to 1,000-row cap"
https://www.gotript.com/grindelwald-weather-in-december,weather-month,grindelwald,december,no,0,0,,REVIEW*,"NOT reported in capped export — status unknown, may be missing due to 1,000-row cap"
https://www.gotript.com/grindelwald-weather-in-february,weather-month,grindelwald,february,no,0,0,,REVIEW*,"NOT reported in capped export — status unknown, may be missing due to 1,000-row cap"
https://www.gotript.com/grindelwald-weather-in-january,weather-month,grindelwald,january,no,0,0,,REVIEW*,"NOT reported in capped export — status unknown, may be missing due to 1,000-row cap"
https://www.gotript.com/grindelwald-weather-in-july,weather-month,grindelwald,july,no,0,0,,REVIEW*,"NOT reported in capped export — status unknown, may be missing due to 1,000-row cap"
https://www.gotript.com/grindelwald-weather-in-june,weather-month,grindelwald,june,no,0,0,,REVIEW*,"NOT reported in capped export — status unknown, may be missing due to 1,000-row cap"
https://www.gotript.com/grindelwald-weather-in-march,weather-month,grindelwald,march,no,0,0,,REVIEW*,"NOT reported in capped export — status unknown, may be missing due to 1,000-row cap"
https://www.gotript.com/grindelwald-weather-in-may,weather-month,grindelwald,may,no,0,0,,REVIEW*,"NOT reported in capped export — status unknown, may be missing due to 1,000-row cap"
https://www.gotript.com/grindelwald-weather-in-november,weather-month,grindelwald,november,no,0,0,,REVIEW*,"NOT reported in capped export — status unknown, may be missing due to 1,000-row cap"
https://www.gotript.com/grindelwald-weather-in-october,weather-month,grindelwald,october,no,0,0,,REVIEW*,"NOT reported in capped export — status unknown, may be missing due to 1,000-row cap"
https://www.gotript.com/grindelwald-weather-in-september,weather-month,grindelwald,september,no,0,0,,REVIEW*,"NOT reported in capped export — status unknown, may be missing due to 1,000-row cap"
https://www.gotript.com/hakone-weather-in-april,weather-month,hakone,april,no,0,0,,REVIEW*,"NOT reported in capped export — status unknown, may be missing due to 1,000-row cap"
https://www.gotript.com/hakone-weather-in-august,weather-month,hakone,august,no,0,0,,REVIEW*,"NOT reported in capped export — status unknown, may be missing due to 1,000-row cap"
https://www.gotript.com/hakone-weather-in-december,weather-month,hakone,december,no,0,0,,REVIEW*,"NOT reported in capped export — status unknown, may be missing due to 1,000-row cap"
https://www.gotript.com/hakone-weather-in-february,weather-month,hakone,february,no,0,0,,REVIEW*,"NOT reported in capped export — status unknown, may be missing due to 1,000-row cap"
https://www.gotript.com/hakone-weather-in-january,weather-month,hakone,january,no,0,0,,REVIEW*,"NOT reported in capped export — status unknown, may be missing due to 1,000-row cap"
https://www.gotript.com/hakone-weather-in-july,weather-month,hakone,july,no,0,0,,REVIEW*,"NOT reported in capped export — status unknown, may be missing due to 1,000-row cap"
https://www.gotript.com/hakone-weather-in-june,weather-month,hakone,june,no,0,0,,REVIEW*,"NOT reported in capped export — status unknown, may be missing due to 1,000-row cap"
https://www.gotript.com/hakone-weather-in-march,weather-month,hakone,march,no,0,0,,REVIEW*,"NOT reported in capped export — status unknown, may be missing due to 1,000-row cap"
https://www.gotript.com/hakone-weather-in-may,weather-month,hakone,may,no,0,0,,REVIEW*,"NOT reported in capped export — status unknown, may be missing due to 1,000-row cap"
https://www.gotript.com/hakone-weather-in-november,weather-month,hakone,november,no,0,0,,REVIEW*,"NOT reported in capped export — status unknown, may be missing due to 1,000-row cap"
https://www.gotript.com/hakone-weather-in-october,weather-month,hakone,october,no,0,0,,REVIEW*,"NOT reported in capped export — status unknown, may be missing due to 1,000-row cap"
https://www.gotript.com/hakone-weather-in-september,weather-month,hakone,september,no,0,0,,REVIEW*,"NOT reported in capped export — status unknown, may be missing due to 1,000-row cap"
https://www.gotript.com/hallstatt-weather-in-april,weather-month,hallstatt,april,no,0,0,,REVIEW*,"NOT reported in capped export — status unknown, may be missing due to 1,000-row cap"
https://www.gotript.com/hallstatt-weather-in-december,weather-month,hallstatt,december,no,0,0,,REVIEW*,"NOT reported in capped export — status unknown, may be missing due to 1,000-row cap"
https://www.gotript.com/hallstatt-weather-in-february,weather-month,hallstatt,february,no,0,0,,REVIEW*,"NOT reported in capped export — status unknown, may be missing due to 1,000-row cap"
https://www.gotript.com/hallstatt-weather-in-january,weather-month,hallstatt,january,no,0,0,,REVIEW*,"NOT reported in capped export — status unknown, may be missing due to 1,000-row cap"
https://www.gotript.com/hallstatt-weather-in-june,weather-month,hallstatt,june,no,0,0,,REVIEW*,"NOT reported in capped export — status unknown, may be missing due to 1,000-row cap"
https://www.gotript.com/hallstatt-weather-in-march,weather-month,hallstatt,march,no,0,0,,REVIEW*,"NOT reported in capped export — status unknown, may be missing due to 1,000-row cap"
https://www.gotript.com/hallstatt-weather-in-may,weather-month,hallstatt,may,no,0,0,,REVIEW*,"NOT reported in capped export — status unknown, may be missing due to 1,000-row cap"
https://www.gotript.com/hallstatt-weather-in-november,weather-month,hallstatt,november,no,0,0,,REVIEW*,"NOT reported in capped export — status unknown, may be missing due to 1,000-row cap"
https://www.gotript.com/hallstatt-weather-in-october,weather-month,hallstatt,october,no,0,0,,REVIEW*,"NOT reported in capped export — status unknown, may be missing due to 1,000-row cap"
https://www.gotript.com/hallstatt-weather-in-september,weather-month,hallstatt,september,no,0,0,,REVIEW*,"NOT reported in capped export — status unknown, may be missing due to 1,000-row cap"
https://www.gotript.com/hamburg-weather-in-april,weather-month,hamburg,april,no,0,0,,REVIEW*,"NOT reported in capped export — status unknown, may be missing due to 1,000-row cap"
https://www.gotript.com/hamburg-weather-in-august,weather-month,hamburg,august,no,0,0,,REVIEW*,"NOT reported in capped export — status unknown, may be missing due to 1,000-row cap"
https://www.gotript.com/hamburg-weather-in-december,weather-month,hamburg,december,no,0,0,,REVIEW*,"NOT reported in capped export — status unknown, may be missing due to 1,000-row cap"
https://www.gotript.com/hamburg-weather-in-february,weather-month,hamburg,february,no,0,0,,REVIEW*,"NOT reported in capped export — status unknown, may be missing due to 1,000-row cap"
https://www.gotript.com/hamburg-weather-in-january,weather-month,hamburg,january,no,0,0,,REVIEW*,"NOT reported in capped export — status unknown, may be missing due to 1,000-row cap"
https://www.gotript.com/hamburg-weather-in-july,weather-month,hamburg,july,no,0,0,,REVIEW*,"NOT reported in capped export — status unknown, may be missing due to 1,000-row cap"
https://www.gotript.com/hamburg-weather-in-june,weather-month,hamburg,june,no,0,0,,REVIEW*,"NOT reported in capped export — status unknown, may be missing due to 1,000-row cap"
https://www.gotript.com/hamburg-weather-in-may,weather-month,hamburg,may,no,0,0,,REVIEW*,"NOT reported in capped export — status unknown, may be missing due to 1,000-row cap"
https://www.gotript.com/hamburg-weather-in-november,weather-month,hamburg,november,no,0,0,,REVIEW*,"NOT reported in capped export — status unknown, may be missing due to 1,000-row cap"
https://www.gotript.com/hamburg-weather-in-october,weather-month,hamburg,october,no,0,0,,REVIEW*,"NOT reported in capped export — status unknown, may be missing due to 1,000-row cap"
https://www.gotript.com/hamburg-weather-in-september,weather-month,hamburg,september,no,0,0,,REVIEW*,"NOT reported in capped export — status unknown, may be missing due to 1,000-row cap"
https://www.gotript.com/hanoi-weather-in-april,weather-month,hanoi,april,no,0,0,,REVIEW*,"NOT reported in capped export — status unknown, may be missing due to 1,000-row cap"
https://www.gotript.com/hanoi-weather-in-august,weather-month,hanoi,august,no,0,0,,REVIEW*,"NOT reported in capped export — status unknown, may be missing due to 1,000-row cap"
https://www.gotript.com/hanoi-weather-in-december,weather-month,hanoi,december,no,0,0,,REVIEW*,"NOT reported in capped export — status unknown, may be missing due to 1,000-row cap"
https://www.gotript.com/hanoi-weather-in-february,weather-month,hanoi,february,no,0,0,,REVIEW*,"NOT reported in capped export — status unknown, may be missing due to 1,000-row cap"
https://www.gotript.com/hanoi-weather-in-january,weather-month,hanoi,january,no,0,0,,REVIEW*,"NOT reported in capped export — status unknown, may be missing due to 1,000-row cap"
https://www.gotript.com/hanoi-weather-in-july,weather-month,hanoi,july,no,0,0,,REVIEW*,"NOT reported in capped export — status unknown, may be missing due to 1,000-row cap"
https://www.gotript.com/hanoi-weather-in-june,weather-month,hanoi,june,no,0,0,,REVIEW*,"NOT reported in capped export — status unknown, may be missing due to 1,000-row cap"
https://www.gotript.com/hanoi-weather-in-march,weather-month,hanoi,march,no,0,0,,REVIEW*,"NOT reported in capped export — status unknown, may be missing due to 1,000-row cap"
https://www.gotript.com/hanoi-weather-in-may,weather-month,hanoi,may,no,0,0,,REVIEW*,"NOT reported in capped export — status unknown, may be missing due to 1,000-row cap"
https://www.gotript.com/hanoi-weather-in-november,weather-month,hanoi,november,no,0,0,,REVIEW*,"NOT reported in capped export — status unknown, may be missing due to 1,000-row cap"
https://www.gotript.com/hanoi-weather-in-october,weather-month,hanoi,october,no,0,0,,REVIEW*,"NOT reported in capped export — status unknown, may be missing due to 1,000-row cap"
https://www.gotript.com/hanoi-weather-in-september,weather-month,hanoi,september,no,0,0,,REVIEW*,"NOT reported in capped export — status unknown, may be missing due to 1,000-row cap"
https://www.gotript.com/havana-weather-in-april,weather-month,havana,april,no,0,0,,REVIEW*,"NOT reported in capped export — status unknown, may be missing due to 1,000-row cap"
https://www.gotript.com/havana-weather-in-august,weather-month,havana,august,no,0,0,,REVIEW*,"NOT reported in capped export — status unknown, may be missing due to 1,000-row cap"
https://www.gotript.com/havana-weather-in-december,weather-month,havana,december,no,0,0,,REVIEW*,"NOT reported in capped export — status unknown, may be missing due to 1,000-row cap"
https://www.gotript.com/havana-weather-in-february,weather-month,havana,february,no,0,0,,REVIEW*,"NOT reported in capped export — status unknown, may be missing due to 1,000-row cap"
https://www.gotript.com/havana-weather-in-january,weather-month,havana,january,no,0,0,,REVIEW*,"NOT reported in capped export — status unknown, may be missing due to 1,000-row cap"
https://www.gotript.com/havana-weather-in-july,weather-month,havana,july,no,0,0,,REVIEW*,"NOT reported in capped export — status unknown, may be missing due to 1,000-row cap"
https://www.gotript.com/havana-weather-in-june,weather-month,havana,june,no,0,0,,REVIEW*,"NOT reported in capped export — status unknown, may be missing due to 1,000-row cap"
https://www.gotript.com/havana-weather-in-march,weather-month,havana,march,no,0,0,,REVIEW*,"NOT reported in capped export — status unknown, may be missing due to 1,000-row cap"
https://www.gotript.com/havana-weather-in-may,weather-month,havana,may,no,0,0,,REVIEW*,"NOT reported in capped export — status unknown, may be missing due to 1,000-row cap"
https://www.gotript.com/havana-weather-in-november,weather-month,havana,november,no,0,0,,REVIEW*,"NOT reported in capped export — status unknown, may be missing due to 1,000-row cap"
https://www.gotript.com/havana-weather-in-october,weather-month,havana,october,no,0,0,,REVIEW*,"NOT reported in capped export — status unknown, may be missing due to 1,000-row cap"
https://www.gotript.com/havana-weather-in-september,weather-month,havana,september,no,0,0,,REVIEW*,"NOT reported in capped export — status unknown, may be missing due to 1,000-row cap"
https://www.gotript.com/helsinki-weather-in-august,weather-month,helsinki,august,no,0,0,,REVIEW*,"NOT reported in capped export — status unknown, may be missing due to 1,000-row cap"
https://www.gotript.com/helsinki-weather-in-december,weather-month,helsinki,december,no,0,0,,REVIEW*,"NOT reported in capped export — status unknown, may be missing due to 1,000-row cap"
https://www.gotript.com/helsinki-weather-in-february,weather-month,helsinki,february,no,0,0,,REVIEW*,"NOT reported in capped export — status unknown, may be missing due to 1,000-row cap"
https://www.gotript.com/helsinki-weather-in-january,weather-month,helsinki,january,no,0,0,,REVIEW*,"NOT reported in capped export — status unknown, may be missing due to 1,000-row cap"
https://www.gotript.com/helsinki-weather-in-july,weather-month,helsinki,july,no,0,0,,REVIEW*,"NOT reported in capped export — status unknown, may be missing due to 1,000-row cap"
https://www.gotript.com/helsinki-weather-in-june,weather-month,helsinki,june,no,0,0,,REVIEW*,"NOT reported in capped export — status unknown, may be missing due to 1,000-row cap"
https://www.gotript.com/helsinki-weather-in-march,weather-month,helsinki,march,no,0,0,,REVIEW*,"NOT reported in capped export — status unknown, may be missing due to 1,000-row cap"
https://www.gotript.com/helsinki-weather-in-may,weather-month,helsinki,may,no,0,0,,REVIEW*,"NOT reported in capped export — status unknown, may be missing due to 1,000-row cap"
https://www.gotript.com/helsinki-weather-in-november,weather-month,helsinki,november,no,0,0,,REVIEW*,"NOT reported in capped export — status unknown, may be missing due to 1,000-row cap"
https://www.gotript.com/helsinki-weather-in-october,weather-month,helsinki,october,no,0,0,,REVIEW*,"NOT reported in capped export — status unknown, may be missing due to 1,000-row cap"
https://www.gotript.com/hiroshima-weather-in-april,weather-month,hiroshima,april,no,0,0,,REVIEW*,"NOT reported in capped export — status unknown, may be missing due to 1,000-row cap"
https://www.gotript.com/hiroshima-weather-in-august,weather-month,hiroshima,august,no,0,0,,REVIEW*,"NOT reported in capped export — status unknown, may be missing due to 1,000-row cap"
https://www.gotript.com/hiroshima-weather-in-december,weather-month,hiroshima,december,no,0,0,,REVIEW*,"NOT reported in capped export — status unknown, may be missing due to 1,000-row cap"
https://www.gotript.com/hiroshima-weather-in-february,weather-month,hiroshima,february,no,0,0,,REVIEW*,"NOT reported in capped export — status unknown, may be missing due to 1,000-row cap"
https://www.gotript.com/hiroshima-weather-in-january,weather-month,hiroshima,january,no,0,0,,REVIEW*,"NOT reported in capped export — status unknown, may be missing due to 1,000-row cap"
https://www.gotript.com/hiroshima-weather-in-july,weather-month,hiroshima,july,no,0,0,,REVIEW*,"NOT reported in capped export — status unknown, may be missing due to 1,000-row cap"
https://www.gotript.com/hiroshima-weather-in-june,weather-month,hiroshima,june,no,0,0,,REVIEW*,"NOT reported in capped export — status unknown, may be missing due to 1,000-row cap"
https://www.gotript.com/hiroshima-weather-in-march,weather-month,hiroshima,march,no,0,0,,REVIEW*,"NOT reported in capped export — status unknown, may be missing due to 1,000-row cap"
https://www.gotript.com/hiroshima-weather-in-may,weather-month,hiroshima,may,no,0,0,,REVIEW*,"NOT reported in capped export — status unknown, may be missing due to 1,000-row cap"
https://www.gotript.com/hiroshima-weather-in-november,weather-month,hiroshima,november,no,0,0,,REVIEW*,"NOT reported in capped export — status unknown, may be missing due to 1,000-row cap"
https://www.gotript.com/hiroshima-weather-in-october,weather-month,hiroshima,october,no,0,0,,REVIEW*,"NOT reported in capped export — status unknown, may be missing due to 1,000-row cap"
https://www.gotript.com/hiroshima-weather-in-september,weather-month,hiroshima,september,no,0,0,,REVIEW*,"NOT reported in capped export — status unknown, may be missing due to 1,000-row cap"
https://www.gotript.com/ho-chi-minh-city-weather-in-april,weather-month,ho-chi-minh-city,april,no,0,0,,REVIEW*,"NOT reported in capped export — status unknown, may be missing due to 1,000-row cap"
https://www.gotript.com/ho-chi-minh-city-weather-in-august,weather-month,ho-chi-minh-city,august,no,0,0,,REVIEW*,"NOT reported in capped export — status unknown, may be missing due to 1,000-row cap"
https://www.gotript.com/ho-chi-minh-city-weather-in-december,weather-month,ho-chi-minh-city,december,no,0,0,,REVIEW*,"NOT reported in capped export — status unknown, may be missing due to 1,000-row cap"
https://www.gotript.com/ho-chi-minh-city-weather-in-february,weather-month,ho-chi-minh-city,february,no,0,0,,REVIEW*,"NOT reported in capped export — status unknown, may be missing due to 1,000-row cap"
https://www.gotript.com/ho-chi-minh-city-weather-in-january,weather-month,ho-chi-minh-city,january,no,0,0,,REVIEW*,"NOT reported in capped export — status unknown, may be missing due to 1,000-row cap"
https://www.gotript.com/ho-chi-minh-city-weather-in-july,weather-month,ho-chi-minh-city,july,no,0,0,,REVIEW*,"NOT reported in capped export — status unknown, may be missing due to 1,000-row cap"
https://www.gotript.com/ho-chi-minh-city-weather-in-june,weather-month,ho-chi-minh-city,june,no,0,0,,REVIEW*,"NOT reported in capped export — status unknown, may be missing due to 1,000-row cap"
https://www.gotript.com/ho-chi-minh-city-weather-in-may,weather-month,ho-chi-minh-city,may,no,0,0,,REVIEW*,"NOT reported in capped export — status unknown, may be missing due to 1,000-row cap"
https://www.gotript.com/ho-chi-minh-city-weather-in-november,weather-month,ho-chi-minh-city,november,no,0,0,,REVIEW*,"NOT reported in capped export — status unknown, may be missing due to 1,000-row cap"
https://www.gotript.com/ho-chi-minh-city-weather-in-october,weather-month,ho-chi-minh-city,october,no,0,0,,REVIEW*,"NOT reported in capped export — status unknown, may be missing due to 1,000-row cap"
https://www.gotript.com/ho-chi-minh-city-weather-in-september,weather-month,ho-chi-minh-city,september,no,0,0,,REVIEW*,"NOT reported in capped export — status unknown, may be missing due to 1,000-row cap"
https://www.gotript.com/hoi-an-weather-in-april,weather-month,hoi-an,april,no,0,0,,REVIEW*,"NOT reported in capped export — status unknown, may be missing due to 1,000-row cap"
https://www.gotript.com/hoi-an-weather-in-august,weather-month,hoi-an,august,no,0,0,,REVIEW*,"NOT reported in capped export — status unknown, may be missing due to 1,000-row cap"
https://www.gotript.com/hoi-an-weather-in-december,weather-month,hoi-an,december,no,0,0,,REVIEW*,"NOT reported in capped export — status unknown, may be missing due to 1,000-row cap"
https://www.gotript.com/hoi-an-weather-in-february,weather-month,hoi-an,february,no,0,0,,REVIEW*,"NOT reported in capped export — status unknown, may be missing due to 1,000-row cap"
https://www.gotript.com/hoi-an-weather-in-january,weather-month,hoi-an,january,no,0,0,,REVIEW*,"NOT reported in capped export — status unknown, may be missing due to 1,000-row cap"
https://www.gotript.com/hoi-an-weather-in-july,weather-month,hoi-an,july,no,0,0,,REVIEW*,"NOT reported in capped export — status unknown, may be missing due to 1,000-row cap"
https://www.gotript.com/hoi-an-weather-in-june,weather-month,hoi-an,june,no,0,0,,REVIEW*,"NOT reported in capped export — status unknown, may be missing due to 1,000-row cap"
https://www.gotript.com/hoi-an-weather-in-march,weather-month,hoi-an,march,no,0,0,,REVIEW*,"NOT reported in capped export — status unknown, may be missing due to 1,000-row cap"
https://www.gotript.com/hoi-an-weather-in-may,weather-month,hoi-an,may,no,0,0,,REVIEW*,"NOT reported in capped export — status unknown, may be missing due to 1,000-row cap"
https://www.gotript.com/hoi-an-weather-in-november,weather-month,hoi-an,november,no,0,0,,REVIEW*,"NOT reported in capped export — status unknown, may be missing due to 1,000-row cap"
https://www.gotript.com/hoi-an-weather-in-october,weather-month,hoi-an,october,no,0,0,,REVIEW*,"NOT reported in capped export — status unknown, may be missing due to 1,000-row cap"
https://www.gotript.com/hoi-an-weather-in-september,weather-month,hoi-an,september,no,0,0,,REVIEW*,"NOT reported in capped export — status unknown, may be missing due to 1,000-row cap"
https://www.gotript.com/hong-kong-weather-in-april,weather-month,hong-kong,april,no,0,0,,REVIEW*,"NOT reported in capped export — status unknown, may be missing due to 1,000-row cap"
https://www.gotript.com/hong-kong-weather-in-december,weather-month,hong-kong,december,no,0,0,,REVIEW*,"NOT reported in capped export — status unknown, may be missing due to 1,000-row cap"
https://www.gotript.com/hong-kong-weather-in-february,weather-month,hong-kong,february,no,0,0,,REVIEW*,"NOT reported in capped export — status unknown, may be missing due to 1,000-row cap"
https://www.gotript.com/hong-kong-weather-in-january,weather-month,hong-kong,january,no,0,0,,REVIEW*,"NOT reported in capped export — status unknown, may be missing due to 1,000-row cap"
https://www.gotript.com/hong-kong-weather-in-july,weather-month,hong-kong,july,no,0,0,,REVIEW*,"NOT reported in capped export — status unknown, may be missing due to 1,000-row cap"
https://www.gotript.com/hong-kong-weather-in-june,weather-month,hong-kong,june,no,0,0,,REVIEW*,"NOT reported in capped export — status unknown, may be missing due to 1,000-row cap"
https://www.gotript.com/hong-kong-weather-in-march,weather-month,hong-kong,march,no,0,0,,REVIEW*,"NOT reported in capped export — status unknown, may be missing due to 1,000-row cap"
https://www.gotript.com/hong-kong-weather-in-may,weather-month,hong-kong,may,no,0,0,,REVIEW*,"NOT reported in capped export — status unknown, may be missing due to 1,000-row cap"
https://www.gotript.com/hong-kong-weather-in-november,weather-month,hong-kong,november,no,0,0,,REVIEW*,"NOT reported in capped export — status unknown, may be missing due to 1,000-row cap"
https://www.gotript.com/hong-kong-weather-in-october,weather-month,hong-kong,october,no,0,0,,REVIEW*,"NOT reported in capped export — status unknown, may be missing due to 1,000-row cap"
https://www.gotript.com/hong-kong-weather-in-september,weather-month,hong-kong,september,no,0,0,,REVIEW*,"NOT reported in capped export — status unknown, may be missing due to 1,000-row cap"
https://www.gotript.com/honolulu-weather-in-april,weather-month,honolulu,april,no,0,0,,REVIEW*,"NOT reported in capped export — status unknown, may be missing due to 1,000-row cap"
https://www.gotript.com/honolulu-weather-in-august,weather-month,honolulu,august,no,0,0,,REVIEW*,"NOT reported in capped export — status unknown, may be missing due to 1,000-row cap"
https://www.gotript.com/honolulu-weather-in-december,weather-month,honolulu,december,no,0,0,,REVIEW*,"NOT reported in capped export — status unknown, may be missing due to 1,000-row cap"
https://www.gotript.com/honolulu-weather-in-february,weather-month,honolulu,february,no,0,0,,REVIEW*,"NOT reported in capped export — status unknown, may be missing due to 1,000-row cap"
https://www.gotript.com/honolulu-weather-in-january,weather-month,honolulu,january,no,0,0,,REVIEW*,"NOT reported in capped export — status unknown, may be missing due to 1,000-row cap"
https://www.gotript.com/honolulu-weather-in-june,weather-month,honolulu,june,no,0,0,,REVIEW*,"NOT reported in capped export — status unknown, may be missing due to 1,000-row cap"
https://www.gotript.com/honolulu-weather-in-march,weather-month,honolulu,march,no,0,0,,REVIEW*,"NOT reported in capped export — status unknown, may be missing due to 1,000-row cap"
https://www.gotript.com/honolulu-weather-in-november,weather-month,honolulu,november,no,0,0,,REVIEW*,"NOT reported in capped export — status unknown, may be missing due to 1,000-row cap"
https://www.gotript.com/honolulu-weather-in-september,weather-month,honolulu,september,no,0,0,,REVIEW*,"NOT reported in capped export — status unknown, may be missing due to 1,000-row cap"
https://www.gotript.com/hue-weather-in-april,weather-month,hue,april,no,0,0,,REVIEW*,"NOT reported in capped export — status unknown, may be missing due to 1,000-row cap"
https://www.gotript.com/hue-weather-in-august,weather-month,hue,august,no,0,0,,REVIEW*,"NOT reported in capped export — status unknown, may be missing due to 1,000-row cap"
https://www.gotript.com/hue-weather-in-december,weather-month,hue,december,no,0,0,,REVIEW*,"NOT reported in capped export — status unknown, may be missing due to 1,000-row cap"
https://www.gotript.com/hue-weather-in-february,weather-month,hue,february,no,0,0,,REVIEW*,"NOT reported in capped export — status unknown, may be missing due to 1,000-row cap"
https://www.gotript.com/hue-weather-in-january,weather-month,hue,january,no,0,0,,REVIEW*,"NOT reported in capped export — status unknown, may be missing due to 1,000-row cap"
https://www.gotript.com/hue-weather-in-july,weather-month,hue,july,no,0,0,,REVIEW*,"NOT reported in capped export — status unknown, may be missing due to 1,000-row cap"
https://www.gotript.com/hue-weather-in-june,weather-month,hue,june,no,0,0,,REVIEW*,"NOT reported in capped export — status unknown, may be missing due to 1,000-row cap"
https://www.gotript.com/hue-weather-in-march,weather-month,hue,march,no,0,0,,REVIEW*,"NOT reported in capped export — status unknown, may be missing due to 1,000-row cap"
https://www.gotript.com/hue-weather-in-may,weather-month,hue,may,no,0,0,,REVIEW*,"NOT reported in capped export — status unknown, may be missing due to 1,000-row cap"
https://www.gotript.com/hue-weather-in-november,weather-month,hue,november,no,0,0,,REVIEW*,"NOT reported in capped export — status unknown, may be missing due to 1,000-row cap"
https://www.gotript.com/hue-weather-in-october,weather-month,hue,october,no,0,0,,REVIEW*,"NOT reported in capped export — status unknown, may be missing due to 1,000-row cap"
https://www.gotript.com/hue-weather-in-september,weather-month,hue,september,no,0,0,,REVIEW*,"NOT reported in capped export — status unknown, may be missing due to 1,000-row cap"
https://www.gotript.com/ibiza-weather-in-july,weather-month,ibiza,july,no,0,0,,REVIEW*,"NOT reported in capped export — status unknown, may be missing due to 1,000-row cap"
https://www.gotript.com/ibiza-weather-in-june,weather-month,ibiza,june,no,0,0,,REVIEW*,"NOT reported in capped export — status unknown, may be missing due to 1,000-row cap"
https://www.gotript.com/ibiza-weather-in-may,weather-month,ibiza,may,no,0,0,,REVIEW*,"NOT reported in capped export — status unknown, may be missing due to 1,000-row cap"
https://www.gotript.com/ibiza-weather-in-november,weather-month,ibiza,november,no,0,0,,REVIEW*,"NOT reported in capped export — status unknown, may be missing due to 1,000-row cap"
https://www.gotript.com/ibiza-weather-in-october,weather-month,ibiza,october,no,0,0,,REVIEW*,"NOT reported in capped export — status unknown, may be missing due to 1,000-row cap"
https://www.gotript.com/ibiza-weather-in-september,weather-month,ibiza,september,no,0,0,,REVIEW*,"NOT reported in capped export — status unknown, may be missing due to 1,000-row cap"
https://www.gotript.com/innsbruck-weather-in-april,weather-month,innsbruck,april,no,0,0,,REVIEW*,"NOT reported in capped export — status unknown, may be missing due to 1,000-row cap"
https://www.gotript.com/innsbruck-weather-in-august,weather-month,innsbruck,august,no,0,0,,REVIEW*,"NOT reported in capped export — status unknown, may be missing due to 1,000-row cap"
https://www.gotript.com/innsbruck-weather-in-december,weather-month,innsbruck,december,no,0,0,,REVIEW*,"NOT reported in capped export — status unknown, may be missing due to 1,000-row cap"
https://www.gotript.com/innsbruck-weather-in-february,weather-month,innsbruck,february,no,0,0,,REVIEW*,"NOT reported in capped export — status unknown, may be missing due to 1,000-row cap"
https://www.gotript.com/innsbruck-weather-in-january,weather-month,innsbruck,january,no,0,0,,REVIEW*,"NOT reported in capped export — status unknown, may be missing due to 1,000-row cap"
https://www.gotript.com/innsbruck-weather-in-july,weather-month,innsbruck,july,no,0,0,,REVIEW*,"NOT reported in capped export — status unknown, may be missing due to 1,000-row cap"
https://www.gotript.com/innsbruck-weather-in-june,weather-month,innsbruck,june,no,0,0,,REVIEW*,"NOT reported in capped export — status unknown, may be missing due to 1,000-row cap"
https://www.gotript.com/innsbruck-weather-in-march,weather-month,innsbruck,march,no,0,0,,REVIEW*,"NOT reported in capped export — status unknown, may be missing due to 1,000-row cap"
https://www.gotript.com/innsbruck-weather-in-may,weather-month,innsbruck,may,no,0,0,,REVIEW*,"NOT reported in capped export — status unknown, may be missing due to 1,000-row cap"
https://www.gotript.com/innsbruck-weather-in-november,weather-month,innsbruck,november,no,0,0,,REVIEW*,"NOT reported in capped export — status unknown, may be missing due to 1,000-row cap"
https://www.gotript.com/innsbruck-weather-in-october,weather-month,innsbruck,october,no,0,0,,REVIEW*,"NOT reported in capped export — status unknown, may be missing due to 1,000-row cap"
https://www.gotript.com/innsbruck-weather-in-september,weather-month,innsbruck,september,no,0,0,,REVIEW*,"NOT reported in capped export — status unknown, may be missing due to 1,000-row cap"
https://www.gotript.com/interlaken-weather-in-august,weather-month,interlaken,august,no,0,0,,REVIEW*,"NOT reported in capped export — status unknown, may be missing due to 1,000-row cap"
https://www.gotript.com/interlaken-weather-in-december,weather-month,interlaken,december,no,0,0,,REVIEW*,"NOT reported in capped export — status unknown, may be missing due to 1,000-row cap"
https://www.gotript.com/interlaken-weather-in-february,weather-month,interlaken,february,no,0,0,,REVIEW*,"NOT reported in capped export — status unknown, may be missing due to 1,000-row cap"
https://www.gotript.com/interlaken-weather-in-january,weather-month,interlaken,january,no,0,0,,REVIEW*,"NOT reported in capped export — status unknown, may be missing due to 1,000-row cap"
https://www.gotript.com/interlaken-weather-in-july,weather-month,interlaken,july,no,0,0,,REVIEW*,"NOT reported in capped export — status unknown, may be missing due to 1,000-row cap"
https://www.gotript.com/interlaken-weather-in-june,weather-month,interlaken,june,no,0,0,,REVIEW*,"NOT reported in capped export — status unknown, may be missing due to 1,000-row cap"
https://www.gotript.com/interlaken-weather-in-march,weather-month,interlaken,march,no,0,0,,REVIEW*,"NOT reported in capped export — status unknown, may be missing due to 1,000-row cap"
https://www.gotript.com/interlaken-weather-in-may,weather-month,interlaken,may,no,0,0,,REVIEW*,"NOT reported in capped export — status unknown, may be missing due to 1,000-row cap"
https://www.gotript.com/interlaken-weather-in-november,weather-month,interlaken,november,no,0,0,,REVIEW*,"NOT reported in capped export — status unknown, may be missing due to 1,000-row cap"
https://www.gotript.com/interlaken-weather-in-october,weather-month,interlaken,october,no,0,0,,REVIEW*,"NOT reported in capped export — status unknown, may be missing due to 1,000-row cap"
https://www.gotript.com/interlaken-weather-in-september,weather-month,interlaken,september,no,0,0,,REVIEW*,"NOT reported in capped export — status unknown, may be missing due to 1,000-row cap"
https://www.gotript.com/istanbul-weather-in-april,weather-month,istanbul,april,no,0,0,,REVIEW*,"NOT reported in capped export — status unknown, may be missing due to 1,000-row cap"
https://www.gotript.com/istanbul-weather-in-august,weather-month,istanbul,august,no,0,0,,REVIEW*,"NOT reported in capped export — status unknown, may be missing due to 1,000-row cap"
https://www.gotript.com/istanbul-weather-in-december,weather-month,istanbul,december,no,0,0,,REVIEW*,"NOT reported in capped export — status unknown, may be missing due to 1,000-row cap"
https://www.gotript.com/istanbul-weather-in-february,weather-month,istanbul,february,no,0,0,,REVIEW*,"NOT reported in capped export — status unknown, may be missing due to 1,000-row cap"
https://www.gotript.com/istanbul-weather-in-january,weather-month,istanbul,january,no,0,0,,REVIEW*,"NOT reported in capped export — status unknown, may be missing due to 1,000-row cap"
https://www.gotript.com/istanbul-weather-in-june,weather-month,istanbul,june,no,0,0,,REVIEW*,"NOT reported in capped export — status unknown, may be missing due to 1,000-row cap"
https://www.gotript.com/istanbul-weather-in-may,weather-month,istanbul,may,no,0,0,,REVIEW*,"NOT reported in capped export — status unknown, may be missing due to 1,000-row cap"
https://www.gotript.com/istanbul-weather-in-october,weather-month,istanbul,october,no,0,0,,REVIEW*,"NOT reported in capped export — status unknown, may be missing due to 1,000-row cap"
https://www.gotript.com/jaipur-weather-in-april,weather-month,jaipur,april,no,0,0,,REVIEW*,"NOT reported in capped export — status unknown, may be missing due to 1,000-row cap"
https://www.gotript.com/jaipur-weather-in-august,weather-month,jaipur,august,no,0,0,,REVIEW*,"NOT reported in capped export — status unknown, may be missing due to 1,000-row cap"
https://www.gotript.com/jaipur-weather-in-february,weather-month,jaipur,february,no,0,0,,REVIEW*,"NOT reported in capped export — status unknown, may be missing due to 1,000-row cap"
https://www.gotript.com/jaipur-weather-in-may,weather-month,jaipur,may,no,0,0,,REVIEW*,"NOT reported in capped export — status unknown, may be missing due to 1,000-row cap"
https://www.gotript.com/jaipur-weather-in-september,weather-month,jaipur,september,no,0,0,,REVIEW*,"NOT reported in capped export — status unknown, may be missing due to 1,000-row cap"
https://www.gotript.com/jeju-weather-in-april,weather-month,jeju,april,no,0,0,,REVIEW*,"NOT reported in capped export — status unknown, may be missing due to 1,000-row cap"
https://www.gotript.com/jeju-weather-in-august,weather-month,jeju,august,no,0,0,,REVIEW*,"NOT reported in capped export — status unknown, may be missing due to 1,000-row cap"
https://www.gotript.com/jeju-weather-in-december,weather-month,jeju,december,no,0,0,,REVIEW*,"NOT reported in capped export — status unknown, may be missing due to 1,000-row cap"
https://www.gotript.com/jeju-weather-in-february,weather-month,jeju,february,no,0,0,,REVIEW*,"NOT reported in capped export — status unknown, may be missing due to 1,000-row cap"
https://www.gotript.com/jeju-weather-in-january,weather-month,jeju,january,no,0,0,,REVIEW*,"NOT reported in capped export — status unknown, may be missing due to 1,000-row cap"
https://www.gotript.com/jeju-weather-in-july,weather-month,jeju,july,no,0,0,,REVIEW*,"NOT reported in capped export — status unknown, may be missing due to 1,000-row cap"
https://www.gotript.com/jeju-weather-in-june,weather-month,jeju,june,no,0,0,,REVIEW*,"NOT reported in capped export — status unknown, may be missing due to 1,000-row cap"
https://www.gotript.com/jeju-weather-in-march,weather-month,jeju,march,no,0,0,,REVIEW*,"NOT reported in capped export — status unknown, may be missing due to 1,000-row cap"
https://www.gotript.com/jeju-weather-in-may,weather-month,jeju,may,no,0,0,,REVIEW*,"NOT reported in capped export — status unknown, may be missing due to 1,000-row cap"
https://www.gotript.com/jeju-weather-in-november,weather-month,jeju,november,no,0,0,,REVIEW*,"NOT reported in capped export — status unknown, may be missing due to 1,000-row cap"
https://www.gotript.com/jeju-weather-in-october,weather-month,jeju,october,no,0,0,,REVIEW*,"NOT reported in capped export — status unknown, may be missing due to 1,000-row cap"
https://www.gotript.com/jeju-weather-in-september,weather-month,jeju,september,no,0,0,,REVIEW*,"NOT reported in capped export — status unknown, may be missing due to 1,000-row cap"
https://www.gotript.com/jodhpur-weather-in-april,weather-month,jodhpur,april,no,0,0,,REVIEW*,"NOT reported in capped export — status unknown, may be missing due to 1,000-row cap"
https://www.gotript.com/jodhpur-weather-in-august,weather-month,jodhpur,august,no,0,0,,REVIEW*,"NOT reported in capped export — status unknown, may be missing due to 1,000-row cap"
https://www.gotript.com/jodhpur-weather-in-december,weather-month,jodhpur,december,no,0,0,,REVIEW*,"NOT reported in capped export — status unknown, may be missing due to 1,000-row cap"
https://www.gotript.com/jodhpur-weather-in-february,weather-month,jodhpur,february,no,0,0,,REVIEW*,"NOT reported in capped export — status unknown, may be missing due to 1,000-row cap"
https://www.gotript.com/jodhpur-weather-in-july,weather-month,jodhpur,july,no,0,0,,REVIEW*,"NOT reported in capped export — status unknown, may be missing due to 1,000-row cap"
https://www.gotript.com/jodhpur-weather-in-june,weather-month,jodhpur,june,no,0,0,,REVIEW*,"NOT reported in capped export — status unknown, may be missing due to 1,000-row cap"
https://www.gotript.com/jodhpur-weather-in-may,weather-month,jodhpur,may,no,0,0,,REVIEW*,"NOT reported in capped export — status unknown, may be missing due to 1,000-row cap"
https://www.gotript.com/jodhpur-weather-in-november,weather-month,jodhpur,november,no,0,0,,REVIEW*,"NOT reported in capped export — status unknown, may be missing due to 1,000-row cap"
https://www.gotript.com/jodhpur-weather-in-october,weather-month,jodhpur,october,no,0,0,,REVIEW*,"NOT reported in capped export — status unknown, may be missing due to 1,000-row cap"
https://www.gotript.com/jodhpur-weather-in-september,weather-month,jodhpur,september,no,0,0,,REVIEW*,"NOT reported in capped export — status unknown, may be missing due to 1,000-row cap"
https://www.gotript.com/johannesburg-weather-in-august,weather-month,johannesburg,august,no,0,0,,REVIEW*,"NOT reported in capped export — status unknown, may be missing due to 1,000-row cap"
https://www.gotript.com/johannesburg-weather-in-december,weather-month,johannesburg,december,no,0,0,,REVIEW*,"NOT reported in capped export — status unknown, may be missing due to 1,000-row cap"
https://www.gotript.com/johannesburg-weather-in-february,weather-month,johannesburg,february,no,0,0,,REVIEW*,"NOT reported in capped export — status unknown, may be missing due to 1,000-row cap"
https://www.gotript.com/johannesburg-weather-in-june,weather-month,johannesburg,june,no,0,0,,REVIEW*,"NOT reported in capped export — status unknown, may be missing due to 1,000-row cap"
https://www.gotript.com/johannesburg-weather-in-may,weather-month,johannesburg,may,no,0,0,,REVIEW*,"NOT reported in capped export — status unknown, may be missing due to 1,000-row cap"
https://www.gotript.com/johannesburg-weather-in-november,weather-month,johannesburg,november,no,0,0,,REVIEW*,"NOT reported in capped export — status unknown, may be missing due to 1,000-row cap"
https://www.gotript.com/johannesburg-weather-in-september,weather-month,johannesburg,september,no,0,0,,REVIEW*,"NOT reported in capped export — status unknown, may be missing due to 1,000-row cap"
https://www.gotript.com/kanazawa-weather-in-april,weather-month,kanazawa,april,no,0,0,,REVIEW*,"NOT reported in capped export — status unknown, may be missing due to 1,000-row cap"
https://www.gotript.com/kanazawa-weather-in-august,weather-month,kanazawa,august,no,0,0,,REVIEW*,"NOT reported in capped export — status unknown, may be missing due to 1,000-row cap"
https://www.gotript.com/kanazawa-weather-in-december,weather-month,kanazawa,december,no,0,0,,REVIEW*,"NOT reported in capped export — status unknown, may be missing due to 1,000-row cap"
https://www.gotript.com/kanazawa-weather-in-february,weather-month,kanazawa,february,no,0,0,,REVIEW*,"NOT reported in capped export — status unknown, may be missing due to 1,000-row cap"
https://www.gotript.com/kanazawa-weather-in-january,weather-month,kanazawa,january,no,0,0,,REVIEW*,"NOT reported in capped export — status unknown, may be missing due to 1,000-row cap"
https://www.gotript.com/kanazawa-weather-in-july,weather-month,kanazawa,july,no,0,0,,REVIEW*,"NOT reported in capped export — status unknown, may be missing due to 1,000-row cap"
https://www.gotript.com/kanazawa-weather-in-june,weather-month,kanazawa,june,no,0,0,,REVIEW*,"NOT reported in capped export — status unknown, may be missing due to 1,000-row cap"
https://www.gotript.com/kanazawa-weather-in-march,weather-month,kanazawa,march,no,0,0,,REVIEW*,"NOT reported in capped export — status unknown, may be missing due to 1,000-row cap"
https://www.gotript.com/kanazawa-weather-in-may,weather-month,kanazawa,may,no,0,0,,REVIEW*,"NOT reported in capped export — status unknown, may be missing due to 1,000-row cap"
https://www.gotript.com/kanazawa-weather-in-november,weather-month,kanazawa,november,no,0,0,,REVIEW*,"NOT reported in capped export — status unknown, may be missing due to 1,000-row cap"
https://www.gotript.com/kanazawa-weather-in-october,weather-month,kanazawa,october,no,0,0,,REVIEW*,"NOT reported in capped export — status unknown, may be missing due to 1,000-row cap"
https://www.gotript.com/kanazawa-weather-in-september,weather-month,kanazawa,september,no,0,0,,REVIEW*,"NOT reported in capped export — status unknown, may be missing due to 1,000-row cap"
https://www.gotript.com/kandy-weather-in-april,weather-month,kandy,april,no,0,0,,REVIEW*,"NOT reported in capped export — status unknown, may be missing due to 1,000-row cap"
https://www.gotript.com/kandy-weather-in-august,weather-month,kandy,august,no,0,0,,REVIEW*,"NOT reported in capped export — status unknown, may be missing due to 1,000-row cap"
https://www.gotript.com/kandy-weather-in-december,weather-month,kandy,december,no,0,0,,REVIEW*,"NOT reported in capped export — status unknown, may be missing due to 1,000-row cap"
https://www.gotript.com/kandy-weather-in-february,weather-month,kandy,february,no,0,0,,REVIEW*,"NOT reported in capped export — status unknown, may be missing due to 1,000-row cap"
https://www.gotript.com/kandy-weather-in-january,weather-month,kandy,january,no,0,0,,REVIEW*,"NOT reported in capped export — status unknown, may be missing due to 1,000-row cap"
https://www.gotript.com/kandy-weather-in-july,weather-month,kandy,july,no,0,0,,REVIEW*,"NOT reported in capped export — status unknown, may be missing due to 1,000-row cap"
https://www.gotript.com/kandy-weather-in-june,weather-month,kandy,june,no,0,0,,REVIEW*,"NOT reported in capped export — status unknown, may be missing due to 1,000-row cap"
https://www.gotript.com/kandy-weather-in-march,weather-month,kandy,march,no,0,0,,REVIEW*,"NOT reported in capped export — status unknown, may be missing due to 1,000-row cap"
https://www.gotript.com/kandy-weather-in-may,weather-month,kandy,may,no,0,0,,REVIEW*,"NOT reported in capped export — status unknown, may be missing due to 1,000-row cap"
https://www.gotript.com/kandy-weather-in-november,weather-month,kandy,november,no,0,0,,REVIEW*,"NOT reported in capped export — status unknown, may be missing due to 1,000-row cap"
https://www.gotript.com/kandy-weather-in-october,weather-month,kandy,october,no,0,0,,REVIEW*,"NOT reported in capped export — status unknown, may be missing due to 1,000-row cap"
https://www.gotript.com/kandy-weather-in-september,weather-month,kandy,september,no,0,0,,REVIEW*,"NOT reported in capped export — status unknown, may be missing due to 1,000-row cap"
https://www.gotript.com/kathmandu-weather-in-april,weather-month,kathmandu,april,no,0,0,,REVIEW*,"NOT reported in capped export — status unknown, may be missing due to 1,000-row cap"
https://www.gotript.com/kathmandu-weather-in-august,weather-month,kathmandu,august,no,0,0,,REVIEW*,"NOT reported in capped export — status unknown, may be missing due to 1,000-row cap"
https://www.gotript.com/kathmandu-weather-in-december,weather-month,kathmandu,december,no,0,0,,REVIEW*,"NOT reported in capped export — status unknown, may be missing due to 1,000-row cap"
https://www.gotript.com/kathmandu-weather-in-july,weather-month,kathmandu,july,no,0,0,,REVIEW*,"NOT reported in capped export — status unknown, may be missing due to 1,000-row cap"
https://www.gotript.com/kathmandu-weather-in-june,weather-month,kathmandu,june,no,0,0,,REVIEW*,"NOT reported in capped export — status unknown, may be missing due to 1,000-row cap"
https://www.gotript.com/kathmandu-weather-in-march,weather-month,kathmandu,march,no,0,0,,REVIEW*,"NOT reported in capped export — status unknown, may be missing due to 1,000-row cap"
https://www.gotript.com/kathmandu-weather-in-may,weather-month,kathmandu,may,no,0,0,,REVIEW*,"NOT reported in capped export — status unknown, may be missing due to 1,000-row cap"
https://www.gotript.com/kathmandu-weather-in-october,weather-month,kathmandu,october,no,0,0,,REVIEW*,"NOT reported in capped export — status unknown, may be missing due to 1,000-row cap"
https://www.gotript.com/kathmandu-weather-in-september,weather-month,kathmandu,september,no,0,0,,REVIEW*,"NOT reported in capped export — status unknown, may be missing due to 1,000-row cap"
https://www.gotript.com/koh-samui-weather-in-april,weather-month,koh-samui,april,no,0,0,,REVIEW*,"NOT reported in capped export — status unknown, may be missing due to 1,000-row cap"
https://www.gotript.com/koh-samui-weather-in-february,weather-month,koh-samui,february,no,0,0,,REVIEW*,"NOT reported in capped export — status unknown, may be missing due to 1,000-row cap"
https://www.gotript.com/koh-samui-weather-in-january,weather-month,koh-samui,january,no,0,0,,REVIEW*,"NOT reported in capped export — status unknown, may be missing due to 1,000-row cap"
https://www.gotript.com/koh-samui-weather-in-july,weather-month,koh-samui,july,no,0,0,,REVIEW*,"NOT reported in capped export — status unknown, may be missing due to 1,000-row cap"
https://www.gotript.com/koh-samui-weather-in-march,weather-month,koh-samui,march,no,0,0,,REVIEW*,"NOT reported in capped export — status unknown, may be missing due to 1,000-row cap"
https://www.gotript.com/koh-samui-weather-in-november,weather-month,koh-samui,november,no,0,0,,REVIEW*,"NOT reported in capped export — status unknown, may be missing due to 1,000-row cap"
https://www.gotript.com/krabi-weather-in-april,weather-month,krabi,april,no,0,0,,REVIEW*,"NOT reported in capped export — status unknown, may be missing due to 1,000-row cap"
https://www.gotript.com/krabi-weather-in-august,weather-month,krabi,august,no,0,0,,REVIEW*,"NOT reported in capped export — status unknown, may be missing due to 1,000-row cap"
https://www.gotript.com/krabi-weather-in-december,weather-month,krabi,december,no,0,0,,REVIEW*,"NOT reported in capped export — status unknown, may be missing due to 1,000-row cap"
https://www.gotript.com/krabi-weather-in-february,weather-month,krabi,february,no,0,0,,REVIEW*,"NOT reported in capped export — status unknown, may be missing due to 1,000-row cap"
https://www.gotript.com/krabi-weather-in-january,weather-month,krabi,january,no,0,0,,REVIEW*,"NOT reported in capped export — status unknown, may be missing due to 1,000-row cap"
https://www.gotript.com/krabi-weather-in-july,weather-month,krabi,july,no,0,0,,REVIEW*,"NOT reported in capped export — status unknown, may be missing due to 1,000-row cap"
https://www.gotript.com/krabi-weather-in-june,weather-month,krabi,june,no,0,0,,REVIEW*,"NOT reported in capped export — status unknown, may be missing due to 1,000-row cap"
https://www.gotript.com/krabi-weather-in-march,weather-month,krabi,march,no,0,0,,REVIEW*,"NOT reported in capped export — status unknown, may be missing due to 1,000-row cap"
https://www.gotript.com/krabi-weather-in-may,weather-month,krabi,may,no,0,0,,REVIEW*,"NOT reported in capped export — status unknown, may be missing due to 1,000-row cap"
https://www.gotript.com/krabi-weather-in-november,weather-month,krabi,november,no,0,0,,REVIEW*,"NOT reported in capped export — status unknown, may be missing due to 1,000-row cap"
https://www.gotript.com/krabi-weather-in-october,weather-month,krabi,october,no,0,0,,REVIEW*,"NOT reported in capped export — status unknown, may be missing due to 1,000-row cap"
https://www.gotript.com/krabi-weather-in-september,weather-month,krabi,september,no,0,0,,REVIEW*,"NOT reported in capped export — status unknown, may be missing due to 1,000-row cap"
https://www.gotript.com/krakow-weather-in-april,weather-month,krakow,april,no,0,0,,REVIEW*,"NOT reported in capped export — status unknown, may be missing due to 1,000-row cap"
https://www.gotript.com/krakow-weather-in-august,weather-month,krakow,august,no,0,0,,REVIEW*,"NOT reported in capped export — status unknown, may be missing due to 1,000-row cap"
https://www.gotript.com/krakow-weather-in-december,weather-month,krakow,december,no,0,0,,REVIEW*,"NOT reported in capped export — status unknown, may be missing due to 1,000-row cap"
https://www.gotript.com/krakow-weather-in-january,weather-month,krakow,january,no,0,0,,REVIEW*,"NOT reported in capped export — status unknown, may be missing due to 1,000-row cap"
https://www.gotript.com/krakow-weather-in-july,weather-month,krakow,july,no,0,0,,REVIEW*,"NOT reported in capped export — status unknown, may be missing due to 1,000-row cap"
https://www.gotript.com/krakow-weather-in-june,weather-month,krakow,june,no,0,0,,REVIEW*,"NOT reported in capped export — status unknown, may be missing due to 1,000-row cap"
https://www.gotript.com/krakow-weather-in-march,weather-month,krakow,march,no,0,0,,REVIEW*,"NOT reported in capped export — status unknown, may be missing due to 1,000-row cap"
https://www.gotript.com/krakow-weather-in-may,weather-month,krakow,may,no,0,0,,REVIEW*,"NOT reported in capped export — status unknown, may be missing due to 1,000-row cap"
https://www.gotript.com/krakow-weather-in-november,weather-month,krakow,november,no,0,0,,REVIEW*,"NOT reported in capped export — status unknown, may be missing due to 1,000-row cap"
https://www.gotript.com/krakow-weather-in-october,weather-month,krakow,october,no,0,0,,REVIEW*,"NOT reported in capped export — status unknown, may be missing due to 1,000-row cap"
https://www.gotript.com/kuala-lumpur-weather-in-april,weather-month,kuala-lumpur,april,no,0,0,,REVIEW*,"NOT reported in capped export — status unknown, may be missing due to 1,000-row cap"
https://www.gotript.com/kuala-lumpur-weather-in-august,weather-month,kuala-lumpur,august,no,0,0,,REVIEW*,"NOT reported in capped export — status unknown, may be missing due to 1,000-row cap"
https://www.gotript.com/kuala-lumpur-weather-in-february,weather-month,kuala-lumpur,february,no,0,0,,REVIEW*,"NOT reported in capped export — status unknown, may be missing due to 1,000-row cap"
https://www.gotript.com/kuala-lumpur-weather-in-january,weather-month,kuala-lumpur,january,no,0,0,,REVIEW*,"NOT reported in capped export — status unknown, may be missing due to 1,000-row cap"
https://www.gotript.com/kuala-lumpur-weather-in-july,weather-month,kuala-lumpur,july,no,0,0,,REVIEW*,"NOT reported in capped export — status unknown, may be missing due to 1,000-row cap"
https://www.gotript.com/kuala-lumpur-weather-in-june,weather-month,kuala-lumpur,june,no,0,0,,REVIEW*,"NOT reported in capped export — status unknown, may be missing due to 1,000-row cap"
https://www.gotript.com/kuala-lumpur-weather-in-march,weather-month,kuala-lumpur,march,no,0,0,,REVIEW*,"NOT reported in capped export — status unknown, may be missing due to 1,000-row cap"
https://www.gotript.com/kuala-lumpur-weather-in-may,weather-month,kuala-lumpur,may,no,0,0,,REVIEW*,"NOT reported in capped export — status unknown, may be missing due to 1,000-row cap"
https://www.gotript.com/kuala-lumpur-weather-in-november,weather-month,kuala-lumpur,november,no,0,0,,REVIEW*,"NOT reported in capped export — status unknown, may be missing due to 1,000-row cap"
https://www.gotript.com/kuala-lumpur-weather-in-september,weather-month,kuala-lumpur,september,no,0,0,,REVIEW*,"NOT reported in capped export — status unknown, may be missing due to 1,000-row cap"
https://www.gotript.com/kyoto-weather-in-april,weather-month,kyoto,april,no,0,0,,REVIEW*,"NOT reported in capped export — status unknown, may be missing due to 1,000-row cap"
https://www.gotript.com/kyoto-weather-in-august,weather-month,kyoto,august,no,0,0,,REVIEW*,"NOT reported in capped export — status unknown, may be missing due to 1,000-row cap"
https://www.gotript.com/kyoto-weather-in-january,weather-month,kyoto,january,no,0,0,,REVIEW*,"NOT reported in capped export — status unknown, may be missing due to 1,000-row cap"
https://www.gotript.com/kyoto-weather-in-july,weather-month,kyoto,july,no,0,0,,REVIEW*,"NOT reported in capped export — status unknown, may be missing due to 1,000-row cap"
https://www.gotript.com/kyoto-weather-in-june,weather-month,kyoto,june,no,0,0,,REVIEW*,"NOT reported in capped export — status unknown, may be missing due to 1,000-row cap"
https://www.gotript.com/kyoto-weather-in-march,weather-month,kyoto,march,no,0,0,,REVIEW*,"NOT reported in capped export — status unknown, may be missing due to 1,000-row cap"
https://www.gotript.com/kyoto-weather-in-november,weather-month,kyoto,november,no,0,0,,REVIEW*,"NOT reported in capped export — status unknown, may be missing due to 1,000-row cap"
https://www.gotript.com/kyoto-weather-in-september,weather-month,kyoto,september,no,0,0,,REVIEW*,"NOT reported in capped export — status unknown, may be missing due to 1,000-row cap"
https://www.gotript.com/lake-bled-weather-in-april,weather-month,lake-bled,april,no,0,0,,REVIEW*,"NOT reported in capped export — status unknown, may be missing due to 1,000-row cap"
https://www.gotript.com/lake-bled-weather-in-august,weather-month,lake-bled,august,no,0,0,,REVIEW*,"NOT reported in capped export — status unknown, may be missing due to 1,000-row cap"
https://www.gotript.com/lake-bled-weather-in-december,weather-month,lake-bled,december,no,0,0,,REVIEW*,"NOT reported in capped export — status unknown, may be missing due to 1,000-row cap"
https://www.gotript.com/lake-bled-weather-in-february,weather-month,lake-bled,february,no,0,0,,REVIEW*,"NOT reported in capped export — status unknown, may be missing due to 1,000-row cap"
https://www.gotript.com/lake-bled-weather-in-january,weather-month,lake-bled,january,no,0,0,,REVIEW*,"NOT reported in capped export — status unknown, may be missing due to 1,000-row cap"
https://www.gotript.com/lake-bled-weather-in-july,weather-month,lake-bled,july,no,0,0,,REVIEW*,"NOT reported in capped export — status unknown, may be missing due to 1,000-row cap"
https://www.gotript.com/lake-bled-weather-in-june,weather-month,lake-bled,june,no,0,0,,REVIEW*,"NOT reported in capped export — status unknown, may be missing due to 1,000-row cap"
https://www.gotript.com/lake-bled-weather-in-march,weather-month,lake-bled,march,no,0,0,,REVIEW*,"NOT reported in capped export — status unknown, may be missing due to 1,000-row cap"
https://www.gotript.com/lake-bled-weather-in-may,weather-month,lake-bled,may,no,0,0,,REVIEW*,"NOT reported in capped export — status unknown, may be missing due to 1,000-row cap"
https://www.gotript.com/lake-bled-weather-in-november,weather-month,lake-bled,november,no,0,0,,REVIEW*,"NOT reported in capped export — status unknown, may be missing due to 1,000-row cap"
https://www.gotript.com/lake-bled-weather-in-september,weather-month,lake-bled,september,no,0,0,,REVIEW*,"NOT reported in capped export — status unknown, may be missing due to 1,000-row cap"
https://www.gotript.com/lake-como-weather-in-august,weather-month,lake-como,august,no,0,0,,REVIEW*,"NOT reported in capped export — status unknown, may be missing due to 1,000-row cap"
https://www.gotript.com/lake-como-weather-in-december,weather-month,lake-como,december,no,0,0,,REVIEW*,"NOT reported in capped export — status unknown, may be missing due to 1,000-row cap"
https://www.gotript.com/lake-como-weather-in-february,weather-month,lake-como,february,no,0,0,,REVIEW*,"NOT reported in capped export — status unknown, may be missing due to 1,000-row cap"
https://www.gotript.com/lake-como-weather-in-january,weather-month,lake-como,january,no,0,0,,REVIEW*,"NOT reported in capped export — status unknown, may be missing due to 1,000-row cap"
https://www.gotript.com/lake-como-weather-in-march,weather-month,lake-como,march,no,0,0,,REVIEW*,"NOT reported in capped export — status unknown, may be missing due to 1,000-row cap"
https://www.gotript.com/lake-como-weather-in-may,weather-month,lake-como,may,no,0,0,,REVIEW*,"NOT reported in capped export — status unknown, may be missing due to 1,000-row cap"
https://www.gotript.com/lake-como-weather-in-november,weather-month,lake-como,november,no,0,0,,REVIEW*,"NOT reported in capped export — status unknown, may be missing due to 1,000-row cap"
https://www.gotript.com/lake-como-weather-in-october,weather-month,lake-como,october,no,0,0,,REVIEW*,"NOT reported in capped export — status unknown, may be missing due to 1,000-row cap"
https://www.gotript.com/langkawi-weather-in-april,weather-month,langkawi,april,no,0,0,,REVIEW*,"NOT reported in capped export — status unknown, may be missing due to 1,000-row cap"
https://www.gotript.com/langkawi-weather-in-august,weather-month,langkawi,august,no,0,0,,REVIEW*,"NOT reported in capped export — status unknown, may be missing due to 1,000-row cap"
https://www.gotript.com/langkawi-weather-in-december,weather-month,langkawi,december,no,0,0,,REVIEW*,"NOT reported in capped export — status unknown, may be missing due to 1,000-row cap"
https://www.gotript.com/langkawi-weather-in-february,weather-month,langkawi,february,no,0,0,,REVIEW*,"NOT reported in capped export — status unknown, may be missing due to 1,000-row cap"
https://www.gotript.com/langkawi-weather-in-july,weather-month,langkawi,july,no,0,0,,REVIEW*,"NOT reported in capped export — status unknown, may be missing due to 1,000-row cap"
https://www.gotript.com/langkawi-weather-in-june,weather-month,langkawi,june,no,0,0,,REVIEW*,"NOT reported in capped export — status unknown, may be missing due to 1,000-row cap"
https://www.gotript.com/langkawi-weather-in-march,weather-month,langkawi,march,no,0,0,,REVIEW*,"NOT reported in capped export — status unknown, may be missing due to 1,000-row cap"
https://www.gotript.com/langkawi-weather-in-may,weather-month,langkawi,may,no,0,0,,REVIEW*,"NOT reported in capped export — status unknown, may be missing due to 1,000-row cap"
https://www.gotript.com/langkawi-weather-in-november,weather-month,langkawi,november,no,0,0,,REVIEW*,"NOT reported in capped export — status unknown, may be missing due to 1,000-row cap"
https://www.gotript.com/langkawi-weather-in-october,weather-month,langkawi,october,no,0,0,,REVIEW*,"NOT reported in capped export — status unknown, may be missing due to 1,000-row cap"
https://www.gotript.com/langkawi-weather-in-september,weather-month,langkawi,september,no,0,0,,REVIEW*,"NOT reported in capped export — status unknown, may be missing due to 1,000-row cap"
https://www.gotript.com/las-vegas-weather-in-april,weather-month,las-vegas,april,no,0,0,,REVIEW*,"NOT reported in capped export — status unknown, may be missing due to 1,000-row cap"
https://www.gotript.com/las-vegas-weather-in-december,weather-month,las-vegas,december,no,0,0,,REVIEW*,"NOT reported in capped export — status unknown, may be missing due to 1,000-row cap"
https://www.gotript.com/las-vegas-weather-in-january,weather-month,las-vegas,january,no,0,0,,REVIEW*,"NOT reported in capped export — status unknown, may be missing due to 1,000-row cap"
https://www.gotript.com/las-vegas-weather-in-july,weather-month,las-vegas,july,no,0,0,,REVIEW*,"NOT reported in capped export — status unknown, may be missing due to 1,000-row cap"
https://www.gotript.com/las-vegas-weather-in-june,weather-month,las-vegas,june,no,0,0,,REVIEW*,"NOT reported in capped export — status unknown, may be missing due to 1,000-row cap"
https://www.gotript.com/las-vegas-weather-in-may,weather-month,las-vegas,may,no,0,0,,REVIEW*,"NOT reported in capped export — status unknown, may be missing due to 1,000-row cap"
https://www.gotript.com/las-vegas-weather-in-october,weather-month,las-vegas,october,no,0,0,,REVIEW*,"NOT reported in capped export — status unknown, may be missing due to 1,000-row cap"
https://www.gotript.com/las-vegas-weather-in-september,weather-month,las-vegas,september,no,0,0,,REVIEW*,"NOT reported in capped export — status unknown, may be missing due to 1,000-row cap"
https://www.gotript.com/lauterbrunnen-weather-in-april,weather-month,lauterbrunnen,april,no,0,0,,REVIEW*,"NOT reported in capped export — status unknown, may be missing due to 1,000-row cap"
https://www.gotript.com/lauterbrunnen-weather-in-august,weather-month,lauterbrunnen,august,no,0,0,,REVIEW*,"NOT reported in capped export — status unknown, may be missing due to 1,000-row cap"
https://www.gotript.com/lauterbrunnen-weather-in-december,weather-month,lauterbrunnen,december,no,0,0,,REVIEW*,"NOT reported in capped export — status unknown, may be missing due to 1,000-row cap"
https://www.gotript.com/lauterbrunnen-weather-in-february,weather-month,lauterbrunnen,february,no,0,0,,REVIEW*,"NOT reported in capped export — status unknown, may be missing due to 1,000-row cap"
https://www.gotript.com/lauterbrunnen-weather-in-january,weather-month,lauterbrunnen,january,no,0,0,,REVIEW*,"NOT reported in capped export — status unknown, may be missing due to 1,000-row cap"
https://www.gotript.com/lauterbrunnen-weather-in-july,weather-month,lauterbrunnen,july,no,0,0,,REVIEW*,"NOT reported in capped export — status unknown, may be missing due to 1,000-row cap"
https://www.gotript.com/lauterbrunnen-weather-in-june,weather-month,lauterbrunnen,june,no,0,0,,REVIEW*,"NOT reported in capped export — status unknown, may be missing due to 1,000-row cap"
https://www.gotript.com/lauterbrunnen-weather-in-march,weather-month,lauterbrunnen,march,no,0,0,,REVIEW*,"NOT reported in capped export — status unknown, may be missing due to 1,000-row cap"
https://www.gotript.com/lauterbrunnen-weather-in-november,weather-month,lauterbrunnen,november,no,0,0,,REVIEW*,"NOT reported in capped export — status unknown, may be missing due to 1,000-row cap"
https://www.gotript.com/lauterbrunnen-weather-in-october,weather-month,lauterbrunnen,october,no,0,0,,REVIEW*,"NOT reported in capped export — status unknown, may be missing due to 1,000-row cap"
https://www.gotript.com/lima-weather-in-april,weather-month,lima,april,no,0,0,,REVIEW*,"NOT reported in capped export — status unknown, may be missing due to 1,000-row cap"
https://www.gotript.com/lima-weather-in-december,weather-month,lima,december,no,0,0,,REVIEW*,"NOT reported in capped export — status unknown, may be missing due to 1,000-row cap"
https://www.gotript.com/lima-weather-in-february,weather-month,lima,february,no,0,0,,REVIEW*,"NOT reported in capped export — status unknown, may be missing due to 1,000-row cap"
https://www.gotript.com/lima-weather-in-july,weather-month,lima,july,no,0,0,,REVIEW*,"NOT reported in capped export — status unknown, may be missing due to 1,000-row cap"
https://www.gotript.com/lima-weather-in-june,weather-month,lima,june,no,0,0,,REVIEW*,"NOT reported in capped export — status unknown, may be missing due to 1,000-row cap"
https://www.gotript.com/lima-weather-in-march,weather-month,lima,march,no,0,0,,REVIEW*,"NOT reported in capped export — status unknown, may be missing due to 1,000-row cap"
https://www.gotript.com/lima-weather-in-may,weather-month,lima,may,no,0,0,,REVIEW*,"NOT reported in capped export — status unknown, may be missing due to 1,000-row cap"
https://www.gotript.com/lima-weather-in-november,weather-month,lima,november,no,0,0,,REVIEW*,"NOT reported in capped export — status unknown, may be missing due to 1,000-row cap"
https://www.gotript.com/lima-weather-in-september,weather-month,lima,september,no,0,0,,REVIEW*,"NOT reported in capped export — status unknown, may be missing due to 1,000-row cap"
https://www.gotript.com/lisbon-weather-in-august,weather-month,lisbon,august,no,0,0,,REVIEW*,"NOT reported in capped export — status unknown, may be missing due to 1,000-row cap"
https://www.gotript.com/lisbon-weather-in-december,weather-month,lisbon,december,no,0,0,,REVIEW*,"NOT reported in capped export — status unknown, may be missing due to 1,000-row cap"
https://www.gotript.com/lisbon-weather-in-june,weather-month,lisbon,june,no,0,0,,REVIEW*,"NOT reported in capped export — status unknown, may be missing due to 1,000-row cap"
https://www.gotript.com/lisbon-weather-in-march,weather-month,lisbon,march,no,0,0,,REVIEW*,"NOT reported in capped export — status unknown, may be missing due to 1,000-row cap"
https://www.gotript.com/lisbon-weather-in-october,weather-month,lisbon,october,no,0,0,,REVIEW*,"NOT reported in capped export — status unknown, may be missing due to 1,000-row cap"
https://www.gotript.com/lisbon-weather-in-september,weather-month,lisbon,september,no,0,0,,REVIEW*,"NOT reported in capped export — status unknown, may be missing due to 1,000-row cap"
https://www.gotript.com/london-weather-in-april,weather-month,london,april,no,0,0,,REVIEW*,"NOT reported in capped export — status unknown, may be missing due to 1,000-row cap"
https://www.gotript.com/london-weather-in-august,weather-month,london,august,no,0,0,,REVIEW*,"NOT reported in capped export — status unknown, may be missing due to 1,000-row cap"
https://www.gotript.com/london-weather-in-december,weather-month,london,december,no,0,0,,REVIEW*,"NOT reported in capped export — status unknown, may be missing due to 1,000-row cap"
https://www.gotript.com/london-weather-in-february,weather-month,london,february,no,0,0,,REVIEW*,"NOT reported in capped export — status unknown, may be missing due to 1,000-row cap"
https://www.gotript.com/london-weather-in-january,weather-month,london,january,no,0,0,,REVIEW*,"NOT reported in capped export — status unknown, may be missing due to 1,000-row cap"
https://www.gotript.com/london-weather-in-july,weather-month,london,july,no,0,0,,REVIEW*,"NOT reported in capped export — status unknown, may be missing due to 1,000-row cap"
https://www.gotript.com/london-weather-in-june,weather-month,london,june,no,0,0,,REVIEW*,"NOT reported in capped export — status unknown, may be missing due to 1,000-row cap"
https://www.gotript.com/london-weather-in-march,weather-month,london,march,no,0,0,,REVIEW*,"NOT reported in capped export — status unknown, may be missing due to 1,000-row cap"
https://www.gotript.com/london-weather-in-may,weather-month,london,may,no,0,0,,REVIEW*,"NOT reported in capped export — status unknown, may be missing due to 1,000-row cap"
https://www.gotript.com/london-weather-in-november,weather-month,london,november,no,0,0,,REVIEW*,"NOT reported in capped export — status unknown, may be missing due to 1,000-row cap"
https://www.gotript.com/london-weather-in-october,weather-month,london,october,no,0,0,,REVIEW*,"NOT reported in capped export — status unknown, may be missing due to 1,000-row cap"
https://www.gotript.com/london-weather-in-september,weather-month,london,september,no,0,0,,REVIEW*,"NOT reported in capped export — status unknown, may be missing due to 1,000-row cap"
https://www.gotript.com/los-angeles-weather-in-april,weather-month,los-angeles,april,no,0,0,,REVIEW*,"NOT reported in capped export — status unknown, may be missing due to 1,000-row cap"
https://www.gotript.com/los-angeles-weather-in-august,weather-month,los-angeles,august,no,0,0,,REVIEW*,"NOT reported in capped export — status unknown, may be missing due to 1,000-row cap"
https://www.gotript.com/los-angeles-weather-in-december,weather-month,los-angeles,december,no,0,0,,REVIEW*,"NOT reported in capped export — status unknown, may be missing due to 1,000-row cap"
https://www.gotript.com/los-angeles-weather-in-february,weather-month,los-angeles,february,no,0,0,,REVIEW*,"NOT reported in capped export — status unknown, may be missing due to 1,000-row cap"
https://www.gotript.com/los-angeles-weather-in-january,weather-month,los-angeles,january,no,0,0,,REVIEW*,"NOT reported in capped export — status unknown, may be missing due to 1,000-row cap"
https://www.gotript.com/los-angeles-weather-in-july,weather-month,los-angeles,july,no,0,0,,REVIEW*,"NOT reported in capped export — status unknown, may be missing due to 1,000-row cap"
https://www.gotript.com/los-angeles-weather-in-june,weather-month,los-angeles,june,no,0,0,,REVIEW*,"NOT reported in capped export — status unknown, may be missing due to 1,000-row cap"
https://www.gotript.com/los-angeles-weather-in-march,weather-month,los-angeles,march,no,0,0,,REVIEW*,"NOT reported in capped export — status unknown, may be missing due to 1,000-row cap"
https://www.gotript.com/los-angeles-weather-in-may,weather-month,los-angeles,may,no,0,0,,REVIEW*,"NOT reported in capped export — status unknown, may be missing due to 1,000-row cap"
https://www.gotript.com/los-angeles-weather-in-september,weather-month,los-angeles,september,no,0,0,,REVIEW*,"NOT reported in capped export — status unknown, may be missing due to 1,000-row cap"
https://www.gotript.com/luang-prabang-weather-in-april,weather-month,luang-prabang,april,no,0,0,,REVIEW*,"NOT reported in capped export — status unknown, may be missing due to 1,000-row cap"
https://www.gotript.com/luang-prabang-weather-in-august,weather-month,luang-prabang,august,no,0,0,,REVIEW*,"NOT reported in capped export — status unknown, may be missing due to 1,000-row cap"
https://www.gotript.com/luang-prabang-weather-in-december,weather-month,luang-prabang,december,no,0,0,,REVIEW*,"NOT reported in capped export — status unknown, may be missing due to 1,000-row cap"
https://www.gotript.com/luang-prabang-weather-in-february,weather-month,luang-prabang,february,no,0,0,,REVIEW*,"NOT reported in capped export — status unknown, may be missing due to 1,000-row cap"
https://www.gotript.com/luang-prabang-weather-in-january,weather-month,luang-prabang,january,no,0,0,,REVIEW*,"NOT reported in capped export — status unknown, may be missing due to 1,000-row cap"
https://www.gotript.com/luang-prabang-weather-in-july,weather-month,luang-prabang,july,no,0,0,,REVIEW*,"NOT reported in capped export — status unknown, may be missing due to 1,000-row cap"
https://www.gotript.com/luang-prabang-weather-in-june,weather-month,luang-prabang,june,no,0,0,,REVIEW*,"NOT reported in capped export — status unknown, may be missing due to 1,000-row cap"
https://www.gotript.com/luang-prabang-weather-in-march,weather-month,luang-prabang,march,no,0,0,,REVIEW*,"NOT reported in capped export — status unknown, may be missing due to 1,000-row cap"
https://www.gotript.com/luang-prabang-weather-in-may,weather-month,luang-prabang,may,no,0,0,,REVIEW*,"NOT reported in capped export — status unknown, may be missing due to 1,000-row cap"
https://www.gotript.com/luang-prabang-weather-in-november,weather-month,luang-prabang,november,no,0,0,,REVIEW*,"NOT reported in capped export — status unknown, may be missing due to 1,000-row cap"
https://www.gotript.com/luang-prabang-weather-in-october,weather-month,luang-prabang,october,no,0,0,,REVIEW*,"NOT reported in capped export — status unknown, may be missing due to 1,000-row cap"
https://www.gotript.com/luang-prabang-weather-in-september,weather-month,luang-prabang,september,no,0,0,,REVIEW*,"NOT reported in capped export — status unknown, may be missing due to 1,000-row cap"
https://www.gotript.com/lucerne-weather-in-april,weather-month,lucerne,april,no,0,0,,REVIEW*,"NOT reported in capped export — status unknown, may be missing due to 1,000-row cap"
https://www.gotript.com/lucerne-weather-in-august,weather-month,lucerne,august,no,0,0,,REVIEW*,"NOT reported in capped export — status unknown, may be missing due to 1,000-row cap"
https://www.gotript.com/lucerne-weather-in-december,weather-month,lucerne,december,no,0,0,,REVIEW*,"NOT reported in capped export — status unknown, may be missing due to 1,000-row cap"
https://www.gotript.com/lucerne-weather-in-february,weather-month,lucerne,february,no,0,0,,REVIEW*,"NOT reported in capped export — status unknown, may be missing due to 1,000-row cap"
https://www.gotript.com/lucerne-weather-in-january,weather-month,lucerne,january,no,0,0,,REVIEW*,"NOT reported in capped export — status unknown, may be missing due to 1,000-row cap"
https://www.gotript.com/lucerne-weather-in-july,weather-month,lucerne,july,no,0,0,,REVIEW*,"NOT reported in capped export — status unknown, may be missing due to 1,000-row cap"
https://www.gotript.com/lucerne-weather-in-june,weather-month,lucerne,june,no,0,0,,REVIEW*,"NOT reported in capped export — status unknown, may be missing due to 1,000-row cap"
https://www.gotript.com/lucerne-weather-in-march,weather-month,lucerne,march,no,0,0,,REVIEW*,"NOT reported in capped export — status unknown, may be missing due to 1,000-row cap"
https://www.gotript.com/lucerne-weather-in-may,weather-month,lucerne,may,no,0,0,,REVIEW*,"NOT reported in capped export — status unknown, may be missing due to 1,000-row cap"
https://www.gotript.com/lucerne-weather-in-november,weather-month,lucerne,november,no,0,0,,REVIEW*,"NOT reported in capped export — status unknown, may be missing due to 1,000-row cap"
https://www.gotript.com/lucerne-weather-in-october,weather-month,lucerne,october,no,0,0,,REVIEW*,"NOT reported in capped export — status unknown, may be missing due to 1,000-row cap"
https://www.gotript.com/lugano-weather-in-april,weather-month,lugano,april,no,0,0,,REVIEW*,"NOT reported in capped export — status unknown, may be missing due to 1,000-row cap"
https://www.gotript.com/lugano-weather-in-august,weather-month,lugano,august,no,0,0,,REVIEW*,"NOT reported in capped export — status unknown, may be missing due to 1,000-row cap"
https://www.gotript.com/lugano-weather-in-december,weather-month,lugano,december,no,0,0,,REVIEW*,"NOT reported in capped export — status unknown, may be missing due to 1,000-row cap"
https://www.gotript.com/lugano-weather-in-february,weather-month,lugano,february,no,0,0,,REVIEW*,"NOT reported in capped export — status unknown, may be missing due to 1,000-row cap"
https://www.gotript.com/lugano-weather-in-january,weather-month,lugano,january,no,0,0,,REVIEW*,"NOT reported in capped export — status unknown, may be missing due to 1,000-row cap"
https://www.gotript.com/lugano-weather-in-july,weather-month,lugano,july,no,0,0,,REVIEW*,"NOT reported in capped export — status unknown, may be missing due to 1,000-row cap"
https://www.gotript.com/lugano-weather-in-june,weather-month,lugano,june,no,0,0,,REVIEW*,"NOT reported in capped export — status unknown, may be missing due to 1,000-row cap"
https://www.gotript.com/lugano-weather-in-march,weather-month,lugano,march,no,0,0,,REVIEW*,"NOT reported in capped export — status unknown, may be missing due to 1,000-row cap"
https://www.gotript.com/lugano-weather-in-may,weather-month,lugano,may,no,0,0,,REVIEW*,"NOT reported in capped export — status unknown, may be missing due to 1,000-row cap"
https://www.gotript.com/lugano-weather-in-november,weather-month,lugano,november,no,0,0,,REVIEW*,"NOT reported in capped export — status unknown, may be missing due to 1,000-row cap"
https://www.gotript.com/lugano-weather-in-october,weather-month,lugano,october,no,0,0,,REVIEW*,"NOT reported in capped export — status unknown, may be missing due to 1,000-row cap"
https://www.gotript.com/lugano-weather-in-september,weather-month,lugano,september,no,0,0,,REVIEW*,"NOT reported in capped export — status unknown, may be missing due to 1,000-row cap"
https://www.gotript.com/luxor-weather-in-april,weather-month,luxor,april,no,0,0,,REVIEW*,"NOT reported in capped export — status unknown, may be missing due to 1,000-row cap"
https://www.gotript.com/luxor-weather-in-august,weather-month,luxor,august,no,0,0,,REVIEW*,"NOT reported in capped export — status unknown, may be missing due to 1,000-row cap"
https://www.gotript.com/luxor-weather-in-december,weather-month,luxor,december,no,0,0,,REVIEW*,"NOT reported in capped export — status unknown, may be missing due to 1,000-row cap"
https://www.gotript.com/luxor-weather-in-february,weather-month,luxor,february,no,0,0,,REVIEW*,"NOT reported in capped export — status unknown, may be missing due to 1,000-row cap"
https://www.gotript.com/luxor-weather-in-january,weather-month,luxor,january,no,0,0,,REVIEW*,"NOT reported in capped export — status unknown, may be missing due to 1,000-row cap"
https://www.gotript.com/luxor-weather-in-july,weather-month,luxor,july,no,0,0,,REVIEW*,"NOT reported in capped export — status unknown, may be missing due to 1,000-row cap"
https://www.gotript.com/luxor-weather-in-june,weather-month,luxor,june,no,0,0,,REVIEW*,"NOT reported in capped export — status unknown, may be missing due to 1,000-row cap"
https://www.gotript.com/luxor-weather-in-march,weather-month,luxor,march,no,0,0,,REVIEW*,"NOT reported in capped export — status unknown, may be missing due to 1,000-row cap"
https://www.gotript.com/luxor-weather-in-may,weather-month,luxor,may,no,0,0,,REVIEW*,"NOT reported in capped export — status unknown, may be missing due to 1,000-row cap"
https://www.gotript.com/luxor-weather-in-november,weather-month,luxor,november,no,0,0,,REVIEW*,"NOT reported in capped export — status unknown, may be missing due to 1,000-row cap"
https://www.gotript.com/luxor-weather-in-october,weather-month,luxor,october,no,0,0,,REVIEW*,"NOT reported in capped export — status unknown, may be missing due to 1,000-row cap"
https://www.gotript.com/luxor-weather-in-september,weather-month,luxor,september,no,0,0,,REVIEW*,"NOT reported in capped export — status unknown, may be missing due to 1,000-row cap"
https://www.gotript.com/lyon-weather-in-april,weather-month,lyon,april,no,0,0,,REVIEW*,"NOT reported in capped export — status unknown, may be missing due to 1,000-row cap"
https://www.gotript.com/lyon-weather-in-december,weather-month,lyon,december,no,0,0,,REVIEW*,"NOT reported in capped export — status unknown, may be missing due to 1,000-row cap"
https://www.gotript.com/lyon-weather-in-february,weather-month,lyon,february,no,0,0,,REVIEW*,"NOT reported in capped export — status unknown, may be missing due to 1,000-row cap"
https://www.gotript.com/lyon-weather-in-january,weather-month,lyon,january,no,0,0,,REVIEW*,"NOT reported in capped export — status unknown, may be missing due to 1,000-row cap"
https://www.gotript.com/lyon-weather-in-july,weather-month,lyon,july,no,0,0,,REVIEW*,"NOT reported in capped export — status unknown, may be missing due to 1,000-row cap"
https://www.gotript.com/lyon-weather-in-march,weather-month,lyon,march,no,0,0,,REVIEW*,"NOT reported in capped export — status unknown, may be missing due to 1,000-row cap"
https://www.gotript.com/lyon-weather-in-may,weather-month,lyon,may,no,0,0,,REVIEW*,"NOT reported in capped export — status unknown, may be missing due to 1,000-row cap"
https://www.gotript.com/lyon-weather-in-november,weather-month,lyon,november,no,0,0,,REVIEW*,"NOT reported in capped export — status unknown, may be missing due to 1,000-row cap"
https://www.gotript.com/lyon-weather-in-october,weather-month,lyon,october,no,0,0,,REVIEW*,"NOT reported in capped export — status unknown, may be missing due to 1,000-row cap"
https://www.gotript.com/madeira-weather-in-april,weather-month,madeira,april,no,0,0,,REVIEW*,"NOT reported in capped export — status unknown, may be missing due to 1,000-row cap"
https://www.gotript.com/madeira-weather-in-august,weather-month,madeira,august,no,0,0,,REVIEW*,"NOT reported in capped export — status unknown, may be missing due to 1,000-row cap"
https://www.gotript.com/madeira-weather-in-december,weather-month,madeira,december,no,0,0,,REVIEW*,"NOT reported in capped export — status unknown, may be missing due to 1,000-row cap"
https://www.gotript.com/madeira-weather-in-february,weather-month,madeira,february,no,0,0,,REVIEW*,"NOT reported in capped export — status unknown, may be missing due to 1,000-row cap"
https://www.gotript.com/madeira-weather-in-january,weather-month,madeira,january,no,0,0,,REVIEW*,"NOT reported in capped export — status unknown, may be missing due to 1,000-row cap"
https://www.gotript.com/madeira-weather-in-july,weather-month,madeira,july,no,0,0,,REVIEW*,"NOT reported in capped export — status unknown, may be missing due to 1,000-row cap"
https://www.gotript.com/madeira-weather-in-june,weather-month,madeira,june,no,0,0,,REVIEW*,"NOT reported in capped export — status unknown, may be missing due to 1,000-row cap"
https://www.gotript.com/madeira-weather-in-march,weather-month,madeira,march,no,0,0,,REVIEW*,"NOT reported in capped export — status unknown, may be missing due to 1,000-row cap"
https://www.gotript.com/madeira-weather-in-may,weather-month,madeira,may,no,0,0,,REVIEW*,"NOT reported in capped export — status unknown, may be missing due to 1,000-row cap"
https://www.gotript.com/madeira-weather-in-november,weather-month,madeira,november,no,0,0,,REVIEW*,"NOT reported in capped export — status unknown, may be missing due to 1,000-row cap"
https://www.gotript.com/madeira-weather-in-october,weather-month,madeira,october,no,0,0,,REVIEW*,"NOT reported in capped export — status unknown, may be missing due to 1,000-row cap"
https://www.gotript.com/madeira-weather-in-september,weather-month,madeira,september,no,0,0,,REVIEW*,"NOT reported in capped export — status unknown, may be missing due to 1,000-row cap"
https://www.gotript.com/madrid-weather-in-april,weather-month,madrid,april,no,0,0,,REVIEW*,"NOT reported in capped export — status unknown, may be missing due to 1,000-row cap"
https://www.gotript.com/madrid-weather-in-august,weather-month,madrid,august,no,0,0,,REVIEW*,"NOT reported in capped export — status unknown, may be missing due to 1,000-row cap"
https://www.gotript.com/madrid-weather-in-december,weather-month,madrid,december,no,0,0,,REVIEW*,"NOT reported in capped export — status unknown, may be missing due to 1,000-row cap"
https://www.gotript.com/madrid-weather-in-july,weather-month,madrid,july,no,0,0,,REVIEW*,"NOT reported in capped export — status unknown, may be missing due to 1,000-row cap"
https://www.gotript.com/madrid-weather-in-june,weather-month,madrid,june,no,0,0,,REVIEW*,"NOT reported in capped export — status unknown, may be missing due to 1,000-row cap"
https://www.gotript.com/madrid-weather-in-march,weather-month,madrid,march,no,0,0,,REVIEW*,"NOT reported in capped export — status unknown, may be missing due to 1,000-row cap"
https://www.gotript.com/madrid-weather-in-may,weather-month,madrid,may,no,0,0,,REVIEW*,"NOT reported in capped export — status unknown, may be missing due to 1,000-row cap"
https://www.gotript.com/madrid-weather-in-october,weather-month,madrid,october,no,0,0,,REVIEW*,"NOT reported in capped export — status unknown, may be missing due to 1,000-row cap"
https://www.gotript.com/madrid-weather-in-september,weather-month,madrid,september,no,0,0,,REVIEW*,"NOT reported in capped export — status unknown, may be missing due to 1,000-row cap"
https://www.gotript.com/malaga-weather-in-april,weather-month,malaga,april,no,0,0,,REVIEW*,"NOT reported in capped export — status unknown, may be missing due to 1,000-row cap"
https://www.gotript.com/malaga-weather-in-february,weather-month,malaga,february,no,0,0,,REVIEW*,"NOT reported in capped export — status unknown, may be missing due to 1,000-row cap"
https://www.gotript.com/malaga-weather-in-july,weather-month,malaga,july,no,0,0,,REVIEW*,"NOT reported in capped export — status unknown, may be missing due to 1,000-row cap"
https://www.gotript.com/malaga-weather-in-june,weather-month,malaga,june,no,0,0,,REVIEW*,"NOT reported in capped export — status unknown, may be missing due to 1,000-row cap"
https://www.gotript.com/malaga-weather-in-march,weather-month,malaga,march,no,0,0,,REVIEW*,"NOT reported in capped export — status unknown, may be missing due to 1,000-row cap"
https://www.gotript.com/malaga-weather-in-may,weather-month,malaga,may,no,0,0,,REVIEW*,"NOT reported in capped export — status unknown, may be missing due to 1,000-row cap"
https://www.gotript.com/malaga-weather-in-november,weather-month,malaga,november,no,0,0,,REVIEW*,"NOT reported in capped export — status unknown, may be missing due to 1,000-row cap"
https://www.gotript.com/malaga-weather-in-october,weather-month,malaga,october,no,0,0,,REVIEW*,"NOT reported in capped export — status unknown, may be missing due to 1,000-row cap"
https://www.gotript.com/malaga-weather-in-september,weather-month,malaga,september,no,0,0,,REVIEW*,"NOT reported in capped export — status unknown, may be missing due to 1,000-row cap"
https://www.gotript.com/maldives-weather-in-april,weather-month,maldives,april,no,0,0,,REVIEW*,"NOT reported in capped export — status unknown, may be missing due to 1,000-row cap"
https://www.gotript.com/maldives-weather-in-august,weather-month,maldives,august,no,0,0,,REVIEW*,"NOT reported in capped export — status unknown, may be missing due to 1,000-row cap"
https://www.gotript.com/maldives-weather-in-december,weather-month,maldives,december,no,0,0,,REVIEW*,"NOT reported in capped export — status unknown, may be missing due to 1,000-row cap"
https://www.gotript.com/maldives-weather-in-february,weather-month,maldives,february,no,0,0,,REVIEW*,"NOT reported in capped export — status unknown, may be missing due to 1,000-row cap"
https://www.gotript.com/maldives-weather-in-january,weather-month,maldives,january,no,0,0,,REVIEW*,"NOT reported in capped export — status unknown, may be missing due to 1,000-row cap"
https://www.gotript.com/maldives-weather-in-july,weather-month,maldives,july,no,0,0,,REVIEW*,"NOT reported in capped export — status unknown, may be missing due to 1,000-row cap"
https://www.gotript.com/maldives-weather-in-june,weather-month,maldives,june,no,0,0,,REVIEW*,"NOT reported in capped export — status unknown, may be missing due to 1,000-row cap"
https://www.gotript.com/maldives-weather-in-march,weather-month,maldives,march,no,0,0,,REVIEW*,"NOT reported in capped export — status unknown, may be missing due to 1,000-row cap"
https://www.gotript.com/maldives-weather-in-may,weather-month,maldives,may,no,0,0,,REVIEW*,"NOT reported in capped export — status unknown, may be missing due to 1,000-row cap"
https://www.gotript.com/maldives-weather-in-november,weather-month,maldives,november,no,0,0,,REVIEW*,"NOT reported in capped export — status unknown, may be missing due to 1,000-row cap"
https://www.gotript.com/maldives-weather-in-october,weather-month,maldives,october,no,0,0,,REVIEW*,"NOT reported in capped export — status unknown, may be missing due to 1,000-row cap"
https://www.gotript.com/maldives-weather-in-september,weather-month,maldives,september,no,0,0,,REVIEW*,"NOT reported in capped export — status unknown, may be missing due to 1,000-row cap"
https://www.gotript.com/mallorca-weather-in-april,weather-month,mallorca,april,no,0,0,,REVIEW*,"NOT reported in capped export — status unknown, may be missing due to 1,000-row cap"
https://www.gotript.com/mallorca-weather-in-august,weather-month,mallorca,august,no,0,0,,REVIEW*,"NOT reported in capped export — status unknown, may be missing due to 1,000-row cap"
https://www.gotript.com/mallorca-weather-in-january,weather-month,mallorca,january,no,0,0,,REVIEW*,"NOT reported in capped export — status unknown, may be missing due to 1,000-row cap"
https://www.gotript.com/mallorca-weather-in-july,weather-month,mallorca,july,no,0,0,,REVIEW*,"NOT reported in capped export — status unknown, may be missing due to 1,000-row cap"
https://www.gotript.com/mallorca-weather-in-june,weather-month,mallorca,june,no,0,0,,REVIEW*,"NOT reported in capped export — status unknown, may be missing due to 1,000-row cap"
https://www.gotript.com/mallorca-weather-in-may,weather-month,mallorca,may,no,0,0,,REVIEW*,"NOT reported in capped export — status unknown, may be missing due to 1,000-row cap"
https://www.gotript.com/mallorca-weather-in-november,weather-month,mallorca,november,no,0,0,,REVIEW*,"NOT reported in capped export — status unknown, may be missing due to 1,000-row cap"
https://www.gotript.com/mallorca-weather-in-october,weather-month,mallorca,october,no,0,0,,REVIEW*,"NOT reported in capped export — status unknown, may be missing due to 1,000-row cap"
https://www.gotript.com/mallorca-weather-in-september,weather-month,mallorca,september,no,0,0,,REVIEW*,"NOT reported in capped export — status unknown, may be missing due to 1,000-row cap"
https://www.gotript.com/manila-weather-in-april,weather-month,manila,april,no,0,0,,REVIEW*,"NOT reported in capped export — status unknown, may be missing due to 1,000-row cap"
https://www.gotript.com/manila-weather-in-december,weather-month,manila,december,no,0,0,,REVIEW*,"NOT reported in capped export — status unknown, may be missing due to 1,000-row cap"
https://www.gotript.com/manila-weather-in-february,weather-month,manila,february,no,0,0,,REVIEW*,"NOT reported in capped export — status unknown, may be missing due to 1,000-row cap"
https://www.gotript.com/manila-weather-in-january,weather-month,manila,january,no,0,0,,REVIEW*,"NOT reported in capped export — status unknown, may be missing due to 1,000-row cap"
https://www.gotript.com/manila-weather-in-july,weather-month,manila,july,no,0,0,,REVIEW*,"NOT reported in capped export — status unknown, may be missing due to 1,000-row cap"
https://www.gotript.com/manila-weather-in-june,weather-month,manila,june,no,0,0,,REVIEW*,"NOT reported in capped export — status unknown, may be missing due to 1,000-row cap"
https://www.gotript.com/manila-weather-in-march,weather-month,manila,march,no,0,0,,REVIEW*,"NOT reported in capped export — status unknown, may be missing due to 1,000-row cap"
https://www.gotript.com/manila-weather-in-may,weather-month,manila,may,no,0,0,,REVIEW*,"NOT reported in capped export — status unknown, may be missing due to 1,000-row cap"
https://www.gotript.com/manila-weather-in-november,weather-month,manila,november,no,0,0,,REVIEW*,"NOT reported in capped export — status unknown, may be missing due to 1,000-row cap"
https://www.gotript.com/manila-weather-in-september,weather-month,manila,september,no,0,0,,REVIEW*,"NOT reported in capped export — status unknown, may be missing due to 1,000-row cap"
https://www.gotript.com/marrakech-weather-in-april,weather-month,marrakech,april,no,0,0,,REVIEW*,"NOT reported in capped export — status unknown, may be missing due to 1,000-row cap"
https://www.gotript.com/marrakech-weather-in-december,weather-month,marrakech,december,no,0,0,,REVIEW*,"NOT reported in capped export — status unknown, may be missing due to 1,000-row cap"
https://www.gotript.com/marrakech-weather-in-june,weather-month,marrakech,june,no,0,0,,REVIEW*,"NOT reported in capped export — status unknown, may be missing due to 1,000-row cap"
https://www.gotript.com/marrakech-weather-in-march,weather-month,marrakech,march,no,0,0,,REVIEW*,"NOT reported in capped export — status unknown, may be missing due to 1,000-row cap"
https://www.gotript.com/marrakech-weather-in-may,weather-month,marrakech,may,no,0,0,,REVIEW*,"NOT reported in capped export — status unknown, may be missing due to 1,000-row cap"
https://www.gotript.com/marrakech-weather-in-october,weather-month,marrakech,october,no,0,0,,REVIEW*,"NOT reported in capped export — status unknown, may be missing due to 1,000-row cap"
https://www.gotript.com/marrakech-weather-in-september,weather-month,marrakech,september,no,0,0,,REVIEW*,"NOT reported in capped export — status unknown, may be missing due to 1,000-row cap"
https://www.gotript.com/marseille-weather-in-april,weather-month,marseille,april,no,0,0,,REVIEW*,"NOT reported in capped export — status unknown, may be missing due to 1,000-row cap"
https://www.gotript.com/marseille-weather-in-august,weather-month,marseille,august,no,0,0,,REVIEW*,"NOT reported in capped export — status unknown, may be missing due to 1,000-row cap"
https://www.gotript.com/marseille-weather-in-december,weather-month,marseille,december,no,0,0,,REVIEW*,"NOT reported in capped export — status unknown, may be missing due to 1,000-row cap"
https://www.gotript.com/marseille-weather-in-february,weather-month,marseille,february,no,0,0,,REVIEW*,"NOT reported in capped export — status unknown, may be missing due to 1,000-row cap"
https://www.gotript.com/marseille-weather-in-january,weather-month,marseille,january,no,0,0,,REVIEW*,"NOT reported in capped export — status unknown, may be missing due to 1,000-row cap"
https://www.gotript.com/marseille-weather-in-july,weather-month,marseille,july,no,0,0,,REVIEW*,"NOT reported in capped export — status unknown, may be missing due to 1,000-row cap"
https://www.gotript.com/marseille-weather-in-march,weather-month,marseille,march,no,0,0,,REVIEW*,"NOT reported in capped export — status unknown, may be missing due to 1,000-row cap"
https://www.gotript.com/marseille-weather-in-may,weather-month,marseille,may,no,0,0,,REVIEW*,"NOT reported in capped export — status unknown, may be missing due to 1,000-row cap"
https://www.gotript.com/marseille-weather-in-november,weather-month,marseille,november,no,0,0,,REVIEW*,"NOT reported in capped export — status unknown, may be missing due to 1,000-row cap"
https://www.gotript.com/marseille-weather-in-october,weather-month,marseille,october,no,0,0,,REVIEW*,"NOT reported in capped export — status unknown, may be missing due to 1,000-row cap"
https://www.gotript.com/marseille-weather-in-september,weather-month,marseille,september,no,0,0,,REVIEW*,"NOT reported in capped export — status unknown, may be missing due to 1,000-row cap"
https://www.gotript.com/matera-weather-in-april,weather-month,matera,april,no,0,0,,REVIEW*,"NOT reported in capped export — status unknown, may be missing due to 1,000-row cap"
https://www.gotript.com/matera-weather-in-december,weather-month,matera,december,no,0,0,,REVIEW*,"NOT reported in capped export — status unknown, may be missing due to 1,000-row cap"
https://www.gotript.com/matera-weather-in-february,weather-month,matera,february,no,0,0,,REVIEW*,"NOT reported in capped export — status unknown, may be missing due to 1,000-row cap"
https://www.gotript.com/matera-weather-in-january,weather-month,matera,january,no,0,0,,REVIEW*,"NOT reported in capped export — status unknown, may be missing due to 1,000-row cap"
https://www.gotript.com/matera-weather-in-july,weather-month,matera,july,no,0,0,,REVIEW*,"NOT reported in capped export — status unknown, may be missing due to 1,000-row cap"
https://www.gotript.com/matera-weather-in-june,weather-month,matera,june,no,0,0,,REVIEW*,"NOT reported in capped export — status unknown, may be missing due to 1,000-row cap"
https://www.gotript.com/matera-weather-in-march,weather-month,matera,march,no,0,0,,REVIEW*,"NOT reported in capped export — status unknown, may be missing due to 1,000-row cap"
https://www.gotript.com/matera-weather-in-may,weather-month,matera,may,no,0,0,,REVIEW*,"NOT reported in capped export — status unknown, may be missing due to 1,000-row cap"
https://www.gotript.com/matera-weather-in-october,weather-month,matera,october,no,0,0,,REVIEW*,"NOT reported in capped export — status unknown, may be missing due to 1,000-row cap"
https://www.gotript.com/matera-weather-in-september,weather-month,matera,september,no,0,0,,REVIEW*,"NOT reported in capped export — status unknown, may be missing due to 1,000-row cap"
https://www.gotript.com/maui-weather-in-april,weather-month,maui,april,no,0,0,,REVIEW*,"NOT reported in capped export — status unknown, may be missing due to 1,000-row cap"
https://www.gotript.com/maui-weather-in-august,weather-month,maui,august,no,0,0,,REVIEW*,"NOT reported in capped export — status unknown, may be missing due to 1,000-row cap"
https://www.gotript.com/maui-weather-in-december,weather-month,maui,december,no,0,0,,REVIEW*,"NOT reported in capped export — status unknown, may be missing due to 1,000-row cap"
https://www.gotript.com/maui-weather-in-february,weather-month,maui,february,no,0,0,,REVIEW*,"NOT reported in capped export — status unknown, may be missing due to 1,000-row cap"
https://www.gotript.com/maui-weather-in-january,weather-month,maui,january,no,0,0,,REVIEW*,"NOT reported in capped export — status unknown, may be missing due to 1,000-row cap"
https://www.gotript.com/maui-weather-in-july,weather-month,maui,july,no,0,0,,REVIEW*,"NOT reported in capped export — status unknown, may be missing due to 1,000-row cap"
https://www.gotript.com/maui-weather-in-june,weather-month,maui,june,no,0,0,,REVIEW*,"NOT reported in capped export — status unknown, may be missing due to 1,000-row cap"
https://www.gotript.com/maui-weather-in-march,weather-month,maui,march,no,0,0,,REVIEW*,"NOT reported in capped export — status unknown, may be missing due to 1,000-row cap"
https://www.gotript.com/maui-weather-in-may,weather-month,maui,may,no,0,0,,REVIEW*,"NOT reported in capped export — status unknown, may be missing due to 1,000-row cap"
https://www.gotript.com/maui-weather-in-november,weather-month,maui,november,no,0,0,,REVIEW*,"NOT reported in capped export — status unknown, may be missing due to 1,000-row cap"
https://www.gotript.com/maui-weather-in-october,weather-month,maui,october,no,0,0,,REVIEW*,"NOT reported in capped export — status unknown, may be missing due to 1,000-row cap"
https://www.gotript.com/maui-weather-in-september,weather-month,maui,september,no,0,0,,REVIEW*,"NOT reported in capped export — status unknown, may be missing due to 1,000-row cap"
https://www.gotript.com/mauritius-weather-in-april,weather-month,mauritius,april,no,0,0,,REVIEW*,"NOT reported in capped export — status unknown, may be missing due to 1,000-row cap"
https://www.gotript.com/mauritius-weather-in-august,weather-month,mauritius,august,no,0,0,,REVIEW*,"NOT reported in capped export — status unknown, may be missing due to 1,000-row cap"
https://www.gotript.com/mauritius-weather-in-december,weather-month,mauritius,december,no,0,0,,REVIEW*,"NOT reported in capped export — status unknown, may be missing due to 1,000-row cap"
https://www.gotript.com/mauritius-weather-in-february,weather-month,mauritius,february,no,0,0,,REVIEW*,"NOT reported in capped export — status unknown, may be missing due to 1,000-row cap"
https://www.gotript.com/mauritius-weather-in-january,weather-month,mauritius,january,no,0,0,,REVIEW*,"NOT reported in capped export — status unknown, may be missing due to 1,000-row cap"
https://www.gotript.com/mauritius-weather-in-june,weather-month,mauritius,june,no,0,0,,REVIEW*,"NOT reported in capped export — status unknown, may be missing due to 1,000-row cap"
https://www.gotript.com/mauritius-weather-in-october,weather-month,mauritius,october,no,0,0,,REVIEW*,"NOT reported in capped export — status unknown, may be missing due to 1,000-row cap"
https://www.gotript.com/mauritius-weather-in-september,weather-month,mauritius,september,no,0,0,,REVIEW*,"NOT reported in capped export — status unknown, may be missing due to 1,000-row cap"
https://www.gotript.com/medellin-weather-in-april,weather-month,medellin,april,no,0,0,,REVIEW*,"NOT reported in capped export — status unknown, may be missing due to 1,000-row cap"
https://www.gotript.com/medellin-weather-in-august,weather-month,medellin,august,no,0,0,,REVIEW*,"NOT reported in capped export — status unknown, may be missing due to 1,000-row cap"
https://www.gotript.com/medellin-weather-in-december,weather-month,medellin,december,no,0,0,,REVIEW*,"NOT reported in capped export — status unknown, may be missing due to 1,000-row cap"
https://www.gotript.com/medellin-weather-in-february,weather-month,medellin,february,no,0,0,,REVIEW*,"NOT reported in capped export — status unknown, may be missing due to 1,000-row cap"
https://www.gotript.com/medellin-weather-in-january,weather-month,medellin,january,no,0,0,,REVIEW*,"NOT reported in capped export — status unknown, may be missing due to 1,000-row cap"
https://www.gotript.com/medellin-weather-in-july,weather-month,medellin,july,no,0,0,,REVIEW*,"NOT reported in capped export — status unknown, may be missing due to 1,000-row cap"
https://www.gotript.com/medellin-weather-in-june,weather-month,medellin,june,no,0,0,,REVIEW*,"NOT reported in capped export — status unknown, may be missing due to 1,000-row cap"
https://www.gotript.com/medellin-weather-in-march,weather-month,medellin,march,no,0,0,,REVIEW*,"NOT reported in capped export — status unknown, may be missing due to 1,000-row cap"
https://www.gotript.com/medellin-weather-in-may,weather-month,medellin,may,no,0,0,,REVIEW*,"NOT reported in capped export — status unknown, may be missing due to 1,000-row cap"
https://www.gotript.com/medellin-weather-in-october,weather-month,medellin,october,no,0,0,,REVIEW*,"NOT reported in capped export — status unknown, may be missing due to 1,000-row cap"
https://www.gotript.com/medellin-weather-in-september,weather-month,medellin,september,no,0,0,,REVIEW*,"NOT reported in capped export — status unknown, may be missing due to 1,000-row cap"
https://www.gotript.com/melbourne-weather-in-april,weather-month,melbourne,april,no,0,0,,REVIEW*,"NOT reported in capped export — status unknown, may be missing due to 1,000-row cap"
https://www.gotript.com/melbourne-weather-in-august,weather-month,melbourne,august,no,0,0,,REVIEW*,"NOT reported in capped export — status unknown, may be missing due to 1,000-row cap"
https://www.gotript.com/melbourne-weather-in-december,weather-month,melbourne,december,no,0,0,,REVIEW*,"NOT reported in capped export — status unknown, may be missing due to 1,000-row cap"
https://www.gotript.com/melbourne-weather-in-february,weather-month,melbourne,february,no,0,0,,REVIEW*,"NOT reported in capped export — status unknown, may be missing due to 1,000-row cap"
https://www.gotript.com/melbourne-weather-in-january,weather-month,melbourne,january,no,0,0,,REVIEW*,"NOT reported in capped export — status unknown, may be missing due to 1,000-row cap"
https://www.gotript.com/melbourne-weather-in-june,weather-month,melbourne,june,no,0,0,,REVIEW*,"NOT reported in capped export — status unknown, may be missing due to 1,000-row cap"
https://www.gotript.com/melbourne-weather-in-march,weather-month,melbourne,march,no,0,0,,REVIEW*,"NOT reported in capped export — status unknown, may be missing due to 1,000-row cap"
https://www.gotript.com/melbourne-weather-in-may,weather-month,melbourne,may,no,0,0,,REVIEW*,"NOT reported in capped export — status unknown, may be missing due to 1,000-row cap"
https://www.gotript.com/melbourne-weather-in-september,weather-month,melbourne,september,no,0,0,,REVIEW*,"NOT reported in capped export — status unknown, may be missing due to 1,000-row cap"
https://www.gotript.com/merida-weather-in-april,weather-month,merida,april,no,0,0,,REVIEW*,"NOT reported in capped export — status unknown, may be missing due to 1,000-row cap"
https://www.gotript.com/merida-weather-in-december,weather-month,merida,december,no,0,0,,REVIEW*,"NOT reported in capped export — status unknown, may be missing due to 1,000-row cap"
https://www.gotript.com/merida-weather-in-february,weather-month,merida,february,no,0,0,,REVIEW*,"NOT reported in capped export — status unknown, may be missing due to 1,000-row cap"
https://www.gotript.com/merida-weather-in-january,weather-month,merida,january,no,0,0,,REVIEW*,"NOT reported in capped export — status unknown, may be missing due to 1,000-row cap"
https://www.gotript.com/merida-weather-in-july,weather-month,merida,july,no,0,0,,REVIEW*,"NOT reported in capped export — status unknown, may be missing due to 1,000-row cap"
https://www.gotript.com/merida-weather-in-june,weather-month,merida,june,no,0,0,,REVIEW*,"NOT reported in capped export — status unknown, may be missing due to 1,000-row cap"
https://www.gotript.com/merida-weather-in-march,weather-month,merida,march,no,0,0,,REVIEW*,"NOT reported in capped export — status unknown, may be missing due to 1,000-row cap"
https://www.gotript.com/merida-weather-in-may,weather-month,merida,may,no,0,0,,REVIEW*,"NOT reported in capped export — status unknown, may be missing due to 1,000-row cap"
https://www.gotript.com/merida-weather-in-november,weather-month,merida,november,no,0,0,,REVIEW*,"NOT reported in capped export — status unknown, may be missing due to 1,000-row cap"
https://www.gotript.com/merida-weather-in-october,weather-month,merida,october,no,0,0,,REVIEW*,"NOT reported in capped export — status unknown, may be missing due to 1,000-row cap"
https://www.gotript.com/merida-weather-in-september,weather-month,merida,september,no,0,0,,REVIEW*,"NOT reported in capped export — status unknown, may be missing due to 1,000-row cap"
https://www.gotript.com/mexico-city-weather-in-april,weather-month,mexico-city,april,no,0,0,,REVIEW*,"NOT reported in capped export — status unknown, may be missing due to 1,000-row cap"
https://www.gotript.com/mexico-city-weather-in-august,weather-month,mexico-city,august,no,0,0,,REVIEW*,"NOT reported in capped export — status unknown, may be missing due to 1,000-row cap"
https://www.gotript.com/mexico-city-weather-in-december,weather-month,mexico-city,december,no,0,0,,REVIEW*,"NOT reported in capped export — status unknown, may be missing due to 1,000-row cap"
https://www.gotript.com/mexico-city-weather-in-january,weather-month,mexico-city,january,no,0,0,,REVIEW*,"NOT reported in capped export — status unknown, may be missing due to 1,000-row cap"
https://www.gotript.com/mexico-city-weather-in-july,weather-month,mexico-city,july,no,0,0,,REVIEW*,"NOT reported in capped export — status unknown, may be missing due to 1,000-row cap"
https://www.gotript.com/mexico-city-weather-in-june,weather-month,mexico-city,june,no,0,0,,REVIEW*,"NOT reported in capped export — status unknown, may be missing due to 1,000-row cap"
https://www.gotript.com/mexico-city-weather-in-march,weather-month,mexico-city,march,no,0,0,,REVIEW*,"NOT reported in capped export — status unknown, may be missing due to 1,000-row cap"
https://www.gotript.com/mexico-city-weather-in-may,weather-month,mexico-city,may,no,0,0,,REVIEW*,"NOT reported in capped export — status unknown, may be missing due to 1,000-row cap"
https://www.gotript.com/mexico-city-weather-in-november,weather-month,mexico-city,november,no,0,0,,REVIEW*,"NOT reported in capped export — status unknown, may be missing due to 1,000-row cap"
https://www.gotript.com/mexico-city-weather-in-september,weather-month,mexico-city,september,no,0,0,,REVIEW*,"NOT reported in capped export — status unknown, may be missing due to 1,000-row cap"
https://www.gotript.com/miami-weather-in-april,weather-month,miami,april,no,0,0,,REVIEW*,"NOT reported in capped export — status unknown, may be missing due to 1,000-row cap"
https://www.gotript.com/miami-weather-in-august,weather-month,miami,august,no,0,0,,REVIEW*,"NOT reported in capped export — status unknown, may be missing due to 1,000-row cap"
https://www.gotript.com/miami-weather-in-december,weather-month,miami,december,no,0,0,,REVIEW*,"NOT reported in capped export — status unknown, may be missing due to 1,000-row cap"
https://www.gotript.com/miami-weather-in-february,weather-month,miami,february,no,0,0,,REVIEW*,"NOT reported in capped export — status unknown, may be missing due to 1,000-row cap"
https://www.gotript.com/miami-weather-in-january,weather-month,miami,january,no,0,0,,REVIEW*,"NOT reported in capped export — status unknown, may be missing due to 1,000-row cap"
https://www.gotript.com/miami-weather-in-july,weather-month,miami,july,no,0,0,,REVIEW*,"NOT reported in capped export — status unknown, may be missing due to 1,000-row cap"
https://www.gotript.com/miami-weather-in-june,weather-month,miami,june,no,0,0,,REVIEW*,"NOT reported in capped export — status unknown, may be missing due to 1,000-row cap"
https://www.gotript.com/miami-weather-in-may,weather-month,miami,may,no,0,0,,REVIEW*,"NOT reported in capped export — status unknown, may be missing due to 1,000-row cap"
https://www.gotript.com/miami-weather-in-november,weather-month,miami,november,no,0,0,,REVIEW*,"NOT reported in capped export — status unknown, may be missing due to 1,000-row cap"
https://www.gotript.com/miami-weather-in-october,weather-month,miami,october,no,0,0,,REVIEW*,"NOT reported in capped export — status unknown, may be missing due to 1,000-row cap"
https://www.gotript.com/miami-weather-in-september,weather-month,miami,september,no,0,0,,REVIEW*,"NOT reported in capped export — status unknown, may be missing due to 1,000-row cap"
https://www.gotript.com/milan-weather-in-april,weather-month,milan,april,no,0,0,,REVIEW*,"NOT reported in capped export — status unknown, may be missing due to 1,000-row cap"
https://www.gotript.com/milan-weather-in-august,weather-month,milan,august,no,0,0,,REVIEW*,"NOT reported in capped export — status unknown, may be missing due to 1,000-row cap"
https://www.gotript.com/milan-weather-in-december,weather-month,milan,december,no,0,0,,REVIEW*,"NOT reported in capped export — status unknown, may be missing due to 1,000-row cap"
https://www.gotript.com/milan-weather-in-february,weather-month,milan,february,no,0,0,,REVIEW*,"NOT reported in capped export — status unknown, may be missing due to 1,000-row cap"
https://www.gotript.com/milan-weather-in-march,weather-month,milan,march,no,0,0,,REVIEW*,"NOT reported in capped export — status unknown, may be missing due to 1,000-row cap"
https://www.gotript.com/milan-weather-in-may,weather-month,milan,may,no,0,0,,REVIEW*,"NOT reported in capped export — status unknown, may be missing due to 1,000-row cap"
https://www.gotript.com/milan-weather-in-november,weather-month,milan,november,no,0,0,,REVIEW*,"NOT reported in capped export — status unknown, may be missing due to 1,000-row cap"
https://www.gotript.com/milan-weather-in-october,weather-month,milan,october,no,0,0,,REVIEW*,"NOT reported in capped export — status unknown, may be missing due to 1,000-row cap"
https://www.gotript.com/montreal-weather-in-april,weather-month,montreal,april,no,0,0,,REVIEW*,"NOT reported in capped export — status unknown, may be missing due to 1,000-row cap"
https://www.gotript.com/montreal-weather-in-february,weather-month,montreal,february,no,0,0,,REVIEW*,"NOT reported in capped export — status unknown, may be missing due to 1,000-row cap"
https://www.gotript.com/montreal-weather-in-june,weather-month,montreal,june,no,0,0,,REVIEW*,"NOT reported in capped export — status unknown, may be missing due to 1,000-row cap"
https://www.gotript.com/montreal-weather-in-march,weather-month,montreal,march,no,0,0,,REVIEW*,"NOT reported in capped export — status unknown, may be missing due to 1,000-row cap"
https://www.gotript.com/montreal-weather-in-may,weather-month,montreal,may,no,0,0,,REVIEW*,"NOT reported in capped export — status unknown, may be missing due to 1,000-row cap"
https://www.gotript.com/montreal-weather-in-october,weather-month,montreal,october,no,0,0,,REVIEW*,"NOT reported in capped export — status unknown, may be missing due to 1,000-row cap"
https://www.gotript.com/montreal-weather-in-september,weather-month,montreal,september,no,0,0,,REVIEW*,"NOT reported in capped export — status unknown, may be missing due to 1,000-row cap"
https://www.gotript.com/montreux-weather-in-april,weather-month,montreux,april,no,0,0,,REVIEW*,"NOT reported in capped export — status unknown, may be missing due to 1,000-row cap"
https://www.gotript.com/montreux-weather-in-august,weather-month,montreux,august,no,0,0,,REVIEW*,"NOT reported in capped export — status unknown, may be missing due to 1,000-row cap"
https://www.gotript.com/montreux-weather-in-december,weather-month,montreux,december,no,0,0,,REVIEW*,"NOT reported in capped export — status unknown, may be missing due to 1,000-row cap"
https://www.gotript.com/montreux-weather-in-february,weather-month,montreux,february,no,0,0,,REVIEW*,"NOT reported in capped export — status unknown, may be missing due to 1,000-row cap"
https://www.gotript.com/montreux-weather-in-january,weather-month,montreux,january,no,0,0,,REVIEW*,"NOT reported in capped export — status unknown, may be missing due to 1,000-row cap"
https://www.gotript.com/montreux-weather-in-july,weather-month,montreux,july,no,0,0,,REVIEW*,"NOT reported in capped export — status unknown, may be missing due to 1,000-row cap"
https://www.gotript.com/montreux-weather-in-june,weather-month,montreux,june,no,0,0,,REVIEW*,"NOT reported in capped export — status unknown, may be missing due to 1,000-row cap"
https://www.gotript.com/montreux-weather-in-march,weather-month,montreux,march,no,0,0,,REVIEW*,"NOT reported in capped export — status unknown, may be missing due to 1,000-row cap"
https://www.gotript.com/montreux-weather-in-may,weather-month,montreux,may,no,0,0,,REVIEW*,"NOT reported in capped export — status unknown, may be missing due to 1,000-row cap"
https://www.gotript.com/montreux-weather-in-october,weather-month,montreux,october,no,0,0,,REVIEW*,"NOT reported in capped export — status unknown, may be missing due to 1,000-row cap"
https://www.gotript.com/montreux-weather-in-september,weather-month,montreux,september,no,0,0,,REVIEW*,"NOT reported in capped export — status unknown, may be missing due to 1,000-row cap"
https://www.gotript.com/mumbai-weather-in-august,weather-month,mumbai,august,no,0,0,,REVIEW*,"NOT reported in capped export — status unknown, may be missing due to 1,000-row cap"
https://www.gotript.com/mumbai-weather-in-december,weather-month,mumbai,december,no,0,0,,REVIEW*,"NOT reported in capped export — status unknown, may be missing due to 1,000-row cap"
https://www.gotript.com/mumbai-weather-in-july,weather-month,mumbai,july,no,0,0,,REVIEW*,"NOT reported in capped export — status unknown, may be missing due to 1,000-row cap"
https://www.gotript.com/mumbai-weather-in-june,weather-month,mumbai,june,no,0,0,,REVIEW*,"NOT reported in capped export — status unknown, may be missing due to 1,000-row cap"
https://www.gotript.com/mumbai-weather-in-march,weather-month,mumbai,march,no,0,0,,REVIEW*,"NOT reported in capped export — status unknown, may be missing due to 1,000-row cap"
https://www.gotript.com/mumbai-weather-in-november,weather-month,mumbai,november,no,0,0,,REVIEW*,"NOT reported in capped export — status unknown, may be missing due to 1,000-row cap"
https://www.gotript.com/mumbai-weather-in-september,weather-month,mumbai,september,no,0,0,,REVIEW*,"NOT reported in capped export — status unknown, may be missing due to 1,000-row cap"
https://www.gotript.com/munich-weather-in-february,weather-month,munich,february,no,0,0,,REVIEW*,"NOT reported in capped export — status unknown, may be missing due to 1,000-row cap"
https://www.gotript.com/munich-weather-in-january,weather-month,munich,january,no,0,0,,REVIEW*,"NOT reported in capped export — status unknown, may be missing due to 1,000-row cap"
https://www.gotript.com/munich-weather-in-july,weather-month,munich,july,no,0,0,,REVIEW*,"NOT reported in capped export — status unknown, may be missing due to 1,000-row cap"
https://www.gotript.com/munich-weather-in-may,weather-month,munich,may,no,0,0,,REVIEW*,"NOT reported in capped export — status unknown, may be missing due to 1,000-row cap"
https://www.gotript.com/munich-weather-in-november,weather-month,munich,november,no,0,0,,REVIEW*,"NOT reported in capped export — status unknown, may be missing due to 1,000-row cap"
https://www.gotript.com/munich-weather-in-september,weather-month,munich,september,no,0,0,,REVIEW*,"NOT reported in capped export — status unknown, may be missing due to 1,000-row cap"
https://www.gotript.com/murren-weather-in-april,weather-month,murren,april,no,0,0,,REVIEW*,"NOT reported in capped export — status unknown, may be missing due to 1,000-row cap"
https://www.gotript.com/murren-weather-in-december,weather-month,murren,december,no,0,0,,REVIEW*,"NOT reported in capped export — status unknown, may be missing due to 1,000-row cap"
https://www.gotript.com/murren-weather-in-february,weather-month,murren,february,no,0,0,,REVIEW*,"NOT reported in capped export — status unknown, may be missing due to 1,000-row cap"
https://www.gotript.com/murren-weather-in-january,weather-month,murren,january,no,0,0,,REVIEW*,"NOT reported in capped export — status unknown, may be missing due to 1,000-row cap"
https://www.gotript.com/murren-weather-in-july,weather-month,murren,july,no,0,0,,REVIEW*,"NOT reported in capped export — status unknown, may be missing due to 1,000-row cap"
https://www.gotript.com/murren-weather-in-june,weather-month,murren,june,no,0,0,,REVIEW*,"NOT reported in capped export — status unknown, may be missing due to 1,000-row cap"
https://www.gotript.com/murren-weather-in-march,weather-month,murren,march,no,0,0,,REVIEW*,"NOT reported in capped export — status unknown, may be missing due to 1,000-row cap"
https://www.gotript.com/murren-weather-in-may,weather-month,murren,may,no,0,0,,REVIEW*,"NOT reported in capped export — status unknown, may be missing due to 1,000-row cap"
https://www.gotript.com/murren-weather-in-november,weather-month,murren,november,no,0,0,,REVIEW*,"NOT reported in capped export — status unknown, may be missing due to 1,000-row cap"
https://www.gotript.com/murren-weather-in-october,weather-month,murren,october,no,0,0,,REVIEW*,"NOT reported in capped export — status unknown, may be missing due to 1,000-row cap"
https://www.gotript.com/muscat-weather-in-april,weather-month,muscat,april,no,0,0,,REVIEW*,"NOT reported in capped export — status unknown, may be missing due to 1,000-row cap"
https://www.gotript.com/muscat-weather-in-august,weather-month,muscat,august,no,0,0,,REVIEW*,"NOT reported in capped export — status unknown, may be missing due to 1,000-row cap"
https://www.gotript.com/muscat-weather-in-december,weather-month,muscat,december,no,0,0,,REVIEW*,"NOT reported in capped export — status unknown, may be missing due to 1,000-row cap"
https://www.gotript.com/muscat-weather-in-february,weather-month,muscat,february,no,0,0,,REVIEW*,"NOT reported in capped export — status unknown, may be missing due to 1,000-row cap"
https://www.gotript.com/muscat-weather-in-january,weather-month,muscat,january,no,0,0,,REVIEW*,"NOT reported in capped export — status unknown, may be missing due to 1,000-row cap"
https://www.gotript.com/muscat-weather-in-july,weather-month,muscat,july,no,0,0,,REVIEW*,"NOT reported in capped export — status unknown, may be missing due to 1,000-row cap"
https://www.gotript.com/muscat-weather-in-june,weather-month,muscat,june,no,0,0,,REVIEW*,"NOT reported in capped export — status unknown, may be missing due to 1,000-row cap"
https://www.gotript.com/muscat-weather-in-march,weather-month,muscat,march,no,0,0,,REVIEW*,"NOT reported in capped export — status unknown, may be missing due to 1,000-row cap"
https://www.gotript.com/muscat-weather-in-may,weather-month,muscat,may,no,0,0,,REVIEW*,"NOT reported in capped export — status unknown, may be missing due to 1,000-row cap"
https://www.gotript.com/muscat-weather-in-november,weather-month,muscat,november,no,0,0,,REVIEW*,"NOT reported in capped export — status unknown, may be missing due to 1,000-row cap"
https://www.gotript.com/muscat-weather-in-october,weather-month,muscat,october,no,0,0,,REVIEW*,"NOT reported in capped export — status unknown, may be missing due to 1,000-row cap"
https://www.gotript.com/muscat-weather-in-september,weather-month,muscat,september,no,0,0,,REVIEW*,"NOT reported in capped export — status unknown, may be missing due to 1,000-row cap"
https://www.gotript.com/mykonos-weather-in-august,weather-month,mykonos,august,no,0,0,,REVIEW*,"NOT reported in capped export — status unknown, may be missing due to 1,000-row cap"
https://www.gotript.com/mykonos-weather-in-february,weather-month,mykonos,february,no,0,0,,REVIEW*,"NOT reported in capped export — status unknown, may be missing due to 1,000-row cap"
https://www.gotript.com/mykonos-weather-in-january,weather-month,mykonos,january,no,0,0,,REVIEW*,"NOT reported in capped export — status unknown, may be missing due to 1,000-row cap"
https://www.gotript.com/mykonos-weather-in-may,weather-month,mykonos,may,no,0,0,,REVIEW*,"NOT reported in capped export — status unknown, may be missing due to 1,000-row cap"
https://www.gotript.com/mykonos-weather-in-november,weather-month,mykonos,november,no,0,0,,REVIEW*,"NOT reported in capped export — status unknown, may be missing due to 1,000-row cap"
https://www.gotript.com/mykonos-weather-in-october,weather-month,mykonos,october,no,0,0,,REVIEW*,"NOT reported in capped export — status unknown, may be missing due to 1,000-row cap"
https://www.gotript.com/mykonos-weather-in-september,weather-month,mykonos,september,no,0,0,,REVIEW*,"NOT reported in capped export — status unknown, may be missing due to 1,000-row cap"
https://www.gotript.com/nadi-weather-in-april,weather-month,nadi,april,no,0,0,,REVIEW*,"NOT reported in capped export — status unknown, may be missing due to 1,000-row cap"
https://www.gotript.com/nadi-weather-in-august,weather-month,nadi,august,no,0,0,,REVIEW*,"NOT reported in capped export — status unknown, may be missing due to 1,000-row cap"
https://www.gotript.com/nadi-weather-in-december,weather-month,nadi,december,no,0,0,,REVIEW*,"NOT reported in capped export — status unknown, may be missing due to 1,000-row cap"
https://www.gotript.com/nadi-weather-in-february,weather-month,nadi,february,no,0,0,,REVIEW*,"NOT reported in capped export — status unknown, may be missing due to 1,000-row cap"
https://www.gotript.com/nadi-weather-in-january,weather-month,nadi,january,no,0,0,,REVIEW*,"NOT reported in capped export — status unknown, may be missing due to 1,000-row cap"
https://www.gotript.com/nadi-weather-in-july,weather-month,nadi,july,no,0,0,,REVIEW*,"NOT reported in capped export — status unknown, may be missing due to 1,000-row cap"
https://www.gotript.com/nadi-weather-in-june,weather-month,nadi,june,no,0,0,,REVIEW*,"NOT reported in capped export — status unknown, may be missing due to 1,000-row cap"
https://www.gotript.com/nadi-weather-in-march,weather-month,nadi,march,no,0,0,,REVIEW*,"NOT reported in capped export — status unknown, may be missing due to 1,000-row cap"
https://www.gotript.com/nadi-weather-in-may,weather-month,nadi,may,no,0,0,,REVIEW*,"NOT reported in capped export — status unknown, may be missing due to 1,000-row cap"
https://www.gotript.com/nadi-weather-in-november,weather-month,nadi,november,no,0,0,,REVIEW*,"NOT reported in capped export — status unknown, may be missing due to 1,000-row cap"
https://www.gotript.com/nadi-weather-in-october,weather-month,nadi,october,no,0,0,,REVIEW*,"NOT reported in capped export — status unknown, may be missing due to 1,000-row cap"
https://www.gotript.com/nadi-weather-in-september,weather-month,nadi,september,no,0,0,,REVIEW*,"NOT reported in capped export — status unknown, may be missing due to 1,000-row cap"
https://www.gotript.com/nairobi-weather-in-april,weather-month,nairobi,april,no,0,0,,REVIEW*,"NOT reported in capped export — status unknown, may be missing due to 1,000-row cap"
https://www.gotript.com/nairobi-weather-in-august,weather-month,nairobi,august,no,0,0,,REVIEW*,"NOT reported in capped export — status unknown, may be missing due to 1,000-row cap"
https://www.gotript.com/nairobi-weather-in-december,weather-month,nairobi,december,no,0,0,,REVIEW*,"NOT reported in capped export — status unknown, may be missing due to 1,000-row cap"
https://www.gotript.com/nairobi-weather-in-february,weather-month,nairobi,february,no,0,0,,REVIEW*,"NOT reported in capped export — status unknown, may be missing due to 1,000-row cap"
https://www.gotript.com/nairobi-weather-in-january,weather-month,nairobi,january,no,0,0,,REVIEW*,"NOT reported in capped export — status unknown, may be missing due to 1,000-row cap"
https://www.gotript.com/nairobi-weather-in-july,weather-month,nairobi,july,no,0,0,,REVIEW*,"NOT reported in capped export — status unknown, may be missing due to 1,000-row cap"
https://www.gotript.com/nairobi-weather-in-june,weather-month,nairobi,june,no,0,0,,REVIEW*,"NOT reported in capped export — status unknown, may be missing due to 1,000-row cap"
https://www.gotript.com/nairobi-weather-in-march,weather-month,nairobi,march,no,0,0,,REVIEW*,"NOT reported in capped export — status unknown, may be missing due to 1,000-row cap"
https://www.gotript.com/nairobi-weather-in-may,weather-month,nairobi,may,no,0,0,,REVIEW*,"NOT reported in capped export — status unknown, may be missing due to 1,000-row cap"
https://www.gotript.com/nairobi-weather-in-november,weather-month,nairobi,november,no,0,0,,REVIEW*,"NOT reported in capped export — status unknown, may be missing due to 1,000-row cap"
https://www.gotript.com/nairobi-weather-in-october,weather-month,nairobi,october,no,0,0,,REVIEW*,"NOT reported in capped export — status unknown, may be missing due to 1,000-row cap"
https://www.gotript.com/nairobi-weather-in-september,weather-month,nairobi,september,no,0,0,,REVIEW*,"NOT reported in capped export — status unknown, may be missing due to 1,000-row cap"
https://www.gotript.com/naples-weather-in-april,weather-month,naples,april,no,0,0,,REVIEW*,"NOT reported in capped export — status unknown, may be missing due to 1,000-row cap"
https://www.gotript.com/naples-weather-in-august,weather-month,naples,august,no,0,0,,REVIEW*,"NOT reported in capped export — status unknown, may be missing due to 1,000-row cap"
https://www.gotript.com/naples-weather-in-december,weather-month,naples,december,no,0,0,,REVIEW*,"NOT reported in capped export — status unknown, may be missing due to 1,000-row cap"
https://www.gotript.com/naples-weather-in-january,weather-month,naples,january,no,0,0,,REVIEW*,"NOT reported in capped export — status unknown, may be missing due to 1,000-row cap"
https://www.gotript.com/naples-weather-in-july,weather-month,naples,july,no,0,0,,REVIEW*,"NOT reported in capped export — status unknown, may be missing due to 1,000-row cap"
https://www.gotript.com/naples-weather-in-june,weather-month,naples,june,no,0,0,,REVIEW*,"NOT reported in capped export — status unknown, may be missing due to 1,000-row cap"
https://www.gotript.com/naples-weather-in-march,weather-month,naples,march,no,0,0,,REVIEW*,"NOT reported in capped export — status unknown, may be missing due to 1,000-row cap"
https://www.gotript.com/naples-weather-in-may,weather-month,naples,may,no,0,0,,REVIEW*,"NOT reported in capped export — status unknown, may be missing due to 1,000-row cap"
https://www.gotript.com/nara-weather-in-april,weather-month,nara,april,no,0,0,,REVIEW*,"NOT reported in capped export — status unknown, may be missing due to 1,000-row cap"
https://www.gotript.com/nara-weather-in-august,weather-month,nara,august,no,0,0,,REVIEW*,"NOT reported in capped export — status unknown, may be missing due to 1,000-row cap"
https://www.gotript.com/nara-weather-in-december,weather-month,nara,december,no,0,0,,REVIEW*,"NOT reported in capped export — status unknown, may be missing due to 1,000-row cap"
https://www.gotript.com/nara-weather-in-february,weather-month,nara,february,no,0,0,,REVIEW*,"NOT reported in capped export — status unknown, may be missing due to 1,000-row cap"
https://www.gotript.com/nara-weather-in-january,weather-month,nara,january,no,0,0,,REVIEW*,"NOT reported in capped export — status unknown, may be missing due to 1,000-row cap"
https://www.gotript.com/nara-weather-in-july,weather-month,nara,july,no,0,0,,REVIEW*,"NOT reported in capped export — status unknown, may be missing due to 1,000-row cap"
https://www.gotript.com/nara-weather-in-june,weather-month,nara,june,no,0,0,,REVIEW*,"NOT reported in capped export — status unknown, may be missing due to 1,000-row cap"
https://www.gotript.com/nara-weather-in-march,weather-month,nara,march,no,0,0,,REVIEW*,"NOT reported in capped export — status unknown, may be missing due to 1,000-row cap"
https://www.gotript.com/nara-weather-in-may,weather-month,nara,may,no,0,0,,REVIEW*,"NOT reported in capped export — status unknown, may be missing due to 1,000-row cap"
https://www.gotript.com/nara-weather-in-november,weather-month,nara,november,no,0,0,,REVIEW*,"NOT reported in capped export — status unknown, may be missing due to 1,000-row cap"
https://www.gotript.com/nara-weather-in-october,weather-month,nara,october,no,0,0,,REVIEW*,"NOT reported in capped export — status unknown, may be missing due to 1,000-row cap"
https://www.gotript.com/nara-weather-in-september,weather-month,nara,september,no,0,0,,REVIEW*,"NOT reported in capped export — status unknown, may be missing due to 1,000-row cap"
https://www.gotript.com/nashville-weather-in-april,weather-month,nashville,april,no,0,0,,REVIEW*,"NOT reported in capped export — status unknown, may be missing due to 1,000-row cap"
https://www.gotript.com/nashville-weather-in-august,weather-month,nashville,august,no,0,0,,REVIEW*,"NOT reported in capped export — status unknown, may be missing due to 1,000-row cap"
https://www.gotript.com/nashville-weather-in-december,weather-month,nashville,december,no,0,0,,REVIEW*,"NOT reported in capped export — status unknown, may be missing due to 1,000-row cap"
https://www.gotript.com/nashville-weather-in-february,weather-month,nashville,february,no,0,0,,REVIEW*,"NOT reported in capped export — status unknown, may be missing due to 1,000-row cap"
https://www.gotript.com/nashville-weather-in-july,weather-month,nashville,july,no,0,0,,REVIEW*,"NOT reported in capped export — status unknown, may be missing due to 1,000-row cap"
https://www.gotript.com/nashville-weather-in-march,weather-month,nashville,march,no,0,0,,REVIEW*,"NOT reported in capped export — status unknown, may be missing due to 1,000-row cap"
https://www.gotript.com/nashville-weather-in-november,weather-month,nashville,november,no,0,0,,REVIEW*,"NOT reported in capped export — status unknown, may be missing due to 1,000-row cap"
https://www.gotript.com/new-orleans-weather-in-august,weather-month,new-orleans,august,no,0,0,,REVIEW*,"NOT reported in capped export — status unknown, may be missing due to 1,000-row cap"
https://www.gotript.com/new-orleans-weather-in-december,weather-month,new-orleans,december,no,0,0,,REVIEW*,"NOT reported in capped export — status unknown, may be missing due to 1,000-row cap"
https://www.gotript.com/new-orleans-weather-in-february,weather-month,new-orleans,february,no,0,0,,REVIEW*,"NOT reported in capped export — status unknown, may be missing due to 1,000-row cap"
https://www.gotript.com/new-orleans-weather-in-january,weather-month,new-orleans,january,no,0,0,,REVIEW*,"NOT reported in capped export — status unknown, may be missing due to 1,000-row cap"
https://www.gotript.com/new-orleans-weather-in-july,weather-month,new-orleans,july,no,0,0,,REVIEW*,"NOT reported in capped export — status unknown, may be missing due to 1,000-row cap"
https://www.gotript.com/new-orleans-weather-in-october,weather-month,new-orleans,october,no,0,0,,REVIEW*,"NOT reported in capped export — status unknown, may be missing due to 1,000-row cap"
https://www.gotript.com/new-orleans-weather-in-september,weather-month,new-orleans,september,no,0,0,,REVIEW*,"NOT reported in capped export — status unknown, may be missing due to 1,000-row cap"
https://www.gotript.com/new-york-weather-in-april,weather-month,new-york,april,no,0,0,,REVIEW*,"NOT reported in capped export — status unknown, may be missing due to 1,000-row cap"
https://www.gotript.com/new-york-weather-in-december,weather-month,new-york,december,no,0,0,,REVIEW*,"NOT reported in capped export — status unknown, may be missing due to 1,000-row cap"
https://www.gotript.com/new-york-weather-in-february,weather-month,new-york,february,no,0,0,,REVIEW*,"NOT reported in capped export — status unknown, may be missing due to 1,000-row cap"
https://www.gotript.com/new-york-weather-in-january,weather-month,new-york,january,no,0,0,,REVIEW*,"NOT reported in capped export — status unknown, may be missing due to 1,000-row cap"
https://www.gotript.com/new-york-weather-in-july,weather-month,new-york,july,no,0,0,,REVIEW*,"NOT reported in capped export — status unknown, may be missing due to 1,000-row cap"
https://www.gotript.com/new-york-weather-in-june,weather-month,new-york,june,no,0,0,,REVIEW*,"NOT reported in capped export — status unknown, may be missing due to 1,000-row cap"
https://www.gotript.com/new-york-weather-in-march,weather-month,new-york,march,no,0,0,,REVIEW*,"NOT reported in capped export — status unknown, may be missing due to 1,000-row cap"
https://www.gotript.com/new-york-weather-in-may,weather-month,new-york,may,no,0,0,,REVIEW*,"NOT reported in capped export — status unknown, may be missing due to 1,000-row cap"
https://www.gotript.com/new-york-weather-in-november,weather-month,new-york,november,no,0,0,,REVIEW*,"NOT reported in capped export — status unknown, may be missing due to 1,000-row cap"
https://www.gotript.com/new-york-weather-in-october,weather-month,new-york,october,no,0,0,,REVIEW*,"NOT reported in capped export — status unknown, may be missing due to 1,000-row cap"
https://www.gotript.com/new-york-weather-in-september,weather-month,new-york,september,no,0,0,,REVIEW*,"NOT reported in capped export — status unknown, may be missing due to 1,000-row cap"
https://www.gotript.com/nice-weather-in-april,weather-month,nice,april,no,0,0,,REVIEW*,"NOT reported in capped export — status unknown, may be missing due to 1,000-row cap"
https://www.gotript.com/nice-weather-in-august,weather-month,nice,august,no,0,0,,REVIEW*,"NOT reported in capped export — status unknown, may be missing due to 1,000-row cap"
https://www.gotript.com/nice-weather-in-december,weather-month,nice,december,no,0,0,,REVIEW*,"NOT reported in capped export — status unknown, may be missing due to 1,000-row cap"
https://www.gotript.com/nice-weather-in-february,weather-month,nice,february,no,0,0,,REVIEW*,"NOT reported in capped export — status unknown, may be missing due to 1,000-row cap"
https://www.gotript.com/nice-weather-in-january,weather-month,nice,january,no,0,0,,REVIEW*,"NOT reported in capped export — status unknown, may be missing due to 1,000-row cap"
https://www.gotript.com/nice-weather-in-july,weather-month,nice,july,no,0,0,,REVIEW*,"NOT reported in capped export — status unknown, may be missing due to 1,000-row cap"
https://www.gotript.com/nice-weather-in-june,weather-month,nice,june,no,0,0,,REVIEW*,"NOT reported in capped export — status unknown, may be missing due to 1,000-row cap"
https://www.gotript.com/nice-weather-in-march,weather-month,nice,march,no,0,0,,REVIEW*,"NOT reported in capped export — status unknown, may be missing due to 1,000-row cap"
https://www.gotript.com/nice-weather-in-may,weather-month,nice,may,no,0,0,,REVIEW*,"NOT reported in capped export — status unknown, may be missing due to 1,000-row cap"
https://www.gotript.com/nice-weather-in-november,weather-month,nice,november,no,0,0,,REVIEW*,"NOT reported in capped export — status unknown, may be missing due to 1,000-row cap"
https://www.gotript.com/nice-weather-in-october,weather-month,nice,october,no,0,0,,REVIEW*,"NOT reported in capped export — status unknown, may be missing due to 1,000-row cap"
https://www.gotript.com/nice-weather-in-september,weather-month,nice,september,no,0,0,,REVIEW*,"NOT reported in capped export — status unknown, may be missing due to 1,000-row cap"
https://www.gotript.com/oaxaca-weather-in-april,weather-month,oaxaca,april,no,0,0,,REVIEW*,"NOT reported in capped export — status unknown, may be missing due to 1,000-row cap"
https://www.gotript.com/oaxaca-weather-in-august,weather-month,oaxaca,august,no,0,0,,REVIEW*,"NOT reported in capped export — status unknown, may be missing due to 1,000-row cap"
https://www.gotript.com/oaxaca-weather-in-december,weather-month,oaxaca,december,no,0,0,,REVIEW*,"NOT reported in capped export — status unknown, may be missing due to 1,000-row cap"
https://www.gotript.com/oaxaca-weather-in-january,weather-month,oaxaca,january,no,0,0,,REVIEW*,"NOT reported in capped export — status unknown, may be missing due to 1,000-row cap"
https://www.gotript.com/oaxaca-weather-in-july,weather-month,oaxaca,july,no,0,0,,REVIEW*,"NOT reported in capped export — status unknown, may be missing due to 1,000-row cap"
https://www.gotript.com/oaxaca-weather-in-june,weather-month,oaxaca,june,no,0,0,,REVIEW*,"NOT reported in capped export — status unknown, may be missing due to 1,000-row cap"
https://www.gotript.com/oaxaca-weather-in-march,weather-month,oaxaca,march,no,0,0,,REVIEW*,"NOT reported in capped export — status unknown, may be missing due to 1,000-row cap"
https://www.gotript.com/oaxaca-weather-in-may,weather-month,oaxaca,may,no,0,0,,REVIEW*,"NOT reported in capped export — status unknown, may be missing due to 1,000-row cap"
https://www.gotript.com/oaxaca-weather-in-november,weather-month,oaxaca,november,no,0,0,,REVIEW*,"NOT reported in capped export — status unknown, may be missing due to 1,000-row cap"
https://www.gotript.com/oaxaca-weather-in-october,weather-month,oaxaca,october,no,0,0,,REVIEW*,"NOT reported in capped export — status unknown, may be missing due to 1,000-row cap"
https://www.gotript.com/oaxaca-weather-in-september,weather-month,oaxaca,september,no,0,0,,REVIEW*,"NOT reported in capped export — status unknown, may be missing due to 1,000-row cap"
https://www.gotript.com/okinawa-weather-in-april,weather-month,okinawa,april,no,0,0,,REVIEW*,"NOT reported in capped export — status unknown, may be missing due to 1,000-row cap"
https://www.gotript.com/okinawa-weather-in-august,weather-month,okinawa,august,no,0,0,,REVIEW*,"NOT reported in capped export — status unknown, may be missing due to 1,000-row cap"
https://www.gotript.com/okinawa-weather-in-december,weather-month,okinawa,december,no,0,0,,REVIEW*,"NOT reported in capped export — status unknown, may be missing due to 1,000-row cap"
https://www.gotript.com/okinawa-weather-in-july,weather-month,okinawa,july,no,0,0,,REVIEW*,"NOT reported in capped export — status unknown, may be missing due to 1,000-row cap"
https://www.gotript.com/okinawa-weather-in-june,weather-month,okinawa,june,no,0,0,,REVIEW*,"NOT reported in capped export — status unknown, may be missing due to 1,000-row cap"
https://www.gotript.com/okinawa-weather-in-november,weather-month,okinawa,november,no,0,0,,REVIEW*,"NOT reported in capped export — status unknown, may be missing due to 1,000-row cap"
https://www.gotript.com/okinawa-weather-in-october,weather-month,okinawa,october,no,0,0,,REVIEW*,"NOT reported in capped export — status unknown, may be missing due to 1,000-row cap"
https://www.gotript.com/okinawa-weather-in-september,weather-month,okinawa,september,no,0,0,,REVIEW*,"NOT reported in capped export — status unknown, may be missing due to 1,000-row cap"
https://www.gotript.com/orlando-weather-in-april,weather-month,orlando,april,no,0,0,,REVIEW*,"NOT reported in capped export — status unknown, may be missing due to 1,000-row cap"
https://www.gotript.com/orlando-weather-in-december,weather-month,orlando,december,no,0,0,,REVIEW*,"NOT reported in capped export — status unknown, may be missing due to 1,000-row cap"
https://www.gotript.com/orlando-weather-in-february,weather-month,orlando,february,no,0,0,,REVIEW*,"NOT reported in capped export — status unknown, may be missing due to 1,000-row cap"
https://www.gotript.com/orlando-weather-in-july,weather-month,orlando,july,no,0,0,,REVIEW*,"NOT reported in capped export — status unknown, may be missing due to 1,000-row cap"
https://www.gotript.com/orlando-weather-in-june,weather-month,orlando,june,no,0,0,,REVIEW*,"NOT reported in capped export — status unknown, may be missing due to 1,000-row cap"
https://www.gotript.com/orlando-weather-in-march,weather-month,orlando,march,no,0,0,,REVIEW*,"NOT reported in capped export — status unknown, may be missing due to 1,000-row cap"
https://www.gotript.com/orlando-weather-in-may,weather-month,orlando,may,no,0,0,,REVIEW*,"NOT reported in capped export — status unknown, may be missing due to 1,000-row cap"
https://www.gotript.com/orlando-weather-in-november,weather-month,orlando,november,no,0,0,,REVIEW*,"NOT reported in capped export — status unknown, may be missing due to 1,000-row cap"
https://www.gotript.com/orlando-weather-in-october,weather-month,orlando,october,no,0,0,,REVIEW*,"NOT reported in capped export — status unknown, may be missing due to 1,000-row cap"
https://www.gotript.com/orlando-weather-in-september,weather-month,orlando,september,no,0,0,,REVIEW*,"NOT reported in capped export — status unknown, may be missing due to 1,000-row cap"
https://www.gotript.com/osaka-weather-in-april,weather-month,osaka,april,no,0,0,,REVIEW*,"NOT reported in capped export — status unknown, may be missing due to 1,000-row cap"
https://www.gotript.com/osaka-weather-in-february,weather-month,osaka,february,no,0,0,,REVIEW*,"NOT reported in capped export — status unknown, may be missing due to 1,000-row cap"
https://www.gotript.com/osaka-weather-in-june,weather-month,osaka,june,no,0,0,,REVIEW*,"NOT reported in capped export — status unknown, may be missing due to 1,000-row cap"
https://www.gotript.com/osaka-weather-in-march,weather-month,osaka,march,no,0,0,,REVIEW*,"NOT reported in capped export — status unknown, may be missing due to 1,000-row cap"
https://www.gotript.com/osaka-weather-in-may,weather-month,osaka,may,no,0,0,,REVIEW*,"NOT reported in capped export — status unknown, may be missing due to 1,000-row cap"
https://www.gotript.com/osaka-weather-in-november,weather-month,osaka,november,no,0,0,,REVIEW*,"NOT reported in capped export — status unknown, may be missing due to 1,000-row cap"
https://www.gotript.com/osaka-weather-in-september,weather-month,osaka,september,no,0,0,,REVIEW*,"NOT reported in capped export — status unknown, may be missing due to 1,000-row cap"
https://www.gotript.com/oslo-weather-in-february,weather-month,oslo,february,no,0,0,,REVIEW*,"NOT reported in capped export — status unknown, may be missing due to 1,000-row cap"
https://www.gotript.com/oslo-weather-in-january,weather-month,oslo,january,no,0,0,,REVIEW*,"NOT reported in capped export — status unknown, may be missing due to 1,000-row cap"
https://www.gotript.com/oslo-weather-in-july,weather-month,oslo,july,no,0,0,,REVIEW*,"NOT reported in capped export — status unknown, may be missing due to 1,000-row cap"
https://www.gotript.com/oslo-weather-in-june,weather-month,oslo,june,no,0,0,,REVIEW*,"NOT reported in capped export — status unknown, may be missing due to 1,000-row cap"
https://www.gotript.com/oslo-weather-in-march,weather-month,oslo,march,no,0,0,,REVIEW*,"NOT reported in capped export — status unknown, may be missing due to 1,000-row cap"
https://www.gotript.com/oslo-weather-in-may,weather-month,oslo,may,no,0,0,,REVIEW*,"NOT reported in capped export — status unknown, may be missing due to 1,000-row cap"
https://www.gotript.com/oslo-weather-in-november,weather-month,oslo,november,no,0,0,,REVIEW*,"NOT reported in capped export — status unknown, may be missing due to 1,000-row cap"
https://www.gotript.com/palermo-weather-in-april,weather-month,palermo,april,no,0,0,,REVIEW*,"NOT reported in capped export — status unknown, may be missing due to 1,000-row cap"
https://www.gotript.com/palermo-weather-in-december,weather-month,palermo,december,no,0,0,,REVIEW*,"NOT reported in capped export — status unknown, may be missing due to 1,000-row cap"
https://www.gotript.com/palermo-weather-in-february,weather-month,palermo,february,no,0,0,,REVIEW*,"NOT reported in capped export — status unknown, may be missing due to 1,000-row cap"
https://www.gotript.com/palermo-weather-in-january,weather-month,palermo,january,no,0,0,,REVIEW*,"NOT reported in capped export — status unknown, may be missing due to 1,000-row cap"
https://www.gotript.com/palermo-weather-in-july,weather-month,palermo,july,no,0,0,,REVIEW*,"NOT reported in capped export — status unknown, may be missing due to 1,000-row cap"
https://www.gotript.com/palermo-weather-in-june,weather-month,palermo,june,no,0,0,,REVIEW*,"NOT reported in capped export — status unknown, may be missing due to 1,000-row cap"
https://www.gotript.com/palermo-weather-in-may,weather-month,palermo,may,no,0,0,,REVIEW*,"NOT reported in capped export — status unknown, may be missing due to 1,000-row cap"
https://www.gotript.com/palermo-weather-in-november,weather-month,palermo,november,no,0,0,,REVIEW*,"NOT reported in capped export — status unknown, may be missing due to 1,000-row cap"
https://www.gotript.com/palermo-weather-in-october,weather-month,palermo,october,no,0,0,,REVIEW*,"NOT reported in capped export — status unknown, may be missing due to 1,000-row cap"
https://www.gotript.com/palermo-weather-in-september,weather-month,palermo,september,no,0,0,,REVIEW*,"NOT reported in capped export — status unknown, may be missing due to 1,000-row cap"
https://www.gotript.com/panama-city-weather-in-april,weather-month,panama-city,april,no,0,0,,REVIEW*,"NOT reported in capped export — status unknown, may be missing due to 1,000-row cap"
https://www.gotript.com/panama-city-weather-in-august,weather-month,panama-city,august,no,0,0,,REVIEW*,"NOT reported in capped export — status unknown, may be missing due to 1,000-row cap"
https://www.gotript.com/panama-city-weather-in-december,weather-month,panama-city,december,no,0,0,,REVIEW*,"NOT reported in capped export — status unknown, may be missing due to 1,000-row cap"
https://www.gotript.com/panama-city-weather-in-february,weather-month,panama-city,february,no,0,0,,REVIEW*,"NOT reported in capped export — status unknown, may be missing due to 1,000-row cap"
https://www.gotript.com/panama-city-weather-in-january,weather-month,panama-city,january,no,0,0,,REVIEW*,"NOT reported in capped export — status unknown, may be missing due to 1,000-row cap"
https://www.gotript.com/panama-city-weather-in-july,weather-month,panama-city,july,no,0,0,,REVIEW*,"NOT reported in capped export — status unknown, may be missing due to 1,000-row cap"
https://www.gotript.com/panama-city-weather-in-june,weather-month,panama-city,june,no,0,0,,REVIEW*,"NOT reported in capped export — status unknown, may be missing due to 1,000-row cap"
https://www.gotript.com/panama-city-weather-in-march,weather-month,panama-city,march,no,0,0,,REVIEW*,"NOT reported in capped export — status unknown, may be missing due to 1,000-row cap"
https://www.gotript.com/panama-city-weather-in-may,weather-month,panama-city,may,no,0,0,,REVIEW*,"NOT reported in capped export — status unknown, may be missing due to 1,000-row cap"
https://www.gotript.com/panama-city-weather-in-november,weather-month,panama-city,november,no,0,0,,REVIEW*,"NOT reported in capped export — status unknown, may be missing due to 1,000-row cap"
https://www.gotript.com/panama-city-weather-in-october,weather-month,panama-city,october,no,0,0,,REVIEW*,"NOT reported in capped export — status unknown, may be missing due to 1,000-row cap"
https://www.gotript.com/panama-city-weather-in-september,weather-month,panama-city,september,no,0,0,,REVIEW*,"NOT reported in capped export — status unknown, may be missing due to 1,000-row cap"
https://www.gotript.com/paris-weather-in-april,weather-month,paris,april,no,0,0,,REVIEW*,"NOT reported in capped export — status unknown, may be missing due to 1,000-row cap"
https://www.gotript.com/paris-weather-in-august,weather-month,paris,august,no,0,0,,REVIEW*,"NOT reported in capped export — status unknown, may be missing due to 1,000-row cap"
https://www.gotript.com/paris-weather-in-december,weather-month,paris,december,no,0,0,,REVIEW*,"NOT reported in capped export — status unknown, may be missing due to 1,000-row cap"
https://www.gotript.com/paris-weather-in-january,weather-month,paris,january,no,0,0,,REVIEW*,"NOT reported in capped export — status unknown, may be missing due to 1,000-row cap"
https://www.gotript.com/paris-weather-in-july,weather-month,paris,july,no,0,0,,REVIEW*,"NOT reported in capped export — status unknown, may be missing due to 1,000-row cap"
https://www.gotript.com/paris-weather-in-march,weather-month,paris,march,no,0,0,,REVIEW*,"NOT reported in capped export — status unknown, may be missing due to 1,000-row cap"
https://www.gotript.com/paris-weather-in-may,weather-month,paris,may,no,0,0,,REVIEW*,"NOT reported in capped export — status unknown, may be missing due to 1,000-row cap"
https://www.gotript.com/paris-weather-in-november,weather-month,paris,november,no,0,0,,REVIEW*,"NOT reported in capped export — status unknown, may be missing due to 1,000-row cap"
https://www.gotript.com/paris-weather-in-october,weather-month,paris,october,no,0,0,,REVIEW*,"NOT reported in capped export — status unknown, may be missing due to 1,000-row cap"
https://www.gotript.com/paris-weather-in-september,weather-month,paris,september,no,0,0,,REVIEW*,"NOT reported in capped export — status unknown, may be missing due to 1,000-row cap"
https://www.gotript.com/pattaya-weather-in-april,weather-month,pattaya,april,no,0,0,,REVIEW*,"NOT reported in capped export — status unknown, may be missing due to 1,000-row cap"
https://www.gotript.com/pattaya-weather-in-august,weather-month,pattaya,august,no,0,0,,REVIEW*,"NOT reported in capped export — status unknown, may be missing due to 1,000-row cap"
https://www.gotript.com/pattaya-weather-in-december,weather-month,pattaya,december,no,0,0,,REVIEW*,"NOT reported in capped export — status unknown, may be missing due to 1,000-row cap"
https://www.gotript.com/pattaya-weather-in-february,weather-month,pattaya,february,no,0,0,,REVIEW*,"NOT reported in capped export — status unknown, may be missing due to 1,000-row cap"
https://www.gotript.com/pattaya-weather-in-january,weather-month,pattaya,january,no,0,0,,REVIEW*,"NOT reported in capped export — status unknown, may be missing due to 1,000-row cap"
https://www.gotript.com/pattaya-weather-in-july,weather-month,pattaya,july,no,0,0,,REVIEW*,"NOT reported in capped export — status unknown, may be missing due to 1,000-row cap"
https://www.gotript.com/pattaya-weather-in-june,weather-month,pattaya,june,no,0,0,,REVIEW*,"NOT reported in capped export — status unknown, may be missing due to 1,000-row cap"
https://www.gotript.com/pattaya-weather-in-march,weather-month,pattaya,march,no,0,0,,REVIEW*,"NOT reported in capped export — status unknown, may be missing due to 1,000-row cap"
https://www.gotript.com/pattaya-weather-in-may,weather-month,pattaya,may,no,0,0,,REVIEW*,"NOT reported in capped export — status unknown, may be missing due to 1,000-row cap"
https://www.gotript.com/pattaya-weather-in-november,weather-month,pattaya,november,no,0,0,,REVIEW*,"NOT reported in capped export — status unknown, may be missing due to 1,000-row cap"
https://www.gotript.com/pattaya-weather-in-october,weather-month,pattaya,october,no,0,0,,REVIEW*,"NOT reported in capped export — status unknown, may be missing due to 1,000-row cap"
https://www.gotript.com/pattaya-weather-in-september,weather-month,pattaya,september,no,0,0,,REVIEW*,"NOT reported in capped export — status unknown, may be missing due to 1,000-row cap"
https://www.gotript.com/penang-weather-in-april,weather-month,penang,april,no,0,0,,REVIEW*,"NOT reported in capped export — status unknown, may be missing due to 1,000-row cap"
https://www.gotript.com/penang-weather-in-february,weather-month,penang,february,no,0,0,,REVIEW*,"NOT reported in capped export — status unknown, may be missing due to 1,000-row cap"
https://www.gotript.com/penang-weather-in-january,weather-month,penang,january,no,0,0,,REVIEW*,"NOT reported in capped export — status unknown, may be missing due to 1,000-row cap"
https://www.gotript.com/penang-weather-in-july,weather-month,penang,july,no,0,0,,REVIEW*,"NOT reported in capped export — status unknown, may be missing due to 1,000-row cap"
https://www.gotript.com/penang-weather-in-june,weather-month,penang,june,no,0,0,,REVIEW*,"NOT reported in capped export — status unknown, may be missing due to 1,000-row cap"
https://www.gotript.com/penang-weather-in-march,weather-month,penang,march,no,0,0,,REVIEW*,"NOT reported in capped export — status unknown, may be missing due to 1,000-row cap"
https://www.gotript.com/penang-weather-in-may,weather-month,penang,may,no,0,0,,REVIEW*,"NOT reported in capped export — status unknown, may be missing due to 1,000-row cap"
https://www.gotript.com/penang-weather-in-november,weather-month,penang,november,no,0,0,,REVIEW*,"NOT reported in capped export — status unknown, may be missing due to 1,000-row cap"
https://www.gotript.com/penang-weather-in-october,weather-month,penang,october,no,0,0,,REVIEW*,"NOT reported in capped export — status unknown, may be missing due to 1,000-row cap"
https://www.gotript.com/penang-weather-in-september,weather-month,penang,september,no,0,0,,REVIEW*,"NOT reported in capped export — status unknown, may be missing due to 1,000-row cap"
https://www.gotript.com/perth-weather-in-april,weather-month,perth,april,no,0,0,,REVIEW*,"NOT reported in capped export — status unknown, may be missing due to 1,000-row cap"
https://www.gotript.com/perth-weather-in-august,weather-month,perth,august,no,0,0,,REVIEW*,"NOT reported in capped export — status unknown, may be missing due to 1,000-row cap"
https://www.gotript.com/perth-weather-in-december,weather-month,perth,december,no,0,0,,REVIEW*,"NOT reported in capped export — status unknown, may be missing due to 1,000-row cap"
https://www.gotript.com/perth-weather-in-february,weather-month,perth,february,no,0,0,,REVIEW*,"NOT reported in capped export — status unknown, may be missing due to 1,000-row cap"
https://www.gotript.com/perth-weather-in-january,weather-month,perth,january,no,0,0,,REVIEW*,"NOT reported in capped export — status unknown, may be missing due to 1,000-row cap"
https://www.gotript.com/perth-weather-in-july,weather-month,perth,july,no,0,0,,REVIEW*,"NOT reported in capped export — status unknown, may be missing due to 1,000-row cap"
https://www.gotript.com/perth-weather-in-march,weather-month,perth,march,no,0,0,,REVIEW*,"NOT reported in capped export — status unknown, may be missing due to 1,000-row cap"
https://www.gotript.com/perth-weather-in-may,weather-month,perth,may,no,0,0,,REVIEW*,"NOT reported in capped export — status unknown, may be missing due to 1,000-row cap"
https://www.gotript.com/perth-weather-in-october,weather-month,perth,october,no,0,0,,REVIEW*,"NOT reported in capped export — status unknown, may be missing due to 1,000-row cap"
https://www.gotript.com/perth-weather-in-september,weather-month,perth,september,no,0,0,,REVIEW*,"NOT reported in capped export — status unknown, may be missing due to 1,000-row cap"
https://www.gotript.com/petra-weather-in-april,weather-month,petra,april,no,0,0,,REVIEW*,"NOT reported in capped export — status unknown, may be missing due to 1,000-row cap"
https://www.gotript.com/petra-weather-in-august,weather-month,petra,august,no,0,0,,REVIEW*,"NOT reported in capped export — status unknown, may be missing due to 1,000-row cap"
https://www.gotript.com/petra-weather-in-december,weather-month,petra,december,no,0,0,,REVIEW*,"NOT reported in capped export — status unknown, may be missing due to 1,000-row cap"
https://www.gotript.com/petra-weather-in-february,weather-month,petra,february,no,0,0,,REVIEW*,"NOT reported in capped export — status unknown, may be missing due to 1,000-row cap"
https://www.gotript.com/petra-weather-in-january,weather-month,petra,january,no,0,0,,REVIEW*,"NOT reported in capped export — status unknown, may be missing due to 1,000-row cap"
https://www.gotript.com/petra-weather-in-july,weather-month,petra,july,no,0,0,,REVIEW*,"NOT reported in capped export — status unknown, may be missing due to 1,000-row cap"
https://www.gotript.com/petra-weather-in-june,weather-month,petra,june,no,0,0,,REVIEW*,"NOT reported in capped export — status unknown, may be missing due to 1,000-row cap"
https://www.gotript.com/petra-weather-in-march,weather-month,petra,march,no,0,0,,REVIEW*,"NOT reported in capped export — status unknown, may be missing due to 1,000-row cap"
https://www.gotript.com/petra-weather-in-may,weather-month,petra,may,no,0,0,,REVIEW*,"NOT reported in capped export — status unknown, may be missing due to 1,000-row cap"
https://www.gotript.com/petra-weather-in-november,weather-month,petra,november,no,0,0,,REVIEW*,"NOT reported in capped export — status unknown, may be missing due to 1,000-row cap"
https://www.gotript.com/petra-weather-in-october,weather-month,petra,october,no,0,0,,REVIEW*,"NOT reported in capped export — status unknown, may be missing due to 1,000-row cap"
https://www.gotript.com/petra-weather-in-september,weather-month,petra,september,no,0,0,,REVIEW*,"NOT reported in capped export — status unknown, may be missing due to 1,000-row cap"
https://www.gotript.com/phuket-weather-in-april,weather-month,phuket,april,no,0,0,,REVIEW*,"NOT reported in capped export — status unknown, may be missing due to 1,000-row cap"
https://www.gotript.com/phuket-weather-in-august,weather-month,phuket,august,no,0,0,,REVIEW*,"NOT reported in capped export — status unknown, may be missing due to 1,000-row cap"
https://www.gotript.com/phuket-weather-in-december,weather-month,phuket,december,no,0,0,,REVIEW*,"NOT reported in capped export — status unknown, may be missing due to 1,000-row cap"
https://www.gotript.com/phuket-weather-in-february,weather-month,phuket,february,no,0,0,,REVIEW*,"NOT reported in capped export — status unknown, may be missing due to 1,000-row cap"
https://www.gotript.com/phuket-weather-in-july,weather-month,phuket,july,no,0,0,,REVIEW*,"NOT reported in capped export — status unknown, may be missing due to 1,000-row cap"
https://www.gotript.com/phuket-weather-in-june,weather-month,phuket,june,no,0,0,,REVIEW*,"NOT reported in capped export — status unknown, may be missing due to 1,000-row cap"
https://www.gotript.com/phuket-weather-in-may,weather-month,phuket,may,no,0,0,,REVIEW*,"NOT reported in capped export — status unknown, may be missing due to 1,000-row cap"
https://www.gotript.com/phuket-weather-in-november,weather-month,phuket,november,no,0,0,,REVIEW*,"NOT reported in capped export — status unknown, may be missing due to 1,000-row cap"
https://www.gotript.com/phuket-weather-in-october,weather-month,phuket,october,no,0,0,,REVIEW*,"NOT reported in capped export — status unknown, may be missing due to 1,000-row cap"
https://www.gotript.com/phuket-weather-in-september,weather-month,phuket,september,no,0,0,,REVIEW*,"NOT reported in capped export — status unknown, may be missing due to 1,000-row cap"
https://www.gotript.com/playa-del-carmen-weather-in-april,weather-month,playa-del-carmen,april,no,0,0,,REVIEW*,"NOT reported in capped export — status unknown, may be missing due to 1,000-row cap"
https://www.gotript.com/playa-del-carmen-weather-in-august,weather-month,playa-del-carmen,august,no,0,0,,REVIEW*,"NOT reported in capped export — status unknown, may be missing due to 1,000-row cap"
https://www.gotript.com/playa-del-carmen-weather-in-december,weather-month,playa-del-carmen,december,no,0,0,,REVIEW*,"NOT reported in capped export — status unknown, may be missing due to 1,000-row cap"
https://www.gotript.com/playa-del-carmen-weather-in-february,weather-month,playa-del-carmen,february,no,0,0,,REVIEW*,"NOT reported in capped export — status unknown, may be missing due to 1,000-row cap"
https://www.gotript.com/playa-del-carmen-weather-in-january,weather-month,playa-del-carmen,january,no,0,0,,REVIEW*,"NOT reported in capped export — status unknown, may be missing due to 1,000-row cap"
https://www.gotript.com/playa-del-carmen-weather-in-july,weather-month,playa-del-carmen,july,no,0,0,,REVIEW*,"NOT reported in capped export — status unknown, may be missing due to 1,000-row cap"
https://www.gotript.com/playa-del-carmen-weather-in-june,weather-month,playa-del-carmen,june,no,0,0,,REVIEW*,"NOT reported in capped export — status unknown, may be missing due to 1,000-row cap"
https://www.gotript.com/playa-del-carmen-weather-in-march,weather-month,playa-del-carmen,march,no,0,0,,REVIEW*,"NOT reported in capped export — status unknown, may be missing due to 1,000-row cap"
https://www.gotript.com/playa-del-carmen-weather-in-may,weather-month,playa-del-carmen,may,no,0,0,,REVIEW*,"NOT reported in capped export — status unknown, may be missing due to 1,000-row cap"
https://www.gotript.com/playa-del-carmen-weather-in-november,weather-month,playa-del-carmen,november,no,0,0,,REVIEW*,"NOT reported in capped export — status unknown, may be missing due to 1,000-row cap"
https://www.gotript.com/playa-del-carmen-weather-in-october,weather-month,playa-del-carmen,october,no,0,0,,REVIEW*,"NOT reported in capped export — status unknown, may be missing due to 1,000-row cap"
https://www.gotript.com/playa-del-carmen-weather-in-september,weather-month,playa-del-carmen,september,no,0,0,,REVIEW*,"NOT reported in capped export — status unknown, may be missing due to 1,000-row cap"
https://www.gotript.com/pokhara-weather-in-april,weather-month,pokhara,april,no,0,0,,REVIEW*,"NOT reported in capped export — status unknown, may be missing due to 1,000-row cap"
https://www.gotript.com/pokhara-weather-in-august,weather-month,pokhara,august,no,0,0,,REVIEW*,"NOT reported in capped export — status unknown, may be missing due to 1,000-row cap"
https://www.gotript.com/pokhara-weather-in-december,weather-month,pokhara,december,no,0,0,,REVIEW*,"NOT reported in capped export — status unknown, may be missing due to 1,000-row cap"
https://www.gotript.com/pokhara-weather-in-february,weather-month,pokhara,february,no,0,0,,REVIEW*,"NOT reported in capped export — status unknown, may be missing due to 1,000-row cap"
https://www.gotript.com/pokhara-weather-in-january,weather-month,pokhara,january,no,0,0,,REVIEW*,"NOT reported in capped export — status unknown, may be missing due to 1,000-row cap"
https://www.gotript.com/pokhara-weather-in-july,weather-month,pokhara,july,no,0,0,,REVIEW*,"NOT reported in capped export — status unknown, may be missing due to 1,000-row cap"
https://www.gotript.com/pokhara-weather-in-june,weather-month,pokhara,june,no,0,0,,REVIEW*,"NOT reported in capped export — status unknown, may be missing due to 1,000-row cap"
https://www.gotript.com/pokhara-weather-in-march,weather-month,pokhara,march,no,0,0,,REVIEW*,"NOT reported in capped export — status unknown, may be missing due to 1,000-row cap"
https://www.gotript.com/pokhara-weather-in-may,weather-month,pokhara,may,no,0,0,,REVIEW*,"NOT reported in capped export — status unknown, may be missing due to 1,000-row cap"
https://www.gotript.com/pokhara-weather-in-november,weather-month,pokhara,november,no,0,0,,REVIEW*,"NOT reported in capped export — status unknown, may be missing due to 1,000-row cap"
https://www.gotript.com/pokhara-weather-in-october,weather-month,pokhara,october,no,0,0,,REVIEW*,"NOT reported in capped export — status unknown, may be missing due to 1,000-row cap"
https://www.gotript.com/pokhara-weather-in-september,weather-month,pokhara,september,no,0,0,,REVIEW*,"NOT reported in capped export — status unknown, may be missing due to 1,000-row cap"
https://www.gotript.com/porto-weather-in-april,weather-month,porto,april,no,0,0,,REVIEW*,"NOT reported in capped export — status unknown, may be missing due to 1,000-row cap"
https://www.gotript.com/porto-weather-in-august,weather-month,porto,august,no,0,0,,REVIEW*,"NOT reported in capped export — status unknown, may be missing due to 1,000-row cap"
https://www.gotript.com/porto-weather-in-december,weather-month,porto,december,no,0,0,,REVIEW*,"NOT reported in capped export — status unknown, may be missing due to 1,000-row cap"
https://www.gotript.com/porto-weather-in-february,weather-month,porto,february,no,0,0,,REVIEW*,"NOT reported in capped export — status unknown, may be missing due to 1,000-row cap"
https://www.gotript.com/porto-weather-in-july,weather-month,porto,july,no,0,0,,REVIEW*,"NOT reported in capped export — status unknown, may be missing due to 1,000-row cap"
https://www.gotript.com/porto-weather-in-june,weather-month,porto,june,no,0,0,,REVIEW*,"NOT reported in capped export — status unknown, may be missing due to 1,000-row cap"
https://www.gotript.com/porto-weather-in-may,weather-month,porto,may,no,0,0,,REVIEW*,"NOT reported in capped export — status unknown, may be missing due to 1,000-row cap"
https://www.gotript.com/porto-weather-in-september,weather-month,porto,september,no,0,0,,REVIEW*,"NOT reported in capped export — status unknown, may be missing due to 1,000-row cap"
https://www.gotript.com/positano-weather-in-april,weather-month,positano,april,no,0,0,,REVIEW*,"NOT reported in capped export — status unknown, may be missing due to 1,000-row cap"
https://www.gotript.com/positano-weather-in-august,weather-month,positano,august,no,0,0,,REVIEW*,"NOT reported in capped export — status unknown, may be missing due to 1,000-row cap"
https://www.gotript.com/positano-weather-in-december,weather-month,positano,december,no,0,0,,REVIEW*,"NOT reported in capped export — status unknown, may be missing due to 1,000-row cap"
https://www.gotript.com/positano-weather-in-february,weather-month,positano,february,no,0,0,,REVIEW*,"NOT reported in capped export — status unknown, may be missing due to 1,000-row cap"
https://www.gotript.com/positano-weather-in-january,weather-month,positano,january,no,0,0,,REVIEW*,"NOT reported in capped export — status unknown, may be missing due to 1,000-row cap"
https://www.gotript.com/positano-weather-in-july,weather-month,positano,july,no,0,0,,REVIEW*,"NOT reported in capped export — status unknown, may be missing due to 1,000-row cap"
https://www.gotript.com/positano-weather-in-june,weather-month,positano,june,no,0,0,,REVIEW*,"NOT reported in capped export — status unknown, may be missing due to 1,000-row cap"
https://www.gotript.com/positano-weather-in-may,weather-month,positano,may,no,0,0,,REVIEW*,"NOT reported in capped export — status unknown, may be missing due to 1,000-row cap"
https://www.gotript.com/positano-weather-in-november,weather-month,positano,november,no,0,0,,REVIEW*,"NOT reported in capped export — status unknown, may be missing due to 1,000-row cap"
https://www.gotript.com/positano-weather-in-october,weather-month,positano,october,no,0,0,,REVIEW*,"NOT reported in capped export — status unknown, may be missing due to 1,000-row cap"
https://www.gotript.com/positano-weather-in-september,weather-month,positano,september,no,0,0,,REVIEW*,"NOT reported in capped export — status unknown, may be missing due to 1,000-row cap"
https://www.gotript.com/prague-weather-in-april,weather-month,prague,april,no,0,0,,REVIEW*,"NOT reported in capped export — status unknown, may be missing due to 1,000-row cap"
https://www.gotript.com/prague-weather-in-august,weather-month,prague,august,no,0,0,,REVIEW*,"NOT reported in capped export — status unknown, may be missing due to 1,000-row cap"
https://www.gotript.com/prague-weather-in-february,weather-month,prague,february,no,0,0,,REVIEW*,"NOT reported in capped export — status unknown, may be missing due to 1,000-row cap"
https://www.gotript.com/prague-weather-in-january,weather-month,prague,january,no,0,0,,REVIEW*,"NOT reported in capped export — status unknown, may be missing due to 1,000-row cap"
https://www.gotript.com/prague-weather-in-july,weather-month,prague,july,no,0,0,,REVIEW*,"NOT reported in capped export — status unknown, may be missing due to 1,000-row cap"
https://www.gotript.com/prague-weather-in-march,weather-month,prague,march,no,0,0,,REVIEW*,"NOT reported in capped export — status unknown, may be missing due to 1,000-row cap"
https://www.gotript.com/prague-weather-in-may,weather-month,prague,may,no,0,0,,REVIEW*,"NOT reported in capped export — status unknown, may be missing due to 1,000-row cap"
https://www.gotript.com/prague-weather-in-november,weather-month,prague,november,no,0,0,,REVIEW*,"NOT reported in capped export — status unknown, may be missing due to 1,000-row cap"
https://www.gotript.com/prague-weather-in-october,weather-month,prague,october,no,0,0,,REVIEW*,"NOT reported in capped export — status unknown, may be missing due to 1,000-row cap"
https://www.gotript.com/prague-weather-in-september,weather-month,prague,september,no,0,0,,REVIEW*,"NOT reported in capped export — status unknown, may be missing due to 1,000-row cap"
https://www.gotript.com/puerto-vallarta-weather-in-december,weather-month,puerto-vallarta,december,no,0,0,,REVIEW*,"NOT reported in capped export — status unknown, may be missing due to 1,000-row cap"
https://www.gotript.com/puerto-vallarta-weather-in-february,weather-month,puerto-vallarta,february,no,0,0,,REVIEW*,"NOT reported in capped export — status unknown, may be missing due to 1,000-row cap"
https://www.gotript.com/puerto-vallarta-weather-in-january,weather-month,puerto-vallarta,january,no,0,0,,REVIEW*,"NOT reported in capped export — status unknown, may be missing due to 1,000-row cap"
https://www.gotript.com/puerto-vallarta-weather-in-june,weather-month,puerto-vallarta,june,no,0,0,,REVIEW*,"NOT reported in capped export — status unknown, may be missing due to 1,000-row cap"
https://www.gotript.com/puerto-vallarta-weather-in-march,weather-month,puerto-vallarta,march,no,0,0,,REVIEW*,"NOT reported in capped export — status unknown, may be missing due to 1,000-row cap"
https://www.gotript.com/puerto-vallarta-weather-in-may,weather-month,puerto-vallarta,may,no,0,0,,REVIEW*,"NOT reported in capped export — status unknown, may be missing due to 1,000-row cap"
https://www.gotript.com/puerto-vallarta-weather-in-november,weather-month,puerto-vallarta,november,no,0,0,,REVIEW*,"NOT reported in capped export — status unknown, may be missing due to 1,000-row cap"
https://www.gotript.com/puerto-vallarta-weather-in-october,weather-month,puerto-vallarta,october,no,0,0,,REVIEW*,"NOT reported in capped export — status unknown, may be missing due to 1,000-row cap"
https://www.gotript.com/puerto-vallarta-weather-in-september,weather-month,puerto-vallarta,september,no,0,0,,REVIEW*,"NOT reported in capped export — status unknown, may be missing due to 1,000-row cap"
https://www.gotript.com/quebec-city-weather-in-april,weather-month,quebec-city,april,no,0,0,,REVIEW*,"NOT reported in capped export — status unknown, may be missing due to 1,000-row cap"
https://www.gotript.com/quebec-city-weather-in-august,weather-month,quebec-city,august,no,0,0,,REVIEW*,"NOT reported in capped export — status unknown, may be missing due to 1,000-row cap"
https://www.gotript.com/quebec-city-weather-in-february,weather-month,quebec-city,february,no,0,0,,REVIEW*,"NOT reported in capped export — status unknown, may be missing due to 1,000-row cap"
https://www.gotript.com/quebec-city-weather-in-january,weather-month,quebec-city,january,no,0,0,,REVIEW*,"NOT reported in capped export — status unknown, may be missing due to 1,000-row cap"
https://www.gotript.com/quebec-city-weather-in-june,weather-month,quebec-city,june,no,0,0,,REVIEW*,"NOT reported in capped export — status unknown, may be missing due to 1,000-row cap"
https://www.gotript.com/quebec-city-weather-in-may,weather-month,quebec-city,may,no,0,0,,REVIEW*,"NOT reported in capped export — status unknown, may be missing due to 1,000-row cap"
https://www.gotript.com/quebec-city-weather-in-november,weather-month,quebec-city,november,no,0,0,,REVIEW*,"NOT reported in capped export — status unknown, may be missing due to 1,000-row cap"
https://www.gotript.com/quebec-city-weather-in-october,weather-month,quebec-city,october,no,0,0,,REVIEW*,"NOT reported in capped export — status unknown, may be missing due to 1,000-row cap"
https://www.gotript.com/queenstown-weather-in-april,weather-month,queenstown,april,no,0,0,,REVIEW*,"NOT reported in capped export — status unknown, may be missing due to 1,000-row cap"
https://www.gotript.com/queenstown-weather-in-december,weather-month,queenstown,december,no,0,0,,REVIEW*,"NOT reported in capped export — status unknown, may be missing due to 1,000-row cap"
https://www.gotript.com/queenstown-weather-in-july,weather-month,queenstown,july,no,0,0,,REVIEW*,"NOT reported in capped export — status unknown, may be missing due to 1,000-row cap"
https://www.gotript.com/queenstown-weather-in-june,weather-month,queenstown,june,no,0,0,,REVIEW*,"NOT reported in capped export — status unknown, may be missing due to 1,000-row cap"
https://www.gotript.com/queenstown-weather-in-march,weather-month,queenstown,march,no,0,0,,REVIEW*,"NOT reported in capped export — status unknown, may be missing due to 1,000-row cap"
https://www.gotript.com/queenstown-weather-in-may,weather-month,queenstown,may,no,0,0,,REVIEW*,"NOT reported in capped export — status unknown, may be missing due to 1,000-row cap"
https://www.gotript.com/queenstown-weather-in-october,weather-month,queenstown,october,no,0,0,,REVIEW*,"NOT reported in capped export — status unknown, may be missing due to 1,000-row cap"
https://www.gotript.com/queenstown-weather-in-september,weather-month,queenstown,september,no,0,0,,REVIEW*,"NOT reported in capped export — status unknown, may be missing due to 1,000-row cap"
https://www.gotript.com/quito-weather-in-april,weather-month,quito,april,no,0,0,,REVIEW*,"NOT reported in capped export — status unknown, may be missing due to 1,000-row cap"
https://www.gotript.com/quito-weather-in-august,weather-month,quito,august,no,0,0,,REVIEW*,"NOT reported in capped export — status unknown, may be missing due to 1,000-row cap"
https://www.gotript.com/quito-weather-in-december,weather-month,quito,december,no,0,0,,REVIEW*,"NOT reported in capped export — status unknown, may be missing due to 1,000-row cap"
https://www.gotript.com/quito-weather-in-february,weather-month,quito,february,no,0,0,,REVIEW*,"NOT reported in capped export — status unknown, may be missing due to 1,000-row cap"
https://www.gotript.com/quito-weather-in-january,weather-month,quito,january,no,0,0,,REVIEW*,"NOT reported in capped export — status unknown, may be missing due to 1,000-row cap"
https://www.gotript.com/quito-weather-in-july,weather-month,quito,july,no,0,0,,REVIEW*,"NOT reported in capped export — status unknown, may be missing due to 1,000-row cap"
https://www.gotript.com/quito-weather-in-june,weather-month,quito,june,no,0,0,,REVIEW*,"NOT reported in capped export — status unknown, may be missing due to 1,000-row cap"
https://www.gotript.com/quito-weather-in-march,weather-month,quito,march,no,0,0,,REVIEW*,"NOT reported in capped export — status unknown, may be missing due to 1,000-row cap"
https://www.gotript.com/quito-weather-in-may,weather-month,quito,may,no,0,0,,REVIEW*,"NOT reported in capped export — status unknown, may be missing due to 1,000-row cap"
https://www.gotript.com/quito-weather-in-november,weather-month,quito,november,no,0,0,,REVIEW*,"NOT reported in capped export — status unknown, may be missing due to 1,000-row cap"
https://www.gotript.com/quito-weather-in-october,weather-month,quito,october,no,0,0,,REVIEW*,"NOT reported in capped export — status unknown, may be missing due to 1,000-row cap"
https://www.gotript.com/quito-weather-in-september,weather-month,quito,september,no,0,0,,REVIEW*,"NOT reported in capped export — status unknown, may be missing due to 1,000-row cap"
https://www.gotript.com/reykjavik-weather-in-april,weather-month,reykjavik,april,no,0,0,,REVIEW*,"NOT reported in capped export — status unknown, may be missing due to 1,000-row cap"
https://www.gotript.com/reykjavik-weather-in-august,weather-month,reykjavik,august,no,0,0,,REVIEW*,"NOT reported in capped export — status unknown, may be missing due to 1,000-row cap"
https://www.gotript.com/reykjavik-weather-in-december,weather-month,reykjavik,december,no,0,0,,REVIEW*,"NOT reported in capped export — status unknown, may be missing due to 1,000-row cap"
https://www.gotript.com/reykjavik-weather-in-february,weather-month,reykjavik,february,no,0,0,,REVIEW*,"NOT reported in capped export — status unknown, may be missing due to 1,000-row cap"
https://www.gotript.com/reykjavik-weather-in-january,weather-month,reykjavik,january,no,0,0,,REVIEW*,"NOT reported in capped export — status unknown, may be missing due to 1,000-row cap"
https://www.gotript.com/reykjavik-weather-in-july,weather-month,reykjavik,july,no,0,0,,REVIEW*,"NOT reported in capped export — status unknown, may be missing due to 1,000-row cap"
https://www.gotript.com/reykjavik-weather-in-june,weather-month,reykjavik,june,no,0,0,,REVIEW*,"NOT reported in capped export — status unknown, may be missing due to 1,000-row cap"
https://www.gotript.com/reykjavik-weather-in-march,weather-month,reykjavik,march,no,0,0,,REVIEW*,"NOT reported in capped export — status unknown, may be missing due to 1,000-row cap"
https://www.gotript.com/reykjavik-weather-in-may,weather-month,reykjavik,may,no,0,0,,REVIEW*,"NOT reported in capped export — status unknown, may be missing due to 1,000-row cap"
https://www.gotript.com/reykjavik-weather-in-november,weather-month,reykjavik,november,no,0,0,,REVIEW*,"NOT reported in capped export — status unknown, may be missing due to 1,000-row cap"
https://www.gotript.com/reykjavik-weather-in-october,weather-month,reykjavik,october,no,0,0,,REVIEW*,"NOT reported in capped export — status unknown, may be missing due to 1,000-row cap"
https://www.gotript.com/reykjavik-weather-in-september,weather-month,reykjavik,september,no,0,0,,REVIEW*,"NOT reported in capped export — status unknown, may be missing due to 1,000-row cap"
https://www.gotript.com/rhodes-weather-in-august,weather-month,rhodes,august,no,0,0,,REVIEW*,"NOT reported in capped export — status unknown, may be missing due to 1,000-row cap"
https://www.gotript.com/rhodes-weather-in-december,weather-month,rhodes,december,no,0,0,,REVIEW*,"NOT reported in capped export — status unknown, may be missing due to 1,000-row cap"
https://www.gotript.com/rhodes-weather-in-february,weather-month,rhodes,february,no,0,0,,REVIEW*,"NOT reported in capped export — status unknown, may be missing due to 1,000-row cap"
https://www.gotript.com/rhodes-weather-in-january,weather-month,rhodes,january,no,0,0,,REVIEW*,"NOT reported in capped export — status unknown, may be missing due to 1,000-row cap"
https://www.gotript.com/rhodes-weather-in-july,weather-month,rhodes,july,no,0,0,,REVIEW*,"NOT reported in capped export — status unknown, may be missing due to 1,000-row cap"
https://www.gotript.com/rhodes-weather-in-march,weather-month,rhodes,march,no,0,0,,REVIEW*,"NOT reported in capped export — status unknown, may be missing due to 1,000-row cap"
https://www.gotript.com/rhodes-weather-in-may,weather-month,rhodes,may,no,0,0,,REVIEW*,"NOT reported in capped export — status unknown, may be missing due to 1,000-row cap"
https://www.gotript.com/rhodes-weather-in-november,weather-month,rhodes,november,no,0,0,,REVIEW*,"NOT reported in capped export — status unknown, may be missing due to 1,000-row cap"
https://www.gotript.com/rhodes-weather-in-october,weather-month,rhodes,october,no,0,0,,REVIEW*,"NOT reported in capped export — status unknown, may be missing due to 1,000-row cap"
https://www.gotript.com/rhodes-weather-in-september,weather-month,rhodes,september,no,0,0,,REVIEW*,"NOT reported in capped export — status unknown, may be missing due to 1,000-row cap"
https://www.gotript.com/rio-de-janeiro-weather-in-august,weather-month,rio-de-janeiro,august,no,0,0,,REVIEW*,"NOT reported in capped export — status unknown, may be missing due to 1,000-row cap"
https://www.gotript.com/rio-de-janeiro-weather-in-december,weather-month,rio-de-janeiro,december,no,0,0,,REVIEW*,"NOT reported in capped export — status unknown, may be missing due to 1,000-row cap"
https://www.gotript.com/rio-de-janeiro-weather-in-february,weather-month,rio-de-janeiro,february,no,0,0,,REVIEW*,"NOT reported in capped export — status unknown, may be missing due to 1,000-row cap"
https://www.gotript.com/rio-de-janeiro-weather-in-january,weather-month,rio-de-janeiro,january,no,0,0,,REVIEW*,"NOT reported in capped export — status unknown, may be missing due to 1,000-row cap"
https://www.gotript.com/rio-de-janeiro-weather-in-july,weather-month,rio-de-janeiro,july,no,0,0,,REVIEW*,"NOT reported in capped export — status unknown, may be missing due to 1,000-row cap"
https://www.gotript.com/rio-de-janeiro-weather-in-june,weather-month,rio-de-janeiro,june,no,0,0,,REVIEW*,"NOT reported in capped export — status unknown, may be missing due to 1,000-row cap"
https://www.gotript.com/rio-de-janeiro-weather-in-march,weather-month,rio-de-janeiro,march,no,0,0,,REVIEW*,"NOT reported in capped export — status unknown, may be missing due to 1,000-row cap"
https://www.gotript.com/rio-de-janeiro-weather-in-may,weather-month,rio-de-janeiro,may,no,0,0,,REVIEW*,"NOT reported in capped export — status unknown, may be missing due to 1,000-row cap"
https://www.gotript.com/rio-de-janeiro-weather-in-november,weather-month,rio-de-janeiro,november,no,0,0,,REVIEW*,"NOT reported in capped export — status unknown, may be missing due to 1,000-row cap"
https://www.gotript.com/rio-de-janeiro-weather-in-october,weather-month,rio-de-janeiro,october,no,0,0,,REVIEW*,"NOT reported in capped export — status unknown, may be missing due to 1,000-row cap"
https://www.gotript.com/rio-de-janeiro-weather-in-september,weather-month,rio-de-janeiro,september,no,0,0,,REVIEW*,"NOT reported in capped export — status unknown, may be missing due to 1,000-row cap"
https://www.gotript.com/rome-weather-in-april,weather-month,rome,april,no,0,0,,REVIEW*,"NOT reported in capped export — status unknown, may be missing due to 1,000-row cap"
https://www.gotript.com/rome-weather-in-august,weather-month,rome,august,no,0,0,,REVIEW*,"NOT reported in capped export — status unknown, may be missing due to 1,000-row cap"
https://www.gotript.com/rome-weather-in-december,weather-month,rome,december,no,0,0,,REVIEW*,"NOT reported in capped export — status unknown, may be missing due to 1,000-row cap"
https://www.gotript.com/rome-weather-in-february,weather-month,rome,february,no,0,0,,REVIEW*,"NOT reported in capped export — status unknown, may be missing due to 1,000-row cap"
https://www.gotript.com/rome-weather-in-january,weather-month,rome,january,no,0,0,,REVIEW*,"NOT reported in capped export — status unknown, may be missing due to 1,000-row cap"
https://www.gotript.com/rome-weather-in-july,weather-month,rome,july,no,0,0,,REVIEW*,"NOT reported in capped export — status unknown, may be missing due to 1,000-row cap"
https://www.gotript.com/rome-weather-in-march,weather-month,rome,march,no,0,0,,REVIEW*,"NOT reported in capped export — status unknown, may be missing due to 1,000-row cap"
https://www.gotript.com/rome-weather-in-may,weather-month,rome,may,no,0,0,,REVIEW*,"NOT reported in capped export — status unknown, may be missing due to 1,000-row cap"
https://www.gotript.com/rome-weather-in-november,weather-month,rome,november,no,0,0,,REVIEW*,"NOT reported in capped export — status unknown, may be missing due to 1,000-row cap"
https://www.gotript.com/rome-weather-in-october,weather-month,rome,october,no,0,0,,REVIEW*,"NOT reported in capped export — status unknown, may be missing due to 1,000-row cap"
https://www.gotript.com/rome-weather-in-september,weather-month,rome,september,no,0,0,,REVIEW*,"NOT reported in capped export — status unknown, may be missing due to 1,000-row cap"
https://www.gotript.com/salzburg-weather-in-april,weather-month,salzburg,april,no,0,0,,REVIEW*,"NOT reported in capped export — status unknown, may be missing due to 1,000-row cap"
https://www.gotript.com/salzburg-weather-in-august,weather-month,salzburg,august,no,0,0,,REVIEW*,"NOT reported in capped export — status unknown, may be missing due to 1,000-row cap"
https://www.gotript.com/salzburg-weather-in-february,weather-month,salzburg,february,no,0,0,,REVIEW*,"NOT reported in capped export — status unknown, may be missing due to 1,000-row cap"
https://www.gotript.com/salzburg-weather-in-january,weather-month,salzburg,january,no,0,0,,REVIEW*,"NOT reported in capped export — status unknown, may be missing due to 1,000-row cap"
https://www.gotript.com/salzburg-weather-in-july,weather-month,salzburg,july,no,0,0,,REVIEW*,"NOT reported in capped export — status unknown, may be missing due to 1,000-row cap"
https://www.gotript.com/salzburg-weather-in-march,weather-month,salzburg,march,no,0,0,,REVIEW*,"NOT reported in capped export — status unknown, may be missing due to 1,000-row cap"
https://www.gotript.com/salzburg-weather-in-may,weather-month,salzburg,may,no,0,0,,REVIEW*,"NOT reported in capped export — status unknown, may be missing due to 1,000-row cap"
https://www.gotript.com/salzburg-weather-in-november,weather-month,salzburg,november,no,0,0,,REVIEW*,"NOT reported in capped export — status unknown, may be missing due to 1,000-row cap"
https://www.gotript.com/salzburg-weather-in-september,weather-month,salzburg,september,no,0,0,,REVIEW*,"NOT reported in capped export — status unknown, may be missing due to 1,000-row cap"
https://www.gotript.com/san-diego-weather-in-april,weather-month,san-diego,april,no,0,0,,REVIEW*,"NOT reported in capped export — status unknown, may be missing due to 1,000-row cap"
https://www.gotript.com/san-diego-weather-in-december,weather-month,san-diego,december,no,0,0,,REVIEW*,"NOT reported in capped export — status unknown, may be missing due to 1,000-row cap"
https://www.gotript.com/san-diego-weather-in-february,weather-month,san-diego,february,no,0,0,,REVIEW*,"NOT reported in capped export — status unknown, may be missing due to 1,000-row cap"
https://www.gotript.com/san-diego-weather-in-january,weather-month,san-diego,january,no,0,0,,REVIEW*,"NOT reported in capped export — status unknown, may be missing due to 1,000-row cap"
https://www.gotript.com/san-diego-weather-in-july,weather-month,san-diego,july,no,0,0,,REVIEW*,"NOT reported in capped export — status unknown, may be missing due to 1,000-row cap"
https://www.gotript.com/san-diego-weather-in-june,weather-month,san-diego,june,no,0,0,,REVIEW*,"NOT reported in capped export — status unknown, may be missing due to 1,000-row cap"
https://www.gotript.com/san-diego-weather-in-march,weather-month,san-diego,march,no,0,0,,REVIEW*,"NOT reported in capped export — status unknown, may be missing due to 1,000-row cap"
https://www.gotript.com/san-diego-weather-in-november,weather-month,san-diego,november,no,0,0,,REVIEW*,"NOT reported in capped export — status unknown, may be missing due to 1,000-row cap"
https://www.gotript.com/san-francisco-weather-in-august,weather-month,san-francisco,august,no,0,0,,REVIEW*,"NOT reported in capped export — status unknown, may be missing due to 1,000-row cap"
https://www.gotript.com/san-francisco-weather-in-december,weather-month,san-francisco,december,no,0,0,,REVIEW*,"NOT reported in capped export — status unknown, may be missing due to 1,000-row cap"
https://www.gotript.com/san-francisco-weather-in-february,weather-month,san-francisco,february,no,0,0,,REVIEW*,"NOT reported in capped export — status unknown, may be missing due to 1,000-row cap"
https://www.gotript.com/san-francisco-weather-in-january,weather-month,san-francisco,january,no,0,0,,REVIEW*,"NOT reported in capped export — status unknown, may be missing due to 1,000-row cap"
https://www.gotript.com/san-francisco-weather-in-july,weather-month,san-francisco,july,no,0,0,,REVIEW*,"NOT reported in capped export — status unknown, may be missing due to 1,000-row cap"
https://www.gotript.com/san-francisco-weather-in-may,weather-month,san-francisco,may,no,0,0,,REVIEW*,"NOT reported in capped export — status unknown, may be missing due to 1,000-row cap"
https://www.gotript.com/san-francisco-weather-in-november,weather-month,san-francisco,november,no,0,0,,REVIEW*,"NOT reported in capped export — status unknown, may be missing due to 1,000-row cap"
https://www.gotript.com/san-francisco-weather-in-october,weather-month,san-francisco,october,no,0,0,,REVIEW*,"NOT reported in capped export — status unknown, may be missing due to 1,000-row cap"
https://www.gotript.com/san-juan-weather-in-april,weather-month,san-juan,april,no,0,0,,REVIEW*,"NOT reported in capped export — status unknown, may be missing due to 1,000-row cap"
https://www.gotript.com/san-juan-weather-in-august,weather-month,san-juan,august,no,0,0,,REVIEW*,"NOT reported in capped export — status unknown, may be missing due to 1,000-row cap"
https://www.gotript.com/san-juan-weather-in-december,weather-month,san-juan,december,no,0,0,,REVIEW*,"NOT reported in capped export — status unknown, may be missing due to 1,000-row cap"
https://www.gotript.com/san-juan-weather-in-february,weather-month,san-juan,february,no,0,0,,REVIEW*,"NOT reported in capped export — status unknown, may be missing due to 1,000-row cap"
https://www.gotript.com/san-juan-weather-in-july,weather-month,san-juan,july,no,0,0,,REVIEW*,"NOT reported in capped export — status unknown, may be missing due to 1,000-row cap"
https://www.gotript.com/san-juan-weather-in-june,weather-month,san-juan,june,no,0,0,,REVIEW*,"NOT reported in capped export — status unknown, may be missing due to 1,000-row cap"
https://www.gotript.com/san-juan-weather-in-march,weather-month,san-juan,march,no,0,0,,REVIEW*,"NOT reported in capped export — status unknown, may be missing due to 1,000-row cap"
https://www.gotript.com/san-juan-weather-in-may,weather-month,san-juan,may,no,0,0,,REVIEW*,"NOT reported in capped export — status unknown, may be missing due to 1,000-row cap"
https://www.gotript.com/san-juan-weather-in-november,weather-month,san-juan,november,no,0,0,,REVIEW*,"NOT reported in capped export — status unknown, may be missing due to 1,000-row cap"
https://www.gotript.com/san-juan-weather-in-october,weather-month,san-juan,october,no,0,0,,REVIEW*,"NOT reported in capped export — status unknown, may be missing due to 1,000-row cap"
https://www.gotript.com/san-juan-weather-in-september,weather-month,san-juan,september,no,0,0,,REVIEW*,"NOT reported in capped export — status unknown, may be missing due to 1,000-row cap"
https://www.gotript.com/san-miguel-de-allende-weather-in-april,weather-month,san-miguel-de-allende,april,no,0,0,,REVIEW*,"NOT reported in capped export — status unknown, may be missing due to 1,000-row cap"
https://www.gotript.com/san-miguel-de-allende-weather-in-august,weather-month,san-miguel-de-allende,august,no,0,0,,REVIEW*,"NOT reported in capped export — status unknown, may be missing due to 1,000-row cap"
https://www.gotript.com/san-miguel-de-allende-weather-in-december,weather-month,san-miguel-de-allende,december,no,0,0,,REVIEW*,"NOT reported in capped export — status unknown, may be missing due to 1,000-row cap"
https://www.gotript.com/san-miguel-de-allende-weather-in-february,weather-month,san-miguel-de-allende,february,no,0,0,,REVIEW*,"NOT reported in capped export — status unknown, may be missing due to 1,000-row cap"
https://www.gotript.com/san-miguel-de-allende-weather-in-january,weather-month,san-miguel-de-allende,january,no,0,0,,REVIEW*,"NOT reported in capped export — status unknown, may be missing due to 1,000-row cap"
https://www.gotript.com/san-miguel-de-allende-weather-in-july,weather-month,san-miguel-de-allende,july,no,0,0,,REVIEW*,"NOT reported in capped export — status unknown, may be missing due to 1,000-row cap"
https://www.gotript.com/san-miguel-de-allende-weather-in-june,weather-month,san-miguel-de-allende,june,no,0,0,,REVIEW*,"NOT reported in capped export — status unknown, may be missing due to 1,000-row cap"
https://www.gotript.com/san-miguel-de-allende-weather-in-march,weather-month,san-miguel-de-allende,march,no,0,0,,REVIEW*,"NOT reported in capped export — status unknown, may be missing due to 1,000-row cap"
https://www.gotript.com/san-miguel-de-allende-weather-in-may,weather-month,san-miguel-de-allende,may,no,0,0,,REVIEW*,"NOT reported in capped export — status unknown, may be missing due to 1,000-row cap"
https://www.gotript.com/san-miguel-de-allende-weather-in-november,weather-month,san-miguel-de-allende,november,no,0,0,,REVIEW*,"NOT reported in capped export — status unknown, may be missing due to 1,000-row cap"
https://www.gotript.com/san-miguel-de-allende-weather-in-october,weather-month,san-miguel-de-allende,october,no,0,0,,REVIEW*,"NOT reported in capped export — status unknown, may be missing due to 1,000-row cap"
https://www.gotript.com/san-miguel-de-allende-weather-in-september,weather-month,san-miguel-de-allende,september,no,0,0,,REVIEW*,"NOT reported in capped export — status unknown, may be missing due to 1,000-row cap"
https://www.gotript.com/san-sebastian-weather-in-february,weather-month,san-sebastian,february,no,0,0,,REVIEW*,"NOT reported in capped export — status unknown, may be missing due to 1,000-row cap"
https://www.gotript.com/san-sebastian-weather-in-january,weather-month,san-sebastian,january,no,0,0,,REVIEW*,"NOT reported in capped export — status unknown, may be missing due to 1,000-row cap"
https://www.gotript.com/san-sebastian-weather-in-july,weather-month,san-sebastian,july,no,0,0,,REVIEW*,"NOT reported in capped export — status unknown, may be missing due to 1,000-row cap"
https://www.gotript.com/san-sebastian-weather-in-june,weather-month,san-sebastian,june,no,0,0,,REVIEW*,"NOT reported in capped export — status unknown, may be missing due to 1,000-row cap"
https://www.gotript.com/san-sebastian-weather-in-may,weather-month,san-sebastian,may,no,0,0,,REVIEW*,"NOT reported in capped export — status unknown, may be missing due to 1,000-row cap"
https://www.gotript.com/san-sebastian-weather-in-september,weather-month,san-sebastian,september,no,0,0,,REVIEW*,"NOT reported in capped export — status unknown, may be missing due to 1,000-row cap"
https://www.gotript.com/santiago-weather-in-april,weather-month,santiago,april,no,0,0,,REVIEW*,"NOT reported in capped export — status unknown, may be missing due to 1,000-row cap"
https://www.gotript.com/santiago-weather-in-december,weather-month,santiago,december,no,0,0,,REVIEW*,"NOT reported in capped export — status unknown, may be missing due to 1,000-row cap"
https://www.gotript.com/santiago-weather-in-january,weather-month,santiago,january,no,0,0,,REVIEW*,"NOT reported in capped export — status unknown, may be missing due to 1,000-row cap"
https://www.gotript.com/santiago-weather-in-july,weather-month,santiago,july,no,0,0,,REVIEW*,"NOT reported in capped export — status unknown, may be missing due to 1,000-row cap"
https://www.gotript.com/santiago-weather-in-june,weather-month,santiago,june,no,0,0,,REVIEW*,"NOT reported in capped export — status unknown, may be missing due to 1,000-row cap"
https://www.gotript.com/santiago-weather-in-march,weather-month,santiago,march,no,0,0,,REVIEW*,"NOT reported in capped export — status unknown, may be missing due to 1,000-row cap"
https://www.gotript.com/santiago-weather-in-may,weather-month,santiago,may,no,0,0,,REVIEW*,"NOT reported in capped export — status unknown, may be missing due to 1,000-row cap"
https://www.gotript.com/santiago-weather-in-october,weather-month,santiago,october,no,0,0,,REVIEW*,"NOT reported in capped export — status unknown, may be missing due to 1,000-row cap"
https://www.gotript.com/santorini-weather-in-april,weather-month,santorini,april,no,0,0,,REVIEW*,"NOT reported in capped export — status unknown, may be missing due to 1,000-row cap"
https://www.gotript.com/santorini-weather-in-august,weather-month,santorini,august,no,0,0,,REVIEW*,"NOT reported in capped export — status unknown, may be missing due to 1,000-row cap"
https://www.gotript.com/santorini-weather-in-december,weather-month,santorini,december,no,0,0,,REVIEW*,"NOT reported in capped export — status unknown, may be missing due to 1,000-row cap"
https://www.gotript.com/santorini-weather-in-february,weather-month,santorini,february,no,0,0,,REVIEW*,"NOT reported in capped export — status unknown, may be missing due to 1,000-row cap"
https://www.gotript.com/santorini-weather-in-january,weather-month,santorini,january,no,0,0,,REVIEW*,"NOT reported in capped export — status unknown, may be missing due to 1,000-row cap"
https://www.gotript.com/santorini-weather-in-july,weather-month,santorini,july,no,0,0,,REVIEW*,"NOT reported in capped export — status unknown, may be missing due to 1,000-row cap"
https://www.gotript.com/santorini-weather-in-june,weather-month,santorini,june,no,0,0,,REVIEW*,"NOT reported in capped export — status unknown, may be missing due to 1,000-row cap"
https://www.gotript.com/santorini-weather-in-march,weather-month,santorini,march,no,0,0,,REVIEW*,"NOT reported in capped export — status unknown, may be missing due to 1,000-row cap"
https://www.gotript.com/santorini-weather-in-october,weather-month,santorini,october,no,0,0,,REVIEW*,"NOT reported in capped export — status unknown, may be missing due to 1,000-row cap"
https://www.gotript.com/santorini-weather-in-september,weather-month,santorini,september,no,0,0,,REVIEW*,"NOT reported in capped export — status unknown, may be missing due to 1,000-row cap"
https://www.gotript.com/sapporo-weather-in-august,weather-month,sapporo,august,no,0,0,,REVIEW*,"NOT reported in capped export — status unknown, may be missing due to 1,000-row cap"
https://www.gotript.com/sapporo-weather-in-february,weather-month,sapporo,february,no,0,0,,REVIEW*,"NOT reported in capped export — status unknown, may be missing due to 1,000-row cap"
https://www.gotript.com/sapporo-weather-in-january,weather-month,sapporo,january,no,0,0,,REVIEW*,"NOT reported in capped export — status unknown, may be missing due to 1,000-row cap"
https://www.gotript.com/sapporo-weather-in-july,weather-month,sapporo,july,no,0,0,,REVIEW*,"NOT reported in capped export — status unknown, may be missing due to 1,000-row cap"
https://www.gotript.com/sapporo-weather-in-june,weather-month,sapporo,june,no,0,0,,REVIEW*,"NOT reported in capped export — status unknown, may be missing due to 1,000-row cap"
https://www.gotript.com/sapporo-weather-in-march,weather-month,sapporo,march,no,0,0,,REVIEW*,"NOT reported in capped export — status unknown, may be missing due to 1,000-row cap"
https://www.gotript.com/sapporo-weather-in-may,weather-month,sapporo,may,no,0,0,,REVIEW*,"NOT reported in capped export — status unknown, may be missing due to 1,000-row cap"
https://www.gotript.com/sapporo-weather-in-november,weather-month,sapporo,november,no,0,0,,REVIEW*,"NOT reported in capped export — status unknown, may be missing due to 1,000-row cap"
https://www.gotript.com/sapporo-weather-in-october,weather-month,sapporo,october,no,0,0,,REVIEW*,"NOT reported in capped export — status unknown, may be missing due to 1,000-row cap"
https://www.gotript.com/sapporo-weather-in-september,weather-month,sapporo,september,no,0,0,,REVIEW*,"NOT reported in capped export — status unknown, may be missing due to 1,000-row cap"
https://www.gotript.com/savannah-weather-in-august,weather-month,savannah,august,no,0,0,,REVIEW*,"NOT reported in capped export — status unknown, may be missing due to 1,000-row cap"
https://www.gotript.com/savannah-weather-in-december,weather-month,savannah,december,no,0,0,,REVIEW*,"NOT reported in capped export — status unknown, may be missing due to 1,000-row cap"
https://www.gotript.com/savannah-weather-in-february,weather-month,savannah,february,no,0,0,,REVIEW*,"NOT reported in capped export — status unknown, may be missing due to 1,000-row cap"
https://www.gotript.com/savannah-weather-in-january,weather-month,savannah,january,no,0,0,,REVIEW*,"NOT reported in capped export — status unknown, may be missing due to 1,000-row cap"
https://www.gotript.com/savannah-weather-in-july,weather-month,savannah,july,no,0,0,,REVIEW*,"NOT reported in capped export — status unknown, may be missing due to 1,000-row cap"
https://www.gotript.com/savannah-weather-in-june,weather-month,savannah,june,no,0,0,,REVIEW*,"NOT reported in capped export — status unknown, may be missing due to 1,000-row cap"
https://www.gotript.com/savannah-weather-in-march,weather-month,savannah,march,no,0,0,,REVIEW*,"NOT reported in capped export — status unknown, may be missing due to 1,000-row cap"
https://www.gotript.com/savannah-weather-in-may,weather-month,savannah,may,no,0,0,,REVIEW*,"NOT reported in capped export — status unknown, may be missing due to 1,000-row cap"
https://www.gotript.com/savannah-weather-in-november,weather-month,savannah,november,no,0,0,,REVIEW*,"NOT reported in capped export — status unknown, may be missing due to 1,000-row cap"
https://www.gotript.com/savannah-weather-in-september,weather-month,savannah,september,no,0,0,,REVIEW*,"NOT reported in capped export — status unknown, may be missing due to 1,000-row cap"
https://www.gotript.com/seattle-weather-in-august,weather-month,seattle,august,no,0,0,,REVIEW*,"NOT reported in capped export — status unknown, may be missing due to 1,000-row cap"
https://www.gotript.com/seattle-weather-in-february,weather-month,seattle,february,no,0,0,,REVIEW*,"NOT reported in capped export — status unknown, may be missing due to 1,000-row cap"
https://www.gotript.com/seattle-weather-in-january,weather-month,seattle,january,no,0,0,,REVIEW*,"NOT reported in capped export — status unknown, may be missing due to 1,000-row cap"
https://www.gotript.com/seattle-weather-in-july,weather-month,seattle,july,no,0,0,,REVIEW*,"NOT reported in capped export — status unknown, may be missing due to 1,000-row cap"
https://www.gotript.com/seattle-weather-in-june,weather-month,seattle,june,no,0,0,,REVIEW*,"NOT reported in capped export — status unknown, may be missing due to 1,000-row cap"
https://www.gotript.com/seattle-weather-in-march,weather-month,seattle,march,no,0,0,,REVIEW*,"NOT reported in capped export — status unknown, may be missing due to 1,000-row cap"
https://www.gotript.com/seattle-weather-in-may,weather-month,seattle,may,no,0,0,,REVIEW*,"NOT reported in capped export — status unknown, may be missing due to 1,000-row cap"
https://www.gotript.com/seattle-weather-in-november,weather-month,seattle,november,no,0,0,,REVIEW*,"NOT reported in capped export — status unknown, may be missing due to 1,000-row cap"
https://www.gotript.com/seattle-weather-in-september,weather-month,seattle,september,no,0,0,,REVIEW*,"NOT reported in capped export — status unknown, may be missing due to 1,000-row cap"
https://www.gotript.com/seoul-weather-in-december,weather-month,seoul,december,no,0,0,,REVIEW*,"NOT reported in capped export — status unknown, may be missing due to 1,000-row cap"
https://www.gotript.com/seoul-weather-in-february,weather-month,seoul,february,no,0,0,,REVIEW*,"NOT reported in capped export — status unknown, may be missing due to 1,000-row cap"
https://www.gotript.com/seoul-weather-in-july,weather-month,seoul,july,no,0,0,,REVIEW*,"NOT reported in capped export — status unknown, may be missing due to 1,000-row cap"
https://www.gotript.com/seoul-weather-in-march,weather-month,seoul,march,no,0,0,,REVIEW*,"NOT reported in capped export — status unknown, may be missing due to 1,000-row cap"
https://www.gotript.com/seoul-weather-in-november,weather-month,seoul,november,no,0,0,,REVIEW*,"NOT reported in capped export — status unknown, may be missing due to 1,000-row cap"
https://www.gotript.com/seoul-weather-in-october,weather-month,seoul,october,no,0,0,,REVIEW*,"NOT reported in capped export — status unknown, may be missing due to 1,000-row cap"
https://www.gotript.com/seoul-weather-in-september,weather-month,seoul,september,no,0,0,,REVIEW*,"NOT reported in capped export — status unknown, may be missing due to 1,000-row cap"
https://www.gotript.com/seville-weather-in-august,weather-month,seville,august,no,0,0,,REVIEW*,"NOT reported in capped export — status unknown, may be missing due to 1,000-row cap"
https://www.gotript.com/seville-weather-in-december,weather-month,seville,december,no,0,0,,REVIEW*,"NOT reported in capped export — status unknown, may be missing due to 1,000-row cap"
https://www.gotript.com/seville-weather-in-february,weather-month,seville,february,no,0,0,,REVIEW*,"NOT reported in capped export — status unknown, may be missing due to 1,000-row cap"
https://www.gotript.com/seville-weather-in-july,weather-month,seville,july,no,0,0,,REVIEW*,"NOT reported in capped export — status unknown, may be missing due to 1,000-row cap"
https://www.gotript.com/seville-weather-in-june,weather-month,seville,june,no,0,0,,REVIEW*,"NOT reported in capped export — status unknown, may be missing due to 1,000-row cap"
https://www.gotript.com/seville-weather-in-may,weather-month,seville,may,no,0,0,,REVIEW*,"NOT reported in capped export — status unknown, may be missing due to 1,000-row cap"
https://www.gotript.com/seville-weather-in-november,weather-month,seville,november,no,0,0,,REVIEW*,"NOT reported in capped export — status unknown, may be missing due to 1,000-row cap"
https://www.gotript.com/seville-weather-in-october,weather-month,seville,october,no,0,0,,REVIEW*,"NOT reported in capped export — status unknown, may be missing due to 1,000-row cap"
https://www.gotript.com/seville-weather-in-september,weather-month,seville,september,no,0,0,,REVIEW*,"NOT reported in capped export — status unknown, may be missing due to 1,000-row cap"
https://www.gotript.com/shanghai-weather-in-april,weather-month,shanghai,april,no,0,0,,REVIEW*,"NOT reported in capped export — status unknown, may be missing due to 1,000-row cap"
https://www.gotript.com/shanghai-weather-in-august,weather-month,shanghai,august,no,0,0,,REVIEW*,"NOT reported in capped export — status unknown, may be missing due to 1,000-row cap"
https://www.gotript.com/shanghai-weather-in-december,weather-month,shanghai,december,no,0,0,,REVIEW*,"NOT reported in capped export — status unknown, may be missing due to 1,000-row cap"
https://www.gotript.com/shanghai-weather-in-july,weather-month,shanghai,july,no,0,0,,REVIEW*,"NOT reported in capped export — status unknown, may be missing due to 1,000-row cap"
https://www.gotript.com/shanghai-weather-in-june,weather-month,shanghai,june,no,0,0,,REVIEW*,"NOT reported in capped export — status unknown, may be missing due to 1,000-row cap"
https://www.gotript.com/shanghai-weather-in-march,weather-month,shanghai,march,no,0,0,,REVIEW*,"NOT reported in capped export — status unknown, may be missing due to 1,000-row cap"
https://www.gotript.com/shanghai-weather-in-may,weather-month,shanghai,may,no,0,0,,REVIEW*,"NOT reported in capped export — status unknown, may be missing due to 1,000-row cap"
https://www.gotript.com/shanghai-weather-in-october,weather-month,shanghai,october,no,0,0,,REVIEW*,"NOT reported in capped export — status unknown, may be missing due to 1,000-row cap"
https://www.gotript.com/shanghai-weather-in-september,weather-month,shanghai,september,no,0,0,,REVIEW*,"NOT reported in capped export — status unknown, may be missing due to 1,000-row cap"
https://www.gotript.com/sharm-el-sheikh-weather-in-august,weather-month,sharm-el-sheikh,august,no,0,0,,REVIEW*,"NOT reported in capped export — status unknown, may be missing due to 1,000-row cap"
https://www.gotript.com/sharm-el-sheikh-weather-in-february,weather-month,sharm-el-sheikh,february,no,0,0,,REVIEW*,"NOT reported in capped export — status unknown, may be missing due to 1,000-row cap"
https://www.gotript.com/sharm-el-sheikh-weather-in-january,weather-month,sharm-el-sheikh,january,no,0,0,,REVIEW*,"NOT reported in capped export — status unknown, may be missing due to 1,000-row cap"
https://www.gotript.com/sharm-el-sheikh-weather-in-july,weather-month,sharm-el-sheikh,july,no,0,0,,REVIEW*,"NOT reported in capped export — status unknown, may be missing due to 1,000-row cap"
https://www.gotript.com/sharm-el-sheikh-weather-in-may,weather-month,sharm-el-sheikh,may,no,0,0,,REVIEW*,"NOT reported in capped export — status unknown, may be missing due to 1,000-row cap"
https://www.gotript.com/sharm-el-sheikh-weather-in-november,weather-month,sharm-el-sheikh,november,no,0,0,,REVIEW*,"NOT reported in capped export — status unknown, may be missing due to 1,000-row cap"
https://www.gotript.com/sharm-el-sheikh-weather-in-october,weather-month,sharm-el-sheikh,october,no,0,0,,REVIEW*,"NOT reported in capped export — status unknown, may be missing due to 1,000-row cap"
https://www.gotript.com/sharm-el-sheikh-weather-in-september,weather-month,sharm-el-sheikh,september,no,0,0,,REVIEW*,"NOT reported in capped export — status unknown, may be missing due to 1,000-row cap"
https://www.gotript.com/siem-reap-weather-in-april,weather-month,siem-reap,april,no,0,0,,REVIEW*,"NOT reported in capped export — status unknown, may be missing due to 1,000-row cap"
https://www.gotript.com/siem-reap-weather-in-august,weather-month,siem-reap,august,no,0,0,,REVIEW*,"NOT reported in capped export — status unknown, may be missing due to 1,000-row cap"
https://www.gotript.com/siem-reap-weather-in-december,weather-month,siem-reap,december,no,0,0,,REVIEW*,"NOT reported in capped export — status unknown, may be missing due to 1,000-row cap"
https://www.gotript.com/siem-reap-weather-in-february,weather-month,siem-reap,february,no,0,0,,REVIEW*,"NOT reported in capped export — status unknown, may be missing due to 1,000-row cap"
https://www.gotript.com/siem-reap-weather-in-january,weather-month,siem-reap,january,no,0,0,,REVIEW*,"NOT reported in capped export — status unknown, may be missing due to 1,000-row cap"
https://www.gotript.com/siem-reap-weather-in-july,weather-month,siem-reap,july,no,0,0,,REVIEW*,"NOT reported in capped export — status unknown, may be missing due to 1,000-row cap"
https://www.gotript.com/siem-reap-weather-in-june,weather-month,siem-reap,june,no,0,0,,REVIEW*,"NOT reported in capped export — status unknown, may be missing due to 1,000-row cap"
https://www.gotript.com/siem-reap-weather-in-march,weather-month,siem-reap,march,no,0,0,,REVIEW*,"NOT reported in capped export — status unknown, may be missing due to 1,000-row cap"
https://www.gotript.com/siem-reap-weather-in-may,weather-month,siem-reap,may,no,0,0,,REVIEW*,"NOT reported in capped export — status unknown, may be missing due to 1,000-row cap"
https://www.gotript.com/siem-reap-weather-in-november,weather-month,siem-reap,november,no,0,0,,REVIEW*,"NOT reported in capped export — status unknown, may be missing due to 1,000-row cap"
https://www.gotript.com/siem-reap-weather-in-october,weather-month,siem-reap,october,no,0,0,,REVIEW*,"NOT reported in capped export — status unknown, may be missing due to 1,000-row cap"
https://www.gotript.com/siem-reap-weather-in-september,weather-month,siem-reap,september,no,0,0,,REVIEW*,"NOT reported in capped export — status unknown, may be missing due to 1,000-row cap"
https://www.gotript.com/singapore-weather-in-april,weather-month,singapore,april,no,0,0,,REVIEW*,"NOT reported in capped export — status unknown, may be missing due to 1,000-row cap"
https://www.gotript.com/singapore-weather-in-august,weather-month,singapore,august,no,0,0,,REVIEW*,"NOT reported in capped export — status unknown, may be missing due to 1,000-row cap"
https://www.gotript.com/singapore-weather-in-december,weather-month,singapore,december,no,0,0,,REVIEW*,"NOT reported in capped export — status unknown, may be missing due to 1,000-row cap"
https://www.gotript.com/singapore-weather-in-february,weather-month,singapore,february,no,0,0,,REVIEW*,"NOT reported in capped export — status unknown, may be missing due to 1,000-row cap"
https://www.gotript.com/singapore-weather-in-january,weather-month,singapore,january,no,0,0,,REVIEW*,"NOT reported in capped export — status unknown, may be missing due to 1,000-row cap"
https://www.gotript.com/singapore-weather-in-july,weather-month,singapore,july,no,0,0,,REVIEW*,"NOT reported in capped export — status unknown, may be missing due to 1,000-row cap"
https://www.gotript.com/singapore-weather-in-june,weather-month,singapore,june,no,0,0,,REVIEW*,"NOT reported in capped export — status unknown, may be missing due to 1,000-row cap"
https://www.gotript.com/singapore-weather-in-march,weather-month,singapore,march,no,0,0,,REVIEW*,"NOT reported in capped export — status unknown, may be missing due to 1,000-row cap"
https://www.gotript.com/singapore-weather-in-may,weather-month,singapore,may,no,0,0,,REVIEW*,"NOT reported in capped export — status unknown, may be missing due to 1,000-row cap"
https://www.gotript.com/singapore-weather-in-october,weather-month,singapore,october,no,0,0,,REVIEW*,"NOT reported in capped export — status unknown, may be missing due to 1,000-row cap"
https://www.gotript.com/singapore-weather-in-september,weather-month,singapore,september,no,0,0,,REVIEW*,"NOT reported in capped export — status unknown, may be missing due to 1,000-row cap"
https://www.gotript.com/sintra-weather-in-april,weather-month,sintra,april,no,0,0,,REVIEW*,"NOT reported in capped export — status unknown, may be missing due to 1,000-row cap"
https://www.gotript.com/sintra-weather-in-august,weather-month,sintra,august,no,0,0,,REVIEW*,"NOT reported in capped export — status unknown, may be missing due to 1,000-row cap"
https://www.gotript.com/sintra-weather-in-december,weather-month,sintra,december,no,0,0,,REVIEW*,"NOT reported in capped export — status unknown, may be missing due to 1,000-row cap"
https://www.gotript.com/sintra-weather-in-february,weather-month,sintra,february,no,0,0,,REVIEW*,"NOT reported in capped export — status unknown, may be missing due to 1,000-row cap"
https://www.gotript.com/sintra-weather-in-january,weather-month,sintra,january,no,0,0,,REVIEW*,"NOT reported in capped export — status unknown, may be missing due to 1,000-row cap"
https://www.gotript.com/sintra-weather-in-july,weather-month,sintra,july,no,0,0,,REVIEW*,"NOT reported in capped export — status unknown, may be missing due to 1,000-row cap"
https://www.gotript.com/sintra-weather-in-june,weather-month,sintra,june,no,0,0,,REVIEW*,"NOT reported in capped export — status unknown, may be missing due to 1,000-row cap"
https://www.gotript.com/sintra-weather-in-march,weather-month,sintra,march,no,0,0,,REVIEW*,"NOT reported in capped export — status unknown, may be missing due to 1,000-row cap"
https://www.gotript.com/sintra-weather-in-may,weather-month,sintra,may,no,0,0,,REVIEW*,"NOT reported in capped export — status unknown, may be missing due to 1,000-row cap"
https://www.gotript.com/sintra-weather-in-november,weather-month,sintra,november,no,0,0,,REVIEW*,"NOT reported in capped export — status unknown, may be missing due to 1,000-row cap"
https://www.gotript.com/sintra-weather-in-october,weather-month,sintra,october,no,0,0,,REVIEW*,"NOT reported in capped export — status unknown, may be missing due to 1,000-row cap"
https://www.gotript.com/sintra-weather-in-september,weather-month,sintra,september,no,0,0,,REVIEW*,"NOT reported in capped export — status unknown, may be missing due to 1,000-row cap"
https://www.gotript.com/sorrento-weather-in-april,weather-month,sorrento,april,no,0,0,,REVIEW*,"NOT reported in capped export — status unknown, may be missing due to 1,000-row cap"
https://www.gotript.com/sorrento-weather-in-august,weather-month,sorrento,august,no,0,0,,REVIEW*,"NOT reported in capped export — status unknown, may be missing due to 1,000-row cap"
https://www.gotript.com/sorrento-weather-in-december,weather-month,sorrento,december,no,0,0,,REVIEW*,"NOT reported in capped export — status unknown, may be missing due to 1,000-row cap"
https://www.gotript.com/sorrento-weather-in-february,weather-month,sorrento,february,no,0,0,,REVIEW*,"NOT reported in capped export — status unknown, may be missing due to 1,000-row cap"
https://www.gotript.com/sorrento-weather-in-january,weather-month,sorrento,january,no,0,0,,REVIEW*,"NOT reported in capped export — status unknown, may be missing due to 1,000-row cap"
https://www.gotript.com/sorrento-weather-in-july,weather-month,sorrento,july,no,0,0,,REVIEW*,"NOT reported in capped export — status unknown, may be missing due to 1,000-row cap"
https://www.gotript.com/sorrento-weather-in-march,weather-month,sorrento,march,no,0,0,,REVIEW*,"NOT reported in capped export — status unknown, may be missing due to 1,000-row cap"
https://www.gotript.com/sorrento-weather-in-may,weather-month,sorrento,may,no,0,0,,REVIEW*,"NOT reported in capped export — status unknown, may be missing due to 1,000-row cap"
https://www.gotript.com/sorrento-weather-in-november,weather-month,sorrento,november,no,0,0,,REVIEW*,"NOT reported in capped export — status unknown, may be missing due to 1,000-row cap"
https://www.gotript.com/sorrento-weather-in-october,weather-month,sorrento,october,no,0,0,,REVIEW*,"NOT reported in capped export — status unknown, may be missing due to 1,000-row cap"
https://www.gotript.com/sorrento-weather-in-september,weather-month,sorrento,september,no,0,0,,REVIEW*,"NOT reported in capped export — status unknown, may be missing due to 1,000-row cap"
https://www.gotript.com/split-weather-in-april,weather-month,split,april,no,0,0,,REVIEW*,"NOT reported in capped export — status unknown, may be missing due to 1,000-row cap"
https://www.gotript.com/split-weather-in-august,weather-month,split,august,no,0,0,,REVIEW*,"NOT reported in capped export — status unknown, may be missing due to 1,000-row cap"
https://www.gotript.com/split-weather-in-december,weather-month,split,december,no,0,0,,REVIEW*,"NOT reported in capped export — status unknown, may be missing due to 1,000-row cap"
https://www.gotript.com/split-weather-in-february,weather-month,split,february,no,0,0,,REVIEW*,"NOT reported in capped export — status unknown, may be missing due to 1,000-row cap"
https://www.gotript.com/split-weather-in-january,weather-month,split,january,no,0,0,,REVIEW*,"NOT reported in capped export — status unknown, may be missing due to 1,000-row cap"
https://www.gotript.com/split-weather-in-july,weather-month,split,july,no,0,0,,REVIEW*,"NOT reported in capped export — status unknown, may be missing due to 1,000-row cap"
https://www.gotript.com/split-weather-in-june,weather-month,split,june,no,0,0,,REVIEW*,"NOT reported in capped export — status unknown, may be missing due to 1,000-row cap"
https://www.gotript.com/split-weather-in-march,weather-month,split,march,no,0,0,,REVIEW*,"NOT reported in capped export — status unknown, may be missing due to 1,000-row cap"
https://www.gotript.com/split-weather-in-may,weather-month,split,may,no,0,0,,REVIEW*,"NOT reported in capped export — status unknown, may be missing due to 1,000-row cap"
https://www.gotript.com/split-weather-in-november,weather-month,split,november,no,0,0,,REVIEW*,"NOT reported in capped export — status unknown, may be missing due to 1,000-row cap"
https://www.gotript.com/split-weather-in-october,weather-month,split,october,no,0,0,,REVIEW*,"NOT reported in capped export — status unknown, may be missing due to 1,000-row cap"
https://www.gotript.com/split-weather-in-september,weather-month,split,september,no,0,0,,REVIEW*,"NOT reported in capped export — status unknown, may be missing due to 1,000-row cap"
https://www.gotript.com/st-moritz-weather-in-april,weather-month,st-moritz,april,no,0,0,,REVIEW*,"NOT reported in capped export — status unknown, may be missing due to 1,000-row cap"
https://www.gotript.com/st-moritz-weather-in-august,weather-month,st-moritz,august,no,0,0,,REVIEW*,"NOT reported in capped export — status unknown, may be missing due to 1,000-row cap"
https://www.gotript.com/st-moritz-weather-in-december,weather-month,st-moritz,december,no,0,0,,REVIEW*,"NOT reported in capped export — status unknown, may be missing due to 1,000-row cap"
https://www.gotript.com/st-moritz-weather-in-february,weather-month,st-moritz,february,no,0,0,,REVIEW*,"NOT reported in capped export — status unknown, may be missing due to 1,000-row cap"
https://www.gotript.com/st-moritz-weather-in-january,weather-month,st-moritz,january,no,0,0,,REVIEW*,"NOT reported in capped export — status unknown, may be missing due to 1,000-row cap"
https://www.gotript.com/st-moritz-weather-in-july,weather-month,st-moritz,july,no,0,0,,REVIEW*,"NOT reported in capped export — status unknown, may be missing due to 1,000-row cap"
https://www.gotript.com/st-moritz-weather-in-june,weather-month,st-moritz,june,no,0,0,,REVIEW*,"NOT reported in capped export — status unknown, may be missing due to 1,000-row cap"
https://www.gotript.com/st-moritz-weather-in-march,weather-month,st-moritz,march,no,0,0,,REVIEW*,"NOT reported in capped export — status unknown, may be missing due to 1,000-row cap"
https://www.gotript.com/st-moritz-weather-in-may,weather-month,st-moritz,may,no,0,0,,REVIEW*,"NOT reported in capped export — status unknown, may be missing due to 1,000-row cap"
https://www.gotript.com/st-moritz-weather-in-november,weather-month,st-moritz,november,no,0,0,,REVIEW*,"NOT reported in capped export — status unknown, may be missing due to 1,000-row cap"
https://www.gotript.com/st-moritz-weather-in-october,weather-month,st-moritz,october,no,0,0,,REVIEW*,"NOT reported in capped export — status unknown, may be missing due to 1,000-row cap"
https://www.gotript.com/st-moritz-weather-in-september,weather-month,st-moritz,september,no,0,0,,REVIEW*,"NOT reported in capped export — status unknown, may be missing due to 1,000-row cap"
https://www.gotript.com/stockholm-weather-in-august,weather-month,stockholm,august,no,0,0,,REVIEW*,"NOT reported in capped export — status unknown, may be missing due to 1,000-row cap"
https://www.gotript.com/stockholm-weather-in-february,weather-month,stockholm,february,no,0,0,,REVIEW*,"NOT reported in capped export — status unknown, may be missing due to 1,000-row cap"
https://www.gotript.com/stockholm-weather-in-january,weather-month,stockholm,january,no,0,0,,REVIEW*,"NOT reported in capped export — status unknown, may be missing due to 1,000-row cap"
https://www.gotript.com/stockholm-weather-in-july,weather-month,stockholm,july,no,0,0,,REVIEW*,"NOT reported in capped export — status unknown, may be missing due to 1,000-row cap"
https://www.gotript.com/stockholm-weather-in-june,weather-month,stockholm,june,no,0,0,,REVIEW*,"NOT reported in capped export — status unknown, may be missing due to 1,000-row cap"
https://www.gotript.com/stockholm-weather-in-november,weather-month,stockholm,november,no,0,0,,REVIEW*,"NOT reported in capped export — status unknown, may be missing due to 1,000-row cap"
https://www.gotript.com/stockholm-weather-in-september,weather-month,stockholm,september,no,0,0,,REVIEW*,"NOT reported in capped export — status unknown, may be missing due to 1,000-row cap"
https://www.gotript.com/strasbourg-weather-in-april,weather-month,strasbourg,april,no,0,0,,REVIEW*,"NOT reported in capped export — status unknown, may be missing due to 1,000-row cap"
https://www.gotript.com/strasbourg-weather-in-august,weather-month,strasbourg,august,no,0,0,,REVIEW*,"NOT reported in capped export — status unknown, may be missing due to 1,000-row cap"
https://www.gotript.com/strasbourg-weather-in-december,weather-month,strasbourg,december,no,0,0,,REVIEW*,"NOT reported in capped export — status unknown, may be missing due to 1,000-row cap"
https://www.gotript.com/strasbourg-weather-in-february,weather-month,strasbourg,february,no,0,0,,REVIEW*,"NOT reported in capped export — status unknown, may be missing due to 1,000-row cap"
https://www.gotript.com/strasbourg-weather-in-january,weather-month,strasbourg,january,no,0,0,,REVIEW*,"NOT reported in capped export — status unknown, may be missing due to 1,000-row cap"
https://www.gotript.com/strasbourg-weather-in-july,weather-month,strasbourg,july,no,0,0,,REVIEW*,"NOT reported in capped export — status unknown, may be missing due to 1,000-row cap"
https://www.gotript.com/strasbourg-weather-in-june,weather-month,strasbourg,june,no,0,0,,REVIEW*,"NOT reported in capped export — status unknown, may be missing due to 1,000-row cap"
https://www.gotript.com/strasbourg-weather-in-march,weather-month,strasbourg,march,no,0,0,,REVIEW*,"NOT reported in capped export — status unknown, may be missing due to 1,000-row cap"
https://www.gotript.com/strasbourg-weather-in-november,weather-month,strasbourg,november,no,0,0,,REVIEW*,"NOT reported in capped export — status unknown, may be missing due to 1,000-row cap"
https://www.gotript.com/strasbourg-weather-in-october,weather-month,strasbourg,october,no,0,0,,REVIEW*,"NOT reported in capped export — status unknown, may be missing due to 1,000-row cap"
https://www.gotript.com/strasbourg-weather-in-september,weather-month,strasbourg,september,no,0,0,,REVIEW*,"NOT reported in capped export — status unknown, may be missing due to 1,000-row cap"
https://www.gotript.com/sydney-weather-in-april,weather-month,sydney,april,no,0,0,,REVIEW*,"NOT reported in capped export — status unknown, may be missing due to 1,000-row cap"
https://www.gotript.com/sydney-weather-in-august,weather-month,sydney,august,no,0,0,,REVIEW*,"NOT reported in capped export — status unknown, may be missing due to 1,000-row cap"
https://www.gotript.com/sydney-weather-in-february,weather-month,sydney,february,no,0,0,,REVIEW*,"NOT reported in capped export — status unknown, may be missing due to 1,000-row cap"
https://www.gotript.com/sydney-weather-in-july,weather-month,sydney,july,no,0,0,,REVIEW*,"NOT reported in capped export — status unknown, may be missing due to 1,000-row cap"
https://www.gotript.com/sydney-weather-in-june,weather-month,sydney,june,no,0,0,,REVIEW*,"NOT reported in capped export — status unknown, may be missing due to 1,000-row cap"
https://www.gotript.com/sydney-weather-in-march,weather-month,sydney,march,no,0,0,,REVIEW*,"NOT reported in capped export — status unknown, may be missing due to 1,000-row cap"
https://www.gotript.com/sydney-weather-in-may,weather-month,sydney,may,no,0,0,,REVIEW*,"NOT reported in capped export — status unknown, may be missing due to 1,000-row cap"
https://www.gotript.com/sydney-weather-in-november,weather-month,sydney,november,no,0,0,,REVIEW*,"NOT reported in capped export — status unknown, may be missing due to 1,000-row cap"
https://www.gotript.com/sydney-weather-in-october,weather-month,sydney,october,no,0,0,,REVIEW*,"NOT reported in capped export — status unknown, may be missing due to 1,000-row cap"
https://www.gotript.com/sydney-weather-in-september,weather-month,sydney,september,no,0,0,,REVIEW*,"NOT reported in capped export — status unknown, may be missing due to 1,000-row cap"
https://www.gotript.com/taipei-weather-in-april,weather-month,taipei,april,no,0,0,,REVIEW*,"NOT reported in capped export — status unknown, may be missing due to 1,000-row cap"
https://www.gotript.com/taipei-weather-in-august,weather-month,taipei,august,no,0,0,,REVIEW*,"NOT reported in capped export — status unknown, may be missing due to 1,000-row cap"
https://www.gotript.com/taipei-weather-in-december,weather-month,taipei,december,no,0,0,,REVIEW*,"NOT reported in capped export — status unknown, may be missing due to 1,000-row cap"
https://www.gotript.com/taipei-weather-in-february,weather-month,taipei,february,no,0,0,,REVIEW*,"NOT reported in capped export — status unknown, may be missing due to 1,000-row cap"
https://www.gotript.com/taipei-weather-in-january,weather-month,taipei,january,no,0,0,,REVIEW*,"NOT reported in capped export — status unknown, may be missing due to 1,000-row cap"
https://www.gotript.com/taipei-weather-in-july,weather-month,taipei,july,no,0,0,,REVIEW*,"NOT reported in capped export — status unknown, may be missing due to 1,000-row cap"
https://www.gotript.com/taipei-weather-in-june,weather-month,taipei,june,no,0,0,,REVIEW*,"NOT reported in capped export — status unknown, may be missing due to 1,000-row cap"
https://www.gotript.com/taipei-weather-in-march,weather-month,taipei,march,no,0,0,,REVIEW*,"NOT reported in capped export — status unknown, may be missing due to 1,000-row cap"
https://www.gotript.com/taipei-weather-in-may,weather-month,taipei,may,no,0,0,,REVIEW*,"NOT reported in capped export — status unknown, may be missing due to 1,000-row cap"
https://www.gotript.com/taipei-weather-in-november,weather-month,taipei,november,no,0,0,,REVIEW*,"NOT reported in capped export — status unknown, may be missing due to 1,000-row cap"
https://www.gotript.com/taipei-weather-in-october,weather-month,taipei,october,no,0,0,,REVIEW*,"NOT reported in capped export — status unknown, may be missing due to 1,000-row cap"
https://www.gotript.com/taipei-weather-in-september,weather-month,taipei,september,no,0,0,,REVIEW*,"NOT reported in capped export — status unknown, may be missing due to 1,000-row cap"
https://www.gotript.com/tallinn-weather-in-august,weather-month,tallinn,august,no,0,0,,REVIEW*,"NOT reported in capped export — status unknown, may be missing due to 1,000-row cap"
https://www.gotript.com/tallinn-weather-in-december,weather-month,tallinn,december,no,0,0,,REVIEW*,"NOT reported in capped export — status unknown, may be missing due to 1,000-row cap"
https://www.gotript.com/tallinn-weather-in-february,weather-month,tallinn,february,no,0,0,,REVIEW*,"NOT reported in capped export — status unknown, may be missing due to 1,000-row cap"
https://www.gotript.com/tallinn-weather-in-january,weather-month,tallinn,january,no,0,0,,REVIEW*,"NOT reported in capped export — status unknown, may be missing due to 1,000-row cap"
https://www.gotript.com/tallinn-weather-in-july,weather-month,tallinn,july,no,0,0,,REVIEW*,"NOT reported in capped export — status unknown, may be missing due to 1,000-row cap"
https://www.gotript.com/tallinn-weather-in-june,weather-month,tallinn,june,no,0,0,,REVIEW*,"NOT reported in capped export — status unknown, may be missing due to 1,000-row cap"
https://www.gotript.com/tallinn-weather-in-march,weather-month,tallinn,march,no,0,0,,REVIEW*,"NOT reported in capped export — status unknown, may be missing due to 1,000-row cap"
https://www.gotript.com/tallinn-weather-in-may,weather-month,tallinn,may,no,0,0,,REVIEW*,"NOT reported in capped export — status unknown, may be missing due to 1,000-row cap"
https://www.gotript.com/tallinn-weather-in-november,weather-month,tallinn,november,no,0,0,,REVIEW*,"NOT reported in capped export — status unknown, may be missing due to 1,000-row cap"
https://www.gotript.com/tallinn-weather-in-september,weather-month,tallinn,september,no,0,0,,REVIEW*,"NOT reported in capped export — status unknown, may be missing due to 1,000-row cap"
https://www.gotript.com/tel-aviv-weather-in-august,weather-month,tel-aviv,august,no,0,0,,REVIEW*,"NOT reported in capped export — status unknown, may be missing due to 1,000-row cap"
https://www.gotript.com/tel-aviv-weather-in-february,weather-month,tel-aviv,february,no,0,0,,REVIEW*,"NOT reported in capped export — status unknown, may be missing due to 1,000-row cap"
https://www.gotript.com/tel-aviv-weather-in-july,weather-month,tel-aviv,july,no,0,0,,REVIEW*,"NOT reported in capped export — status unknown, may be missing due to 1,000-row cap"
https://www.gotript.com/tel-aviv-weather-in-june,weather-month,tel-aviv,june,no,0,0,,REVIEW*,"NOT reported in capped export — status unknown, may be missing due to 1,000-row cap"
https://www.gotript.com/tel-aviv-weather-in-march,weather-month,tel-aviv,march,no,0,0,,REVIEW*,"NOT reported in capped export — status unknown, may be missing due to 1,000-row cap"
https://www.gotript.com/tel-aviv-weather-in-may,weather-month,tel-aviv,may,no,0,0,,REVIEW*,"NOT reported in capped export — status unknown, may be missing due to 1,000-row cap"
https://www.gotript.com/tel-aviv-weather-in-november,weather-month,tel-aviv,november,no,0,0,,REVIEW*,"NOT reported in capped export — status unknown, may be missing due to 1,000-row cap"
https://www.gotript.com/tel-aviv-weather-in-october,weather-month,tel-aviv,october,no,0,0,,REVIEW*,"NOT reported in capped export — status unknown, may be missing due to 1,000-row cap"
https://www.gotript.com/tel-aviv-weather-in-september,weather-month,tel-aviv,september,no,0,0,,REVIEW*,"NOT reported in capped export — status unknown, may be missing due to 1,000-row cap"
https://www.gotript.com/tokyo-weather-in-april,weather-month,tokyo,april,no,0,0,,REVIEW*,"NOT reported in capped export — status unknown, may be missing due to 1,000-row cap"
https://www.gotript.com/tokyo-weather-in-december,weather-month,tokyo,december,no,0,0,,REVIEW*,"NOT reported in capped export — status unknown, may be missing due to 1,000-row cap"
https://www.gotript.com/tokyo-weather-in-february,weather-month,tokyo,february,no,0,0,,REVIEW*,"NOT reported in capped export — status unknown, may be missing due to 1,000-row cap"
https://www.gotript.com/tokyo-weather-in-january,weather-month,tokyo,january,no,0,0,,REVIEW*,"NOT reported in capped export — status unknown, may be missing due to 1,000-row cap"
https://www.gotript.com/tokyo-weather-in-june,weather-month,tokyo,june,no,0,0,,REVIEW*,"NOT reported in capped export — status unknown, may be missing due to 1,000-row cap"
https://www.gotript.com/tokyo-weather-in-march,weather-month,tokyo,march,no,0,0,,REVIEW*,"NOT reported in capped export — status unknown, may be missing due to 1,000-row cap"
https://www.gotript.com/tokyo-weather-in-may,weather-month,tokyo,may,no,0,0,,REVIEW*,"NOT reported in capped export — status unknown, may be missing due to 1,000-row cap"
https://www.gotript.com/tokyo-weather-in-november,weather-month,tokyo,november,no,0,0,,REVIEW*,"NOT reported in capped export — status unknown, may be missing due to 1,000-row cap"
https://www.gotript.com/tokyo-weather-in-october,weather-month,tokyo,october,no,0,0,,REVIEW*,"NOT reported in capped export — status unknown, may be missing due to 1,000-row cap"
https://www.gotript.com/tokyo-weather-in-september,weather-month,tokyo,september,no,0,0,,REVIEW*,"NOT reported in capped export — status unknown, may be missing due to 1,000-row cap"
https://www.gotript.com/toronto-weather-in-april,weather-month,toronto,april,no,0,0,,REVIEW*,"NOT reported in capped export — status unknown, may be missing due to 1,000-row cap"
https://www.gotript.com/toronto-weather-in-august,weather-month,toronto,august,no,0,0,,REVIEW*,"NOT reported in capped export — status unknown, may be missing due to 1,000-row cap"
https://www.gotript.com/toronto-weather-in-december,weather-month,toronto,december,no,0,0,,REVIEW*,"NOT reported in capped export — status unknown, may be missing due to 1,000-row cap"
https://www.gotript.com/toronto-weather-in-february,weather-month,toronto,february,no,0,0,,REVIEW*,"NOT reported in capped export — status unknown, may be missing due to 1,000-row cap"
https://www.gotript.com/toronto-weather-in-january,weather-month,toronto,january,no,0,0,,REVIEW*,"NOT reported in capped export — status unknown, may be missing due to 1,000-row cap"
https://www.gotript.com/toronto-weather-in-july,weather-month,toronto,july,no,0,0,,REVIEW*,"NOT reported in capped export — status unknown, may be missing due to 1,000-row cap"
https://www.gotript.com/toronto-weather-in-june,weather-month,toronto,june,no,0,0,,REVIEW*,"NOT reported in capped export — status unknown, may be missing due to 1,000-row cap"
https://www.gotript.com/toronto-weather-in-may,weather-month,toronto,may,no,0,0,,REVIEW*,"NOT reported in capped export — status unknown, may be missing due to 1,000-row cap"
https://www.gotript.com/toronto-weather-in-november,weather-month,toronto,november,no,0,0,,REVIEW*,"NOT reported in capped export — status unknown, may be missing due to 1,000-row cap"
https://www.gotript.com/toronto-weather-in-october,weather-month,toronto,october,no,0,0,,REVIEW*,"NOT reported in capped export — status unknown, may be missing due to 1,000-row cap"
https://www.gotript.com/toronto-weather-in-september,weather-month,toronto,september,no,0,0,,REVIEW*,"NOT reported in capped export — status unknown, may be missing due to 1,000-row cap"
https://www.gotript.com/tulum-weather-in-april,weather-month,tulum,april,no,0,0,,REVIEW*,"NOT reported in capped export — status unknown, may be missing due to 1,000-row cap"
https://www.gotript.com/tulum-weather-in-august,weather-month,tulum,august,no,0,0,,REVIEW*,"NOT reported in capped export — status unknown, may be missing due to 1,000-row cap"
https://www.gotript.com/tulum-weather-in-december,weather-month,tulum,december,no,0,0,,REVIEW*,"NOT reported in capped export — status unknown, may be missing due to 1,000-row cap"
https://www.gotript.com/tulum-weather-in-february,weather-month,tulum,february,no,0,0,,REVIEW*,"NOT reported in capped export — status unknown, may be missing due to 1,000-row cap"
https://www.gotript.com/tulum-weather-in-january,weather-month,tulum,january,no,0,0,,REVIEW*,"NOT reported in capped export — status unknown, may be missing due to 1,000-row cap"
https://www.gotript.com/tulum-weather-in-july,weather-month,tulum,july,no,0,0,,REVIEW*,"NOT reported in capped export — status unknown, may be missing due to 1,000-row cap"
https://www.gotript.com/tulum-weather-in-march,weather-month,tulum,march,no,0,0,,REVIEW*,"NOT reported in capped export — status unknown, may be missing due to 1,000-row cap"
https://www.gotript.com/tulum-weather-in-may,weather-month,tulum,may,no,0,0,,REVIEW*,"NOT reported in capped export — status unknown, may be missing due to 1,000-row cap"
https://www.gotript.com/tulum-weather-in-november,weather-month,tulum,november,no,0,0,,REVIEW*,"NOT reported in capped export — status unknown, may be missing due to 1,000-row cap"
https://www.gotript.com/tulum-weather-in-october,weather-month,tulum,october,no,0,0,,REVIEW*,"NOT reported in capped export — status unknown, may be missing due to 1,000-row cap"
https://www.gotript.com/tulum-weather-in-september,weather-month,tulum,september,no,0,0,,REVIEW*,"NOT reported in capped export — status unknown, may be missing due to 1,000-row cap"
https://www.gotript.com/udaipur-weather-in-april,weather-month,udaipur,april,no,0,0,,REVIEW*,"NOT reported in capped export — status unknown, may be missing due to 1,000-row cap"
https://www.gotript.com/udaipur-weather-in-february,weather-month,udaipur,february,no,0,0,,REVIEW*,"NOT reported in capped export — status unknown, may be missing due to 1,000-row cap"
https://www.gotript.com/udaipur-weather-in-january,weather-month,udaipur,january,no,0,0,,REVIEW*,"NOT reported in capped export — status unknown, may be missing due to 1,000-row cap"
https://www.gotript.com/udaipur-weather-in-july,weather-month,udaipur,july,no,0,0,,REVIEW*,"NOT reported in capped export — status unknown, may be missing due to 1,000-row cap"
https://www.gotript.com/udaipur-weather-in-june,weather-month,udaipur,june,no,0,0,,REVIEW*,"NOT reported in capped export — status unknown, may be missing due to 1,000-row cap"
https://www.gotript.com/udaipur-weather-in-march,weather-month,udaipur,march,no,0,0,,REVIEW*,"NOT reported in capped export — status unknown, may be missing due to 1,000-row cap"
https://www.gotript.com/udaipur-weather-in-november,weather-month,udaipur,november,no,0,0,,REVIEW*,"NOT reported in capped export — status unknown, may be missing due to 1,000-row cap"
https://www.gotript.com/udaipur-weather-in-october,weather-month,udaipur,october,no,0,0,,REVIEW*,"NOT reported in capped export — status unknown, may be missing due to 1,000-row cap"
https://www.gotript.com/udaipur-weather-in-september,weather-month,udaipur,september,no,0,0,,REVIEW*,"NOT reported in capped export — status unknown, may be missing due to 1,000-row cap"
https://www.gotript.com/ushuaia-weather-in-april,weather-month,ushuaia,april,no,0,0,,REVIEW*,"NOT reported in capped export — status unknown, may be missing due to 1,000-row cap"
https://www.gotript.com/ushuaia-weather-in-august,weather-month,ushuaia,august,no,0,0,,REVIEW*,"NOT reported in capped export — status unknown, may be missing due to 1,000-row cap"
https://www.gotript.com/ushuaia-weather-in-february,weather-month,ushuaia,february,no,0,0,,REVIEW*,"NOT reported in capped export — status unknown, may be missing due to 1,000-row cap"
https://www.gotript.com/ushuaia-weather-in-january,weather-month,ushuaia,january,no,0,0,,REVIEW*,"NOT reported in capped export — status unknown, may be missing due to 1,000-row cap"
https://www.gotript.com/ushuaia-weather-in-july,weather-month,ushuaia,july,no,0,0,,REVIEW*,"NOT reported in capped export — status unknown, may be missing due to 1,000-row cap"
https://www.gotript.com/ushuaia-weather-in-june,weather-month,ushuaia,june,no,0,0,,REVIEW*,"NOT reported in capped export — status unknown, may be missing due to 1,000-row cap"
https://www.gotript.com/ushuaia-weather-in-march,weather-month,ushuaia,march,no,0,0,,REVIEW*,"NOT reported in capped export — status unknown, may be missing due to 1,000-row cap"
https://www.gotript.com/ushuaia-weather-in-may,weather-month,ushuaia,may,no,0,0,,REVIEW*,"NOT reported in capped export — status unknown, may be missing due to 1,000-row cap"
https://www.gotript.com/ushuaia-weather-in-november,weather-month,ushuaia,november,no,0,0,,REVIEW*,"NOT reported in capped export — status unknown, may be missing due to 1,000-row cap"
https://www.gotript.com/ushuaia-weather-in-october,weather-month,ushuaia,october,no,0,0,,REVIEW*,"NOT reported in capped export — status unknown, may be missing due to 1,000-row cap"
https://www.gotript.com/ushuaia-weather-in-september,weather-month,ushuaia,september,no,0,0,,REVIEW*,"NOT reported in capped export — status unknown, may be missing due to 1,000-row cap"
https://www.gotript.com/valencia-weather-in-april,weather-month,valencia,april,no,0,0,,REVIEW*,"NOT reported in capped export — status unknown, may be missing due to 1,000-row cap"
https://www.gotript.com/valencia-weather-in-december,weather-month,valencia,december,no,0,0,,REVIEW*,"NOT reported in capped export — status unknown, may be missing due to 1,000-row cap"
https://www.gotript.com/valencia-weather-in-february,weather-month,valencia,february,no,0,0,,REVIEW*,"NOT reported in capped export — status unknown, may be missing due to 1,000-row cap"
https://www.gotript.com/valencia-weather-in-january,weather-month,valencia,january,no,0,0,,REVIEW*,"NOT reported in capped export — status unknown, may be missing due to 1,000-row cap"
https://www.gotript.com/valencia-weather-in-july,weather-month,valencia,july,no,0,0,,REVIEW*,"NOT reported in capped export — status unknown, may be missing due to 1,000-row cap"
https://www.gotript.com/valencia-weather-in-june,weather-month,valencia,june,no,0,0,,REVIEW*,"NOT reported in capped export — status unknown, may be missing due to 1,000-row cap"
https://www.gotript.com/valencia-weather-in-march,weather-month,valencia,march,no,0,0,,REVIEW*,"NOT reported in capped export — status unknown, may be missing due to 1,000-row cap"
https://www.gotript.com/valencia-weather-in-may,weather-month,valencia,may,no,0,0,,REVIEW*,"NOT reported in capped export — status unknown, may be missing due to 1,000-row cap"
https://www.gotript.com/valencia-weather-in-november,weather-month,valencia,november,no,0,0,,REVIEW*,"NOT reported in capped export — status unknown, may be missing due to 1,000-row cap"
https://www.gotript.com/valencia-weather-in-october,weather-month,valencia,october,no,0,0,,REVIEW*,"NOT reported in capped export — status unknown, may be missing due to 1,000-row cap"
https://www.gotript.com/valencia-weather-in-september,weather-month,valencia,september,no,0,0,,REVIEW*,"NOT reported in capped export — status unknown, may be missing due to 1,000-row cap"
https://www.gotript.com/vancouver-weather-in-april,weather-month,vancouver,april,no,0,0,,REVIEW*,"NOT reported in capped export — status unknown, may be missing due to 1,000-row cap"
https://www.gotript.com/vancouver-weather-in-february,weather-month,vancouver,february,no,0,0,,REVIEW*,"NOT reported in capped export — status unknown, may be missing due to 1,000-row cap"
https://www.gotript.com/vancouver-weather-in-january,weather-month,vancouver,january,no,0,0,,REVIEW*,"NOT reported in capped export — status unknown, may be missing due to 1,000-row cap"
https://www.gotript.com/vancouver-weather-in-july,weather-month,vancouver,july,no,0,0,,REVIEW*,"NOT reported in capped export — status unknown, may be missing due to 1,000-row cap"
https://www.gotript.com/vancouver-weather-in-march,weather-month,vancouver,march,no,0,0,,REVIEW*,"NOT reported in capped export — status unknown, may be missing due to 1,000-row cap"
https://www.gotript.com/vancouver-weather-in-may,weather-month,vancouver,may,no,0,0,,REVIEW*,"NOT reported in capped export — status unknown, may be missing due to 1,000-row cap"
https://www.gotript.com/vancouver-weather-in-november,weather-month,vancouver,november,no,0,0,,REVIEW*,"NOT reported in capped export — status unknown, may be missing due to 1,000-row cap"
https://www.gotript.com/varanasi-weather-in-april,weather-month,varanasi,april,no,0,0,,REVIEW*,"NOT reported in capped export — status unknown, may be missing due to 1,000-row cap"
https://www.gotript.com/varanasi-weather-in-december,weather-month,varanasi,december,no,0,0,,REVIEW*,"NOT reported in capped export — status unknown, may be missing due to 1,000-row cap"
https://www.gotript.com/varanasi-weather-in-february,weather-month,varanasi,february,no,0,0,,REVIEW*,"NOT reported in capped export — status unknown, may be missing due to 1,000-row cap"
https://www.gotript.com/varanasi-weather-in-january,weather-month,varanasi,january,no,0,0,,REVIEW*,"NOT reported in capped export — status unknown, may be missing due to 1,000-row cap"
https://www.gotript.com/varanasi-weather-in-july,weather-month,varanasi,july,no,0,0,,REVIEW*,"NOT reported in capped export — status unknown, may be missing due to 1,000-row cap"
https://www.gotript.com/varanasi-weather-in-june,weather-month,varanasi,june,no,0,0,,REVIEW*,"NOT reported in capped export — status unknown, may be missing due to 1,000-row cap"
https://www.gotript.com/varanasi-weather-in-may,weather-month,varanasi,may,no,0,0,,REVIEW*,"NOT reported in capped export — status unknown, may be missing due to 1,000-row cap"
https://www.gotript.com/varanasi-weather-in-november,weather-month,varanasi,november,no,0,0,,REVIEW*,"NOT reported in capped export — status unknown, may be missing due to 1,000-row cap"
https://www.gotript.com/varanasi-weather-in-october,weather-month,varanasi,october,no,0,0,,REVIEW*,"NOT reported in capped export — status unknown, may be missing due to 1,000-row cap"
https://www.gotript.com/varanasi-weather-in-september,weather-month,varanasi,september,no,0,0,,REVIEW*,"NOT reported in capped export — status unknown, may be missing due to 1,000-row cap"
https://www.gotript.com/venice-weather-in-april,weather-month,venice,april,no,0,0,,REVIEW*,"NOT reported in capped export — status unknown, may be missing due to 1,000-row cap"
https://www.gotript.com/venice-weather-in-august,weather-month,venice,august,no,0,0,,REVIEW*,"NOT reported in capped export — status unknown, may be missing due to 1,000-row cap"
https://www.gotript.com/venice-weather-in-december,weather-month,venice,december,no,0,0,,REVIEW*,"NOT reported in capped export — status unknown, may be missing due to 1,000-row cap"
https://www.gotript.com/venice-weather-in-february,weather-month,venice,february,no,0,0,,REVIEW*,"NOT reported in capped export — status unknown, may be missing due to 1,000-row cap"
https://www.gotript.com/venice-weather-in-july,weather-month,venice,july,no,0,0,,REVIEW*,"NOT reported in capped export — status unknown, may be missing due to 1,000-row cap"
https://www.gotript.com/venice-weather-in-june,weather-month,venice,june,no,0,0,,REVIEW*,"NOT reported in capped export — status unknown, may be missing due to 1,000-row cap"
https://www.gotript.com/venice-weather-in-march,weather-month,venice,march,no,0,0,,REVIEW*,"NOT reported in capped export — status unknown, may be missing due to 1,000-row cap"
https://www.gotript.com/venice-weather-in-may,weather-month,venice,may,no,0,0,,REVIEW*,"NOT reported in capped export — status unknown, may be missing due to 1,000-row cap"
https://www.gotript.com/venice-weather-in-october,weather-month,venice,october,no,0,0,,REVIEW*,"NOT reported in capped export — status unknown, may be missing due to 1,000-row cap"
https://www.gotript.com/verona-weather-in-april,weather-month,verona,april,no,0,0,,REVIEW*,"NOT reported in capped export — status unknown, may be missing due to 1,000-row cap"
https://www.gotript.com/verona-weather-in-august,weather-month,verona,august,no,0,0,,REVIEW*,"NOT reported in capped export — status unknown, may be missing due to 1,000-row cap"
https://www.gotript.com/verona-weather-in-december,weather-month,verona,december,no,0,0,,REVIEW*,"NOT reported in capped export — status unknown, may be missing due to 1,000-row cap"
https://www.gotript.com/verona-weather-in-january,weather-month,verona,january,no,0,0,,REVIEW*,"NOT reported in capped export — status unknown, may be missing due to 1,000-row cap"
https://www.gotript.com/verona-weather-in-july,weather-month,verona,july,no,0,0,,REVIEW*,"NOT reported in capped export — status unknown, may be missing due to 1,000-row cap"
https://www.gotript.com/verona-weather-in-june,weather-month,verona,june,no,0,0,,REVIEW*,"NOT reported in capped export — status unknown, may be missing due to 1,000-row cap"
https://www.gotript.com/verona-weather-in-march,weather-month,verona,march,no,0,0,,REVIEW*,"NOT reported in capped export — status unknown, may be missing due to 1,000-row cap"
https://www.gotript.com/verona-weather-in-may,weather-month,verona,may,no,0,0,,REVIEW*,"NOT reported in capped export — status unknown, may be missing due to 1,000-row cap"
https://www.gotript.com/verona-weather-in-november,weather-month,verona,november,no,0,0,,REVIEW*,"NOT reported in capped export — status unknown, may be missing due to 1,000-row cap"
https://www.gotript.com/verona-weather-in-october,weather-month,verona,october,no,0,0,,REVIEW*,"NOT reported in capped export — status unknown, may be missing due to 1,000-row cap"
https://www.gotript.com/verona-weather-in-september,weather-month,verona,september,no,0,0,,REVIEW*,"NOT reported in capped export — status unknown, may be missing due to 1,000-row cap"
https://www.gotript.com/victoria-falls-weather-in-april,weather-month,victoria-falls,april,no,0,0,,REVIEW*,"NOT reported in capped export — status unknown, may be missing due to 1,000-row cap"
https://www.gotript.com/victoria-falls-weather-in-august,weather-month,victoria-falls,august,no,0,0,,REVIEW*,"NOT reported in capped export — status unknown, may be missing due to 1,000-row cap"
https://www.gotript.com/victoria-falls-weather-in-december,weather-month,victoria-falls,december,no,0,0,,REVIEW*,"NOT reported in capped export — status unknown, may be missing due to 1,000-row cap"
https://www.gotript.com/victoria-falls-weather-in-february,weather-month,victoria-falls,february,no,0,0,,REVIEW*,"NOT reported in capped export — status unknown, may be missing due to 1,000-row cap"
https://www.gotript.com/victoria-falls-weather-in-january,weather-month,victoria-falls,january,no,0,0,,REVIEW*,"NOT reported in capped export — status unknown, may be missing due to 1,000-row cap"
https://www.gotript.com/victoria-falls-weather-in-july,weather-month,victoria-falls,july,no,0,0,,REVIEW*,"NOT reported in capped export — status unknown, may be missing due to 1,000-row cap"
https://www.gotript.com/victoria-falls-weather-in-june,weather-month,victoria-falls,june,no,0,0,,REVIEW*,"NOT reported in capped export — status unknown, may be missing due to 1,000-row cap"
https://www.gotript.com/victoria-falls-weather-in-march,weather-month,victoria-falls,march,no,0,0,,REVIEW*,"NOT reported in capped export — status unknown, may be missing due to 1,000-row cap"
https://www.gotript.com/victoria-falls-weather-in-may,weather-month,victoria-falls,may,no,0,0,,REVIEW*,"NOT reported in capped export — status unknown, may be missing due to 1,000-row cap"
https://www.gotript.com/victoria-falls-weather-in-november,weather-month,victoria-falls,november,no,0,0,,REVIEW*,"NOT reported in capped export — status unknown, may be missing due to 1,000-row cap"
https://www.gotript.com/victoria-falls-weather-in-october,weather-month,victoria-falls,october,no,0,0,,REVIEW*,"NOT reported in capped export — status unknown, may be missing due to 1,000-row cap"
https://www.gotript.com/victoria-falls-weather-in-september,weather-month,victoria-falls,september,no,0,0,,REVIEW*,"NOT reported in capped export — status unknown, may be missing due to 1,000-row cap"
https://www.gotript.com/vienna-weather-in-april,weather-month,vienna,april,no,0,0,,REVIEW*,"NOT reported in capped export — status unknown, may be missing due to 1,000-row cap"
https://www.gotript.com/vienna-weather-in-december,weather-month,vienna,december,no,0,0,,REVIEW*,"NOT reported in capped export — status unknown, may be missing due to 1,000-row cap"
https://www.gotript.com/vienna-weather-in-january,weather-month,vienna,january,no,0,0,,REVIEW*,"NOT reported in capped export — status unknown, may be missing due to 1,000-row cap"
https://www.gotript.com/vienna-weather-in-march,weather-month,vienna,march,no,0,0,,REVIEW*,"NOT reported in capped export — status unknown, may be missing due to 1,000-row cap"
https://www.gotript.com/vienna-weather-in-october,weather-month,vienna,october,no,0,0,,REVIEW*,"NOT reported in capped export — status unknown, may be missing due to 1,000-row cap"
https://www.gotript.com/vienna-weather-in-september,weather-month,vienna,september,no,0,0,,REVIEW*,"NOT reported in capped export — status unknown, may be missing due to 1,000-row cap"
https://www.gotript.com/warsaw-weather-in-april,weather-month,warsaw,april,no,0,0,,REVIEW*,"NOT reported in capped export — status unknown, may be missing due to 1,000-row cap"
https://www.gotript.com/warsaw-weather-in-august,weather-month,warsaw,august,no,0,0,,REVIEW*,"NOT reported in capped export — status unknown, may be missing due to 1,000-row cap"
https://www.gotript.com/warsaw-weather-in-february,weather-month,warsaw,february,no,0,0,,REVIEW*,"NOT reported in capped export — status unknown, may be missing due to 1,000-row cap"
https://www.gotript.com/warsaw-weather-in-january,weather-month,warsaw,january,no,0,0,,REVIEW*,"NOT reported in capped export — status unknown, may be missing due to 1,000-row cap"
https://www.gotript.com/warsaw-weather-in-july,weather-month,warsaw,july,no,0,0,,REVIEW*,"NOT reported in capped export — status unknown, may be missing due to 1,000-row cap"
https://www.gotript.com/warsaw-weather-in-june,weather-month,warsaw,june,no,0,0,,REVIEW*,"NOT reported in capped export — status unknown, may be missing due to 1,000-row cap"
https://www.gotript.com/warsaw-weather-in-march,weather-month,warsaw,march,no,0,0,,REVIEW*,"NOT reported in capped export — status unknown, may be missing due to 1,000-row cap"
https://www.gotript.com/warsaw-weather-in-may,weather-month,warsaw,may,no,0,0,,REVIEW*,"NOT reported in capped export — status unknown, may be missing due to 1,000-row cap"
https://www.gotript.com/warsaw-weather-in-november,weather-month,warsaw,november,no,0,0,,REVIEW*,"NOT reported in capped export — status unknown, may be missing due to 1,000-row cap"
https://www.gotript.com/washington-dc-weather-in-april,weather-month,washington-dc,april,no,0,0,,REVIEW*,"NOT reported in capped export — status unknown, may be missing due to 1,000-row cap"
https://www.gotript.com/washington-dc-weather-in-august,weather-month,washington-dc,august,no,0,0,,REVIEW*,"NOT reported in capped export — status unknown, may be missing due to 1,000-row cap"
https://www.gotript.com/washington-dc-weather-in-february,weather-month,washington-dc,february,no,0,0,,REVIEW*,"NOT reported in capped export — status unknown, may be missing due to 1,000-row cap"
https://www.gotript.com/washington-dc-weather-in-july,weather-month,washington-dc,july,no,0,0,,REVIEW*,"NOT reported in capped export — status unknown, may be missing due to 1,000-row cap"
https://www.gotript.com/washington-dc-weather-in-march,weather-month,washington-dc,march,no,0,0,,REVIEW*,"NOT reported in capped export — status unknown, may be missing due to 1,000-row cap"
https://www.gotript.com/washington-dc-weather-in-may,weather-month,washington-dc,may,no,0,0,,REVIEW*,"NOT reported in capped export — status unknown, may be missing due to 1,000-row cap"
https://www.gotript.com/washington-dc-weather-in-november,weather-month,washington-dc,november,no,0,0,,REVIEW*,"NOT reported in capped export — status unknown, may be missing due to 1,000-row cap"
https://www.gotript.com/washington-dc-weather-in-september,weather-month,washington-dc,september,no,0,0,,REVIEW*,"NOT reported in capped export — status unknown, may be missing due to 1,000-row cap"
https://www.gotript.com/wellington-weather-in-february,weather-month,wellington,february,no,0,0,,REVIEW*,"NOT reported in capped export — status unknown, may be missing due to 1,000-row cap"
https://www.gotript.com/wellington-weather-in-january,weather-month,wellington,january,no,0,0,,REVIEW*,"NOT reported in capped export — status unknown, may be missing due to 1,000-row cap"
https://www.gotript.com/wellington-weather-in-november,weather-month,wellington,november,no,0,0,,REVIEW*,"NOT reported in capped export — status unknown, may be missing due to 1,000-row cap"
https://www.gotript.com/wengen-weather-in-april,weather-month,wengen,april,no,0,0,,REVIEW*,"NOT reported in capped export — status unknown, may be missing due to 1,000-row cap"
https://www.gotript.com/wengen-weather-in-august,weather-month,wengen,august,no,0,0,,REVIEW*,"NOT reported in capped export — status unknown, may be missing due to 1,000-row cap"
https://www.gotript.com/wengen-weather-in-december,weather-month,wengen,december,no,0,0,,REVIEW*,"NOT reported in capped export — status unknown, may be missing due to 1,000-row cap"
https://www.gotript.com/wengen-weather-in-february,weather-month,wengen,february,no,0,0,,REVIEW*,"NOT reported in capped export — status unknown, may be missing due to 1,000-row cap"
https://www.gotript.com/wengen-weather-in-january,weather-month,wengen,january,no,0,0,,REVIEW*,"NOT reported in capped export — status unknown, may be missing due to 1,000-row cap"
https://www.gotript.com/wengen-weather-in-july,weather-month,wengen,july,no,0,0,,REVIEW*,"NOT reported in capped export — status unknown, may be missing due to 1,000-row cap"
https://www.gotript.com/wengen-weather-in-june,weather-month,wengen,june,no,0,0,,REVIEW*,"NOT reported in capped export — status unknown, may be missing due to 1,000-row cap"
https://www.gotript.com/wengen-weather-in-march,weather-month,wengen,march,no,0,0,,REVIEW*,"NOT reported in capped export — status unknown, may be missing due to 1,000-row cap"
https://www.gotript.com/wengen-weather-in-may,weather-month,wengen,may,no,0,0,,REVIEW*,"NOT reported in capped export — status unknown, may be missing due to 1,000-row cap"
https://www.gotript.com/wengen-weather-in-november,weather-month,wengen,november,no,0,0,,REVIEW*,"NOT reported in capped export — status unknown, may be missing due to 1,000-row cap"
https://www.gotript.com/wengen-weather-in-october,weather-month,wengen,october,no,0,0,,REVIEW*,"NOT reported in capped export — status unknown, may be missing due to 1,000-row cap"
https://www.gotript.com/wengen-weather-in-september,weather-month,wengen,september,no,0,0,,REVIEW*,"NOT reported in capped export — status unknown, may be missing due to 1,000-row cap"
https://www.gotript.com/where-to-go-in-april,where-to-go-month,,april,no,0,0,,REVIEW*,"NOT reported in capped export — status unknown, may be missing due to 1,000-row cap"
https://www.gotript.com/where-to-go-in-august,where-to-go-month,,august,no,0,0,,REVIEW*,"NOT reported in capped export — status unknown, may be missing due to 1,000-row cap"
https://www.gotript.com/where-to-go-in-december,where-to-go-month,,december,no,0,0,,REVIEW*,"NOT reported in capped export — status unknown, may be missing due to 1,000-row cap"
https://www.gotript.com/where-to-go-in-february,where-to-go-month,,february,no,0,0,,REVIEW*,"NOT reported in capped export — status unknown, may be missing due to 1,000-row cap"
https://www.gotript.com/where-to-go-in-january,where-to-go-month,,january,no,0,0,,REVIEW*,"NOT reported in capped export — status unknown, may be missing due to 1,000-row cap"
https://www.gotript.com/where-to-go-in-july,where-to-go-month,,july,no,0,0,,REVIEW*,"NOT reported in capped export — status unknown, may be missing due to 1,000-row cap"
https://www.gotript.com/where-to-go-in-june,where-to-go-month,,june,no,0,0,,REVIEW*,"NOT reported in capped export — status unknown, may be missing due to 1,000-row cap"
https://www.gotript.com/where-to-go-in-march,where-to-go-month,,march,no,0,0,,REVIEW*,"NOT reported in capped export — status unknown, may be missing due to 1,000-row cap"
https://www.gotript.com/where-to-go-in-may,where-to-go-month,,may,no,0,0,,REVIEW*,"NOT reported in capped export — status unknown, may be missing due to 1,000-row cap"
https://www.gotript.com/where-to-go-in-november,where-to-go-month,,november,no,0,0,,REVIEW*,"NOT reported in capped export — status unknown, may be missing due to 1,000-row cap"
https://www.gotript.com/where-to-go-in-october,where-to-go-month,,october,no,0,0,,REVIEW*,"NOT reported in capped export — status unknown, may be missing due to 1,000-row cap"
https://www.gotript.com/where-to-go-in-september,where-to-go-month,,september,no,0,0,,REVIEW*,"NOT reported in capped export — status unknown, may be missing due to 1,000-row cap"
https://www.gotript.com/whistler-weather-in-april,weather-month,whistler,april,no,0,0,,REVIEW*,"NOT reported in capped export — status unknown, may be missing due to 1,000-row cap"
https://www.gotript.com/whistler-weather-in-december,weather-month,whistler,december,no,0,0,,REVIEW*,"NOT reported in capped export — status unknown, may be missing due to 1,000-row cap"
https://www.gotript.com/whistler-weather-in-february,weather-month,whistler,february,no,0,0,,REVIEW*,"NOT reported in capped export — status unknown, may be missing due to 1,000-row cap"
https://www.gotript.com/whistler-weather-in-january,weather-month,whistler,january,no,0,0,,REVIEW*,"NOT reported in capped export — status unknown, may be missing due to 1,000-row cap"
https://www.gotript.com/whistler-weather-in-july,weather-month,whistler,july,no,0,0,,REVIEW*,"NOT reported in capped export — status unknown, may be missing due to 1,000-row cap"
https://www.gotript.com/whistler-weather-in-june,weather-month,whistler,june,no,0,0,,REVIEW*,"NOT reported in capped export — status unknown, may be missing due to 1,000-row cap"
https://www.gotript.com/whistler-weather-in-march,weather-month,whistler,march,no,0,0,,REVIEW*,"NOT reported in capped export — status unknown, may be missing due to 1,000-row cap"
https://www.gotript.com/whistler-weather-in-may,weather-month,whistler,may,no,0,0,,REVIEW*,"NOT reported in capped export — status unknown, may be missing due to 1,000-row cap"
https://www.gotript.com/whistler-weather-in-november,weather-month,whistler,november,no,0,0,,REVIEW*,"NOT reported in capped export — status unknown, may be missing due to 1,000-row cap"
https://www.gotript.com/whistler-weather-in-october,weather-month,whistler,october,no,0,0,,REVIEW*,"NOT reported in capped export — status unknown, may be missing due to 1,000-row cap"
https://www.gotript.com/whistler-weather-in-september,weather-month,whistler,september,no,0,0,,REVIEW*,"NOT reported in capped export — status unknown, may be missing due to 1,000-row cap"
https://www.gotript.com/yogyakarta-weather-in-april,weather-month,yogyakarta,april,no,0,0,,REVIEW*,"NOT reported in capped export — status unknown, may be missing due to 1,000-row cap"
https://www.gotript.com/yogyakarta-weather-in-august,weather-month,yogyakarta,august,no,0,0,,REVIEW*,"NOT reported in capped export — status unknown, may be missing due to 1,000-row cap"
https://www.gotript.com/yogyakarta-weather-in-december,weather-month,yogyakarta,december,no,0,0,,REVIEW*,"NOT reported in capped export — status unknown, may be missing due to 1,000-row cap"
https://www.gotript.com/yogyakarta-weather-in-february,weather-month,yogyakarta,february,no,0,0,,REVIEW*,"NOT reported in capped export — status unknown, may be missing due to 1,000-row cap"
https://www.gotript.com/yogyakarta-weather-in-january,weather-month,yogyakarta,january,no,0,0,,REVIEW*,"NOT reported in capped export — status unknown, may be missing due to 1,000-row cap"
https://www.gotript.com/yogyakarta-weather-in-july,weather-month,yogyakarta,july,no,0,0,,REVIEW*,"NOT reported in capped export — status unknown, may be missing due to 1,000-row cap"
https://www.gotript.com/yogyakarta-weather-in-june,weather-month,yogyakarta,june,no,0,0,,REVIEW*,"NOT reported in capped export — status unknown, may be missing due to 1,000-row cap"
https://www.gotript.com/yogyakarta-weather-in-march,weather-month,yogyakarta,march,no,0,0,,REVIEW*,"NOT reported in capped export — status unknown, may be missing due to 1,000-row cap"
https://www.gotript.com/yogyakarta-weather-in-may,weather-month,yogyakarta,may,no,0,0,,REVIEW*,"NOT reported in capped export — status unknown, may be missing due to 1,000-row cap"
https://www.gotript.com/yogyakarta-weather-in-november,weather-month,yogyakarta,november,no,0,0,,REVIEW*,"NOT reported in capped export — status unknown, may be missing due to 1,000-row cap"
https://www.gotript.com/yogyakarta-weather-in-october,weather-month,yogyakarta,october,no,0,0,,REVIEW*,"NOT reported in capped export — status unknown, may be missing due to 1,000-row cap"
https://www.gotript.com/yogyakarta-weather-in-september,weather-month,yogyakarta,september,no,0,0,,REVIEW*,"NOT reported in capped export — status unknown, may be missing due to 1,000-row cap"
https://www.gotript.com/zanzibar-weather-in-april,weather-month,zanzibar,april,no,0,0,,REVIEW*,"NOT reported in capped export — status unknown, may be missing due to 1,000-row cap"
https://www.gotript.com/zanzibar-weather-in-august,weather-month,zanzibar,august,no,0,0,,REVIEW*,"NOT reported in capped export — status unknown, may be missing due to 1,000-row cap"
https://www.gotript.com/zanzibar-weather-in-december,weather-month,zanzibar,december,no,0,0,,REVIEW*,"NOT reported in capped export — status unknown, may be missing due to 1,000-row cap"
https://www.gotript.com/zanzibar-weather-in-february,weather-month,zanzibar,february,no,0,0,,REVIEW*,"NOT reported in capped export — status unknown, may be missing due to 1,000-row cap"
https://www.gotript.com/zanzibar-weather-in-july,weather-month,zanzibar,july,no,0,0,,REVIEW*,"NOT reported in capped export — status unknown, may be missing due to 1,000-row cap"
https://www.gotript.com/zanzibar-weather-in-march,weather-month,zanzibar,march,no,0,0,,REVIEW*,"NOT reported in capped export — status unknown, may be missing due to 1,000-row cap"
https://www.gotript.com/zanzibar-weather-in-may,weather-month,zanzibar,may,no,0,0,,REVIEW*,"NOT reported in capped export — status unknown, may be missing due to 1,000-row cap"
https://www.gotript.com/zanzibar-weather-in-november,weather-month,zanzibar,november,no,0,0,,REVIEW*,"NOT reported in capped export — status unknown, may be missing due to 1,000-row cap"
https://www.gotript.com/zanzibar-weather-in-october,weather-month,zanzibar,october,no,0,0,,REVIEW*,"NOT reported in capped export — status unknown, may be missing due to 1,000-row cap"
https://www.gotript.com/zanzibar-weather-in-september,weather-month,zanzibar,september,no,0,0,,REVIEW*,"NOT reported in capped export — status unknown, may be missing due to 1,000-row cap"
https://www.gotript.com/zermatt-weather-in-april,weather-month,zermatt,april,no,0,0,,REVIEW*,"NOT reported in capped export — status unknown, may be missing due to 1,000-row cap"
https://www.gotript.com/zermatt-weather-in-august,weather-month,zermatt,august,no,0,0,,REVIEW*,"NOT reported in capped export — status unknown, may be missing due to 1,000-row cap"
https://www.gotript.com/zermatt-weather-in-december,weather-month,zermatt,december,no,0,0,,REVIEW*,"NOT reported in capped export — status unknown, may be missing due to 1,000-row cap"
https://www.gotript.com/zermatt-weather-in-february,weather-month,zermatt,february,no,0,0,,REVIEW*,"NOT reported in capped export — status unknown, may be missing due to 1,000-row cap"
https://www.gotript.com/zermatt-weather-in-january,weather-month,zermatt,january,no,0,0,,REVIEW*,"NOT reported in capped export — status unknown, may be missing due to 1,000-row cap"
https://www.gotript.com/zermatt-weather-in-july,weather-month,zermatt,july,no,0,0,,REVIEW*,"NOT reported in capped export — status unknown, may be missing due to 1,000-row cap"
https://www.gotript.com/zermatt-weather-in-march,weather-month,zermatt,march,no,0,0,,REVIEW*,"NOT reported in capped export — status unknown, may be missing due to 1,000-row cap"
https://www.gotript.com/zermatt-weather-in-may,weather-month,zermatt,may,no,0,0,,REVIEW*,"NOT reported in capped export — status unknown, may be missing due to 1,000-row cap"
https://www.gotript.com/zermatt-weather-in-november,weather-month,zermatt,november,no,0,0,,REVIEW*,"NOT reported in capped export — status unknown, may be missing due to 1,000-row cap"
https://www.gotript.com/zermatt-weather-in-october,weather-month,zermatt,october,no,0,0,,REVIEW*,"NOT reported in capped export — status unknown, may be missing due to 1,000-row cap"
https://www.gotript.com/zermatt-weather-in-september,weather-month,zermatt,september,no,0,0,,REVIEW*,"NOT reported in capped export — status unknown, may be missing due to 1,000-row cap"
https://www.gotript.com/zurich-weather-in-april,weather-month,zurich,april,no,0,0,,REVIEW*,"NOT reported in capped export — status unknown, may be missing due to 1,000-row cap"
https://www.gotript.com/zurich-weather-in-august,weather-month,zurich,august,no,0,0,,REVIEW*,"NOT reported in capped export — status unknown, may be missing due to 1,000-row cap"
https://www.gotript.com/zurich-weather-in-december,weather-month,zurich,december,no,0,0,,REVIEW*,"NOT reported in capped export — status unknown, may be missing due to 1,000-row cap"
https://www.gotript.com/zurich-weather-in-february,weather-month,zurich,february,no,0,0,,REVIEW*,"NOT reported in capped export — status unknown, may be missing due to 1,000-row cap"
https://www.gotript.com/zurich-weather-in-january,weather-month,zurich,january,no,0,0,,REVIEW*,"NOT reported in capped export — status unknown, may be missing due to 1,000-row cap"
https://www.gotript.com/zurich-weather-in-july,weather-month,zurich,july,no,0,0,,REVIEW*,"NOT reported in capped export — status unknown, may be missing due to 1,000-row cap"
https://www.gotript.com/zurich-weather-in-june,weather-month,zurich,june,no,0,0,,REVIEW*,"NOT reported in capped export — status unknown, may be missing due to 1,000-row cap"
https://www.gotript.com/zurich-weather-in-march,weather-month,zurich,march,no,0,0,,REVIEW*,"NOT reported in capped export — status unknown, may be missing due to 1,000-row cap"
https://www.gotript.com/zurich-weather-in-may,weather-month,zurich,may,no,0,0,,REVIEW*,"NOT reported in capped export — status unknown, may be missing due to 1,000-row cap"
https://www.gotript.com/zurich-weather-in-november,weather-month,zurich,november,no,0,0,,REVIEW*,"NOT reported in capped export — status unknown, may be missing due to 1,000-row cap"
https://www.gotript.com/zurich-weather-in-october,weather-month,zurich,october,no,0,0,,REVIEW*,"NOT reported in capped export — status unknown, may be missing due to 1,000-row cap"
